,CO(GT),PT08.S1(CO),C6H6(GT),PT08.S2(NMHC),NOx(GT),NO2(GT),PT08.S4(NO2),PT08.S5(O3),T,RH,AH,year,month,day,day_of_week,hour
0,2.6,1360,11.9,1046,166,113,1692,1268,13.6,48.9,0.7578,2004,3,10,3,18
1,2.0,1292,9.4,955,103,92,1559,972,13.3,47.7,0.7255,2004,3,10,3,19
2,2.2,1402,9.0,939,131,114,1555,1074,11.9,54.0,0.7502,2004,3,10,3,20
3,2.2,1376,9.2,948,172,122,1584,1203,11.0,60.0,0.7867,2004,3,10,3,21
4,1.6,1272,6.5,836,131,116,1490,1110,11.2,59.6,0.7888,2004,3,10,3,22
5,1.2,1197,4.7,750,89,96,1393,949,11.2,59.2,0.7848,2004,3,10,3,23
6,1.2,1185,3.6,690,62,77,1333,733,11.3,56.8,0.7603,2004,3,11,4,0
7,1.0,1136,3.3,672,62,76,1333,730,10.7,60.0,0.7702,2004,3,11,4,1
8,0.9,1094,2.3,609,45,60,1276,620,10.7,59.7,0.7648,2004,3,11,4,2
9,0.6,1010,1.7,561,141,96,1235,501,10.3,60.2,0.7517,2004,3,11,4,3
10,1.5,1011,1.3,527,21,34,1197,445,10.1,60.5,0.7465,2004,3,11,4,4
11,0.7,1066,1.1,512,16,28,1182,422,11.0,56.2,0.7366,2004,3,11,4,5
12,0.7,1052,1.6,553,34,48,1221,472,10.5,58.1,0.7353,2004,3,11,4,6
13,1.1,1144,3.2,667,98,82,1339,730,10.2,59.6,0.7417,2004,3,11,4,7
14,2.0,1333,8.0,900,174,112,1517,1102,10.8,57.4,0.7408,2004,3,11,4,8
15,2.2,1351,9.5,960,129,101,1583,1028,10.5,60.6,0.7691,2004,3,11,4,9
16,1.7,1233,6.3,827,112,98,1446,860,10.8,58.4,0.7552,2004,3,11,4,10
17,1.5,1179,5.0,762,95,92,1362,671,10.5,57.9,0.7352,2004,3,11,4,11
18,1.6,1236,5.2,774,104,95,1401,664,9.5,66.8,0.7951,2004,3,11,4,12
19,1.9,1286,7.3,869,146,112,1537,799,8.3,76.4,0.8393,2004,3,11,4,13
20,2.9,1371,11.5,1034,207,128,1730,1037,8.0,81.1,0.8736,2004,3,11,4,14
21,2.2,1310,8.8,933,184,126,1647,946,8.3,79.8,0.8778,2004,3,11,4,15
22,2.2,1292,8.3,912,193,131,1591,957,9.7,71.2,0.8569,2004,3,11,4,16
23,2.9,1383,11.2,1020,243,135,1719,1104,9.8,67.6,0.8185,2004,3,11,4,17
24,4.8,1581,20.8,1319,281,151,2083,1409,10.3,64.2,0.8065,2004,3,11,4,18
25,6.9,1776,27.4,1488,383,172,2333,1704,9.7,69.3,0.8319,2004,3,11,4,19
26,6.1,1640,24.0,1404,351,165,2191,1654,9.6,67.8,0.8133,2004,3,11,4,20
27,3.9,1313,12.8,1076,240,136,1707,1285,9.1,64.0,0.7419,2004,3,11,4,21
28,1.5,965,4.7,749,94,85,1333,821,8.2,63.4,0.6905,2004,3,11,4,22
29,1.0,913,2.6,629,47,53,1252,552,8.2,60.8,0.6657,2004,3,11,4,23
30,1.7,1080,5.9,805,122,97,1375,816,8.3,58.5,0.6438,2004,3,12,5,0
31,1.9,1044,6.4,829,133,110,1378,832,7.7,59.7,0.6308,2004,3,12,5,1
32,1.4,988,4.1,718,82,91,1304,692,7.1,61.8,0.6276,2004,3,12,5,2
33,0.8,889,1.9,574,141,96,1187,512,7.0,62.3,0.6261,2004,3,12,5,3
34,1.5,831,1.1,506,21,32,1134,384,6.1,65.9,0.6248,2004,3,12,5,4
35,0.6,847,1.0,501,30,44,1155,394,6.3,65.0,0.6233,2004,3,12,5,5
36,0.8,927,1.8,571,56,71,1223,487,6.8,62.9,0.6234,2004,3,12,5,6
37,1.4,1091,4.4,730,109,104,1361,748,6.4,65.1,0.6316,2004,3,12,5,7
38,4.4,1587,17.9,1236,307,141,1900,1400,7.3,63.1,0.6499,2004,3,12,5,8
39,1.5,1545,22.1,1353,141,96,2058,1588,9.2,56.2,0.6561,2004,3,12,5,9
40,3.1,1350,14.0,1118,187,122,1712,1237,13.2,41.7,0.632,2004,3,12,5,10
41,2.7,1263,11.6,1037,216,143,1598,1167,14.3,38.4,0.6243,2004,3,12,5,11
42,2.1,1206,10.2,986,143,113,1537,959,15.0,36.5,0.6195,2004,3,12,5,12
43,2.5,1252,11.0,1016,160,116,1593,983,16.1,34.5,0.6262,2004,3,12,5,13
44,2.7,1287,12.8,1078,163,123,1660,1061,16.3,35.7,0.656,2004,3,12,5,14
45,2.9,1353,14.2,1122,190,126,1740,1139,15.8,37.0,0.661,2004,3,12,5,15
46,2.8,1309,12.7,1073,178,120,1657,1112,15.9,37.2,0.6657,2004,3,12,5,16
47,2.4,1274,11.7,1041,150,119,1610,994,16.9,34.3,0.6549,2004,3,12,5,17
48,3.9,1510,19.3,1277,206,149,1910,1410,15.1,39.6,0.6766,2004,3,12,5,18
49,3.7,1525,18.2,1246,202,145,1847,1448,14.4,43.4,0.7084,2004,3,12,5,19
50,6.6,1843,32.6,1610,340,170,2390,1887,12.9,50.5,0.7478,2004,3,12,5,20
51,4.4,1598,20.1,1299,274,149,1941,1627,12.1,53.3,0.7536,2004,3,12,5,21
52,3.5,1484,14.3,1127,253,139,1723,1491,11.0,59.1,0.774,2004,3,12,5,22
53,5.4,1677,21.8,1346,300,134,2062,1657,9.7,64.6,0.7771,2004,3,12,5,23
54,2.7,1280,9.6,964,193,113,1544,1285,9.5,64.1,0.7597,2004,3,13,6,0
55,1.9,1196,7.4,873,139,97,1463,1144,9.1,63.9,0.7423,2004,3,13,6,1
56,1.6,1184,5.4,782,83,82,1365,1043,8.8,63.9,0.7256,2004,3,13,6,2
57,1.7,1172,5.4,783,141,96,1380,996,7.8,67.5,0.7173,2004,3,13,6,3
58,1.5,1147,6.2,821,109,83,1412,992,7.0,71.1,0.7158,2004,3,13,6,4
59,1.0,978,2.6,625,62,65,1274,819,8.3,63.6,0.6982,2004,3,13,6,5
60,1.2,1100,2.9,646,53,60,1268,835,7.2,67.5,0.6887,2004,3,13,6,6
61,1.5,1112,5.1,770,139,77,1409,940,6.3,71.9,0.6932,2004,3,13,6,7
62,2.7,1336,11.8,1043,256,96,1678,1192,6.5,71.6,0.6945,2004,3,13,6,8
63,3.7,1408,15.1,1153,295,119,1777,1411,9.6,59.7,0.7124,2004,3,13,6,9
64,3.2,1447,12.9,1081,250,126,1667,1465,12.4,51.2,0.7335,2004,3,13,6,10
65,4.1,1542,16.1,1184,296,158,1780,1583,15.6,42.2,0.7451,2004,3,13,6,11
66,3.6,1451,14.0,1117,239,161,1679,1387,18.4,33.8,0.709,2004,3,13,6,12
67,2.8,1328,12.3,1059,153,124,1600,1101,19.4,31.3,0.695,2004,3,13,6,13
68,2.0,1207,8.6,924,118,102,1488,850,18.0,34.8,0.7127,2004,3,13,6,14
69,2.0,1240,9.2,947,119,116,1532,947,18.4,33.6,0.7042,2004,3,13,6,15
70,2.5,1306,10.2,987,138,124,1554,1078,17.6,35.1,0.7012,2004,3,13,6,16
71,2.3,1326,10.6,1000,148,125,1602,1084,16.7,37.8,0.7117,2004,3,13,6,17
72,3.2,1473,15.5,1163,227,148,1779,1395,16.1,41.0,0.7451,2004,3,13,6,18
73,4.2,1609,19.6,1286,277,165,1922,1612,15.8,42.4,0.7569,2004,3,13,6,19
74,4.2,1611,19.2,1274,279,161,1915,1697,15.7,44.1,0.7786,2004,3,13,6,20
75,4.2,1621,18.3,1247,283,159,1860,1886,15.3,46.8,0.8091,2004,3,13,6,21
76,3.1,1444,13.1,1089,214,143,1748,1624,14.6,48.6,0.806,2004,3,13,6,22
77,2.6,1418,10.9,1010,172,130,1603,1536,14.7,49.3,0.8193,2004,3,13,6,23
78,2.9,1534,11.0,1013,190,129,1611,1535,13.9,53.6,0.8498,2004,3,14,7,0
79,2.8,1484,11.9,1045,174,119,1624,1530,14.6,51.5,0.8536,2004,3,14,7,1
80,2.5,1367,8.6,925,128,104,1543,1337,12.5,58.9,0.8537,2004,3,14,7,2
81,2.4,1344,9.7,968,141,96,1620,1278,11.6,63.4,0.8674,2004,3,14,7,3
82,1.5,1130,5.2,773,70,82,1452,1051,12.1,61.1,0.8603,2004,3,14,7,4
83,1.2,1062,3.7,691,53,70,1377,929,11.5,63.1,0.8533,2004,3,14,7,5
84,1.0,1076,2.5,618,44,63,1333,872,11.6,62.2,0.8473,2004,3,14,7,6
85,0.9,1028,2.4,615,74,67,1340,853,10.4,67.6,0.853,2004,3,14,7,7
86,1.4,1155,4.2,722,101,84,1414,959,11.6,62.7,0.853,2004,3,14,7,8
87,1.6,1235,6.4,828,118,83,1527,1093,12.4,60.0,0.8627,2004,3,14,7,9
88,2.2,1332,8.6,923,144,98,1614,1225,14.5,53.1,0.8728,2004,3,14,7,10
89,2.8,1445,10.9,1009,176,114,1696,1355,16.9,46.1,0.8789,2004,3,14,7,11
90,2.8,1416,10.7,1002,161,119,1677,1262,19.3,38.3,0.8474,2004,3,14,7,12
91,2.0,1281,7.5,880,113,104,1525,980,21.2,31.4,0.7812,2004,3,14,7,13
92,1.8,1207,7.5,879,103,102,1490,872,21.4,30.2,0.7616,2004,3,14,7,14
93,1.9,1258,8.2,906,112,107,1511,900,21.9,29.0,0.7525,2004,3,14,7,15
94,3.0,1458,11.9,1045,170,129,1646,1099,22.2,28.4,0.7516,2004,3,14,7,16
95,2.9,1438,12.0,1051,180,128,1668,1206,21.3,30.8,0.7696,2004,3,14,7,17
96,2.5,1478,12.2,1055,160,121,1671,1262,19.7,36.7,0.8307,2004,3,14,7,18
97,4.6,1808,20.6,1312,261,157,1993,1698,18.4,41.7,0.8732,2004,3,14,7,19
98,5.9,1898,23.1,1381,325,173,2103,1905,17.6,46.1,0.921,2004,3,14,7,20
99,3.4,1560,14.7,1140,217,146,1818,1648,16.7,49.6,0.932,2004,3,14,7,21
100,2.1,1324,9.0,940,146,121,1587,1423,16.3,51.0,0.9341,2004,3,14,7,22
101,2.2,1349,8.8,933,152,119,1617,1349,14.7,55.9,0.9314,2004,3,14,7,23
102,1.8,1239,7.4,872,104,99,1547,1250,14.8,54.7,0.9164,2004,3,15,1,0
103,1.8,1239,6.9,853,106,93,1543,1174,14.0,57.0,0.9094,2004,3,15,1,1
104,1.8,1224,7.0,855,108,88,1566,1149,13.4,61.3,0.9361,2004,3,15,1,2
105,1.1,1078,4.4,734,141,96,1487,1021,12.6,63.5,0.923,2004,3,15,1,3
106,1.5,1078,4.0,711,66,71,1468,1013,12.3,65.4,0.9351,2004,3,15,1,4
107,1.0,1075,3.9,703,88,74,1464,1010,11.9,67.4,0.9375,2004,3,15,1,5
108,1.4,1157,6.4,830,138,80,1584,1083,11.4,70.5,0.9475,2004,3,15,1,6
109,2.2,1314,9.7,966,228,89,1710,1235,11.3,70.2,0.9401,2004,3,15,1,7
111,8.1,1961,36.7,1701,478,149,2665,2184,14.8,54.3,0.9076,2004,3,15,1,9
112,5.8,1771,26.6,1470,394,157,2262,1973,17.4,45.6,0.8993,2004,3,15,1,10
113,4.2,1564,20.1,1300,319,155,2029,1798,19.8,38.5,0.8801,2004,3,15,1,11
114,3.1,1430,14.1,1120,201,134,1783,1522,22.0,34.1,0.8904,2004,3,15,1,12
115,2.9,1417,14.9,1146,171,119,1831,1404,23.3,32.2,0.9096,2004,3,15,1,13
116,2.9,1400,15.4,1162,159,111,1829,1263,23.9,30.0,0.8757,2004,3,15,1,14
117,2.5,1317,12.1,1053,153,104,1707,1137,24.4,28.9,0.8736,2004,3,15,1,15
118,2.3,1318,11.5,1033,143,99,1675,1068,24.4,29.4,0.8848,2004,3,15,1,16
119,2.8,1445,14.8,1141,156,110,1824,1252,23.8,31.3,0.9137,2004,3,15,1,17
120,6.1,1917,32.1,1601,314,162,2447,1843,22.5,35.4,0.9547,2004,3,15,1,18
121,8.0,2040,39.2,1754,404,187,2679,2122,20.4,42.5,1.0086,2004,3,15,1,19
122,6.5,1895,31.0,1573,320,165,2443,1992,18.3,52.6,1.0945,2004,3,15,1,20
123,4.2,1595,19.9,1294,256,145,2058,1707,16.7,57.4,1.0786,2004,3,15,1,21
124,3.2,1439,15.3,1159,193,125,1856,1494,15.7,60.2,1.0654,2004,3,15,1,22
125,1.4,1142,6.9,852,89,101,1547,1164,15.3,61.4,1.058,2004,3,15,1,23
126,2.1,1304,11.1,1019,127,103,1731,1272,14.1,65.7,1.0494,2004,3,16,2,0
127,1.2,1074,5.4,784,79,88,1483,1040,14.8,60.6,1.0148,2004,3,16,2,1
128,0.8,968,2.8,640,43,61,1386,867,14.8,59.2,0.9879,2004,3,16,2,2
129,0.7,929,2.3,608,141,96,1364,826,13.6,62.1,0.9636,2004,3,16,2,3
130,1.5,941,2.6,626,59,59,1373,840,12.3,66.2,0.945,2004,3,16,2,4
131,0.6,937,2.0,585,38,52,1348,793,12.8,63.2,0.9283,2004,3,16,2,5
132,0.9,1017,3.5,681,82,64,1418,870,11.2,68.5,0.9081,2004,3,16,2,6
133,1.3,1171,5.1,770,99,70,1467,930,11.0,66.5,0.8705,2004,3,16,2,7
134,3.4,1541,16.2,1185,263,97,1889,1407,11.7,63.7,0.8719,2004,3,16,2,8
135,3.7,1539,19.7,1287,229,95,2055,1507,13.6,56.3,0.8743,2004,3,16,2,9
136,5.3,1735,25.1,1431,396,150,2211,1843,17.8,42.9,0.8672,2004,3,16,2,10
137,4.1,1571,20.0,1297,314,162,1973,1729,21.4,33.3,0.8417,2004,3,16,2,11
138,3.3,1452,18.3,1250,217,154,1868,1583,24.4,27.4,0.8231,2004,3,16,2,12
139,4.0,1579,22.3,1359,252,161,1998,1671,25.3,26.1,0.8264,2004,3,16,2,13
140,3.8,1466,20.4,1309,263,161,1897,1491,25.8,23.2,0.7589,2004,3,16,2,14
141,2.8,1280,14.6,1136,180,128,1675,1240,27.0,20.2,0.7094,2004,3,16,2,15
142,2.9,1407,16.6,1197,184,129,1759,1313,28.2,18.6,0.7014,2004,3,16,2,16
143,2.9,1389,15.8,1173,190,133,1739,1363,28.0,19.1,0.7098,2004,3,16,2,17
144,3.4,1447,17.8,1235,184,139,1778,1296,23.9,25.7,0.7519,2004,3,16,2,18
145,3.9,1551,19.1,1271,181,137,1875,1432,21.3,34.8,0.873,2004,3,16,2,19
146,3.2,1474,15.8,1173,166,143,1776,1432,20.4,36.7,0.8704,2004,3,16,2,20
147,5.1,1800,24.9,1426,317,177,2106,2034,19.0,41.3,0.9007,2004,3,16,2,21
148,2.6,1379,13.5,1101,184,138,1710,1602,17.9,45.9,0.9342,2004,3,16,2,22
149,1.7,1201,9.1,943,130,117,1560,1362,16.7,48.9,0.9226,2004,3,16,2,23
150,1.7,1205,8.6,925,132,107,1547,1314,15.5,52.9,0.9271,2004,3,17,3,0
151,1.2,1072,5.4,784,95,90,1442,1114,15.5,51.9,0.9059,2004,3,17,3,1
152,0.9,998,4.1,714,70,79,1383,992,14.1,55.6,0.891,2004,3,17,3,2
153,0.7,933,2.6,625,141,96,1332,884,13.1,57.9,0.8666,2004,3,17,3,3
154,1.5,883,1.9,577,54,60,1303,808,12.7,57.9,0.8447,2004,3,17,3,4
155,0.5,869,1.6,554,28,40,1268,667,11.8,58.0,0.8026,2004,3,17,3,5
156,0.5,891,1.9,576,46,53,1289,733,11.9,57.4,0.7978,2004,3,17,3,6
157,1.6,1173,7.5,878,160,84,1556,1052,9.9,65.2,0.7956,2004,3,17,3,7
158,4.1,1587,21.4,1334,320,108,1999,1534,11.1,60.2,0.7958,2004,3,17,3,8
159,6.6,1852,36.4,1696,377,127,2535,1931,14.1,50.0,0.802,2004,3,17,3,9
160,4.3,1522,21.3,1331,280,134,2026,1734,17.7,40.1,0.8048,2004,3,17,3,10
161,2.9,1438,15.4,1161,221,135,1782,1595,21.1,33.4,0.8265,2004,3,17,3,11
162,2.5,1393,12.5,1067,210,142,1654,1490,24.3,28.3,0.8471,2004,3,17,3,12
163,2.8,1452,15.1,1152,204,153,1747,1508,25.6,25.6,0.8254,2004,3,17,3,13
164,2.6,1389,13.7,1108,161,123,1712,1334,25.9,25.9,0.8503,2004,3,17,3,14
165,2.0,1207,10.4,994,135,104,1520,1045,26.8,18.7,0.65,2004,3,17,3,15
166,2.9,1365,15.2,1154,186,129,1679,1221,29.3,15.8,0.6309,2004,3,17,3,16
167,2.5,1247,12.3,1060,147,114,1525,1069,28.5,14.9,0.5708,2004,3,17,3,17
168,5.0,1557,27.0,1478,299,158,1981,1569,25.9,16.0,0.5237,2004,3,17,3,18
169,7.6,1973,38.4,1737,411,194,2414,2306,23.1,26.5,0.7403,2004,3,17,3,19
170,6.7,1975,35.1,1667,347,182,2416,2359,20.5,38.2,0.9133,2004,3,17,3,20
171,5.7,1795,27.2,1485,336,180,2174,2050,19.1,42.6,0.9294,2004,3,17,3,21
172,2.8,1444,15.0,1150,202,136,1727,1727,17.2,44.1,0.8558,2004,3,17,3,22
173,2.6,1488,15.7,1171,178,127,1778,1705,16.0,50.9,0.9206,2004,3,17,3,23
174,2.3,1371,13.0,1083,154,116,1669,1551,14.8,53.9,0.9024,2004,3,18,4,0
175,1.4,1161,8.1,904,92,107,1502,1240,14.3,55.4,0.8975,2004,3,18,4,1
176,1.0,1064,5.5,787,61,88,1407,1115,14.8,52.1,0.8686,2004,3,18,4,2
177,0.7,970,3.6,687,141,96,1351,969,13.9,53.9,0.8501,2004,3,18,4,3
178,1.5,954,2.9,645,60,78,1334,925,11.6,61.9,0.8442,2004,3,18,4,4
179,0.6,931,2.5,623,37,57,1307,828,12.0,58.9,0.8233,2004,3,18,4,5
180,0.7,938,3.0,650,68,71,1333,893,10.9,62.1,0.8113,2004,3,18,4,6
181,1.5,1166,7.7,885,139,85,1551,1075,10.6,63.3,0.8067,2004,3,18,4,7
182,4.7,1643,23.3,1384,339,124,2094,1610,11.5,60.0,0.8117,2004,3,18,4,8
183,6.6,1934,35.8,1682,421,151,2468,2051,14.3,50.6,0.8186,2004,3,18,4,9
184,4.5,1617,21.3,1333,349,150,2010,1819,17.8,40.5,0.821,2004,3,18,4,10
185,2.8,1473,14.3,1127,224,152,1752,1568,20.8,34.4,0.8365,2004,3,18,4,11
186,2.2,1379,12.5,1068,171,139,1663,1374,23.8,28.2,0.8219,2004,3,18,4,12
187,2.2,1385,12.2,1056,149,133,1648,1268,24.2,28.7,0.8515,2004,3,18,4,13
188,2.3,1379,13.1,1087,137,126,1660,1144,25.2,24.9,0.7829,2004,3,18,4,14
189,2.2,1322,14.4,1129,149,128,1639,1109,27.0,17.8,0.6275,2004,3,18,4,15
190,2.8,1496,16.8,1205,172,169,1767,1347,27.1,23.1,0.818,2004,3,18,4,16
191,2.7,1409,14.5,1131,166,149,1689,1206,25.8,23.9,0.7832,2004,3,18,4,17
192,3.7,1513,21.5,1338,214,156,1957,1397,23.0,26.8,0.7446,2004,3,18,4,18
193,5.1,1667,26.4,1464,280,168,2118,1588,20.7,31.1,0.7523,2004,3,18,4,19
194,5.1,1667,26.0,1453,276,176,2051,1569,18.6,36.2,0.7676,2004,3,18,4,20
195,3.2,1430,14.1,1121,178,135,1732,1322,16.0,48.4,0.8768,2004,3,18,4,21
196,2.1,1333,10.3,989,129,121,1621,1194,14.5,57.8,0.9456,2004,3,18,4,22
197,1.7,1262,8.3,911,95,99,1545,1062,13.1,64.2,0.9606,2004,3,18,4,23
198,2.0,1287,8.9,936,126,106,1606,1040,12.0,69.7,0.9735,2004,3,19,5,0
199,1.6,1134,6.6,840,103,96,1501,917,11.9,71.1,0.9915,2004,3,19,5,1
200,0.9,999,3.6,688,48,63,1380,594,12.5,69.3,1.0029,2004,3,19,5,2
201,0.7,961,2.5,622,141,96,1301,430,12.5,67.5,0.9768,2004,3,19,5,3
202,1.5,934,1.8,569,20,32,1280,397,12.3,67.7,0.9665,2004,3,19,5,4
203,0.5,913,1.3,525,18,28,1260,370,12.5,66.8,0.962,2004,3,19,5,5
204,0.7,969,2.3,607,56,61,1324,438,12.3,66.3,0.9487,2004,3,19,5,6
205,1.5,1182,6.7,845,115,99,1539,704,12.4,64.9,0.9332,2004,3,19,5,7
206,4.8,1740,22.8,1372,320,157,2144,1476,13.0,61.6,0.9209,2004,3,19,5,8
207,6.2,1819,31.3,1582,357,166,2456,1716,13.6,58.8,0.912,2004,3,19,5,9
208,4.0,1427,19.2,1275,253,149,1980,1398,13.9,57.1,0.9032,2004,3,19,5,10
209,3.3,1390,16.4,1191,218,135,1879,1268,14.5,54.4,0.8917,2004,3,19,5,11
210,2.8,1283,14.0,1117,192,127,1751,1188,15.5,50.1,0.8744,2004,3,19,5,12
211,3.0,1304,15.3,1157,176,122,1801,1171,16.1,47.6,0.8655,2004,3,19,5,13
212,3.3,1364,16.7,1202,198,135,1875,1250,16.3,47.1,0.864,2004,3,19,5,14
213,3.5,1410,19.0,1268,212,139,1957,1344,16.4,47.5,0.8791,2004,3,19,5,15
214,4.0,1476,19.4,1280,249,147,1955,1378,16.1,50.2,0.9094,2004,3,19,5,16
215,4.6,1522,20.9,1320,270,158,2005,1435,16.0,50.7,0.9142,2004,3,19,5,17
216,4.1,1442,20.2,1301,231,146,1952,1372,15.8,50.3,0.8989,2004,3,19,5,18
217,4.5,1469,21.7,1344,251,144,1997,1471,15.5,50.6,0.884,2004,3,19,5,19
218,3.9,1467,19.8,1292,210,138,1942,1439,15.4,51.4,0.8956,2004,3,19,5,20
219,4.0,1421,16.7,1202,249,143,1854,1429,15.2,53.1,0.9117,2004,3,19,5,21
220,2.2,1175,9.1,945,143,116,1604,1081,14.7,57.6,0.9573,2004,3,19,5,22
221,2.1,1215,8.3,912,127,109,1547,993,14.2,58.3,0.938,2004,3,19,5,23
222,1.7,1127,5.8,802,104,92,1447,837,13.8,57.9,0.9085,2004,3,20,6,0
223,1.6,1090,5.2,773,86,83,1429,761,13.9,55.9,0.8842,2004,3,20,6,1
224,1.3,1017,4.1,718,74,81,1382,650,13.9,55.6,0.8765,2004,3,20,6,2
225,1.3,997,3.4,677,141,96,1359,591,13.8,55.1,0.8666,2004,3,20,6,3
226,1.5,945,2.9,646,44,55,1332,505,13.8,54.6,0.8574,2004,3,20,6,4
227,0.8,956,3.1,661,42,53,1351,518,13.6,55.1,0.856,2004,3,20,6,5
228,0.8,966,2.5,622,63,67,1342,571,13.6,59.0,0.9129,2004,3,20,6,6
229,1.1,1064,4.3,728,115,91,1461,842,13.5,58.4,0.896,2004,3,20,6,7
230,2.1,1300,8.9,935,170,113,1623,1145,13.8,58.0,0.9083,2004,3,20,6,8
231,2.4,1348,10.5,998,147,102,1689,1218,14.6,53.1,0.8765,2004,3,20,6,9
232,2.6,1425,12.5,1068,166,107,1764,1341,15.0,52.3,0.8881,2004,3,20,6,10
233,2.8,1474,12.3,1061,195,113,1768,1406,15.4,52.1,0.9046,2004,3,20,6,11
234,2.6,1490,11.7,1039,182,108,1757,1422,16.3,50.0,0.9158,2004,3,20,6,12
235,2.6,1495,11.7,1040,168,105,1735,1373,17.1,47.9,0.9281,2004,3,20,6,13
236,2.1,1376,9.3,953,125,93,1636,1153,19.0,42.9,0.937,2004,3,20,6,14
237,1.7,1305,7.6,884,95,87,1573,927,19.5,42.3,0.9476,2004,3,20,6,15
238,1.6,1283,6.7,844,79,76,1539,766,19.5,42.3,0.9493,2004,3,20,6,16
239,2.1,1392,9.7,967,119,94,1649,941,19.1,43.8,0.9556,2004,3,20,6,17
240,2.3,1452,12.4,1063,142,110,1774,1146,18.5,46.3,0.9744,2004,3,20,6,18
241,3.5,1633,16.6,1199,215,136,1919,1417,17.4,51.6,1.0159,2004,3,20,6,19
242,3.9,1625,16.4,1191,229,139,1885,1442,17.1,51.3,0.9914,2004,3,20,6,20
243,3.3,1535,13.7,1108,206,125,1820,1323,16.4,53.8,0.9964,2004,3,20,6,21
244,2.3,1323,9.9,973,147,111,1712,1125,16.2,55.4,1.0132,2004,3,20,6,22
245,2.1,1309,8.9,937,122,97,1672,1036,15.9,57.7,1.0356,2004,3,20,6,23
246,2.8,1456,10.6,999,175,107,1714,1202,15.7,58.6,1.0396,2004,3,21,7,0
247,2.1,1300,7.4,872,133,90,1577,1054,15.1,60.9,1.0398,2004,3,21,7,1
248,1.6,1203,6.2,823,89,84,1526,903,15.6,56.6,0.9951,2004,3,21,7,2
249,1.6,1195,6.5,836,141,96,1554,885,15.2,57.9,0.9941,2004,3,21,7,3
250,1.5,1117,5.8,802,85,87,1539,818,15.4,57.8,1.0021,2004,3,21,7,4
251,1.1,1062,4.0,711,55,66,1461,700,14.9,60.6,1.0196,2004,3,21,7,5
252,0.7,947,2.1,594,24,36,1390,580,14.5,63.0,1.0316,2004,3,21,7,6
253,0.8,1065,3.6,687,72,62,1492,815,14.2,66.2,1.063,2004,3,21,7,7
254,1.2,1155,4.4,734,122,91,1528,1035,14.5,65.3,1.0704,2004,3,21,7,8
255,1.4,1220,5.4,782,111,89,1560,1067,15.3,62.1,1.073,2004,3,21,7,9
256,1.7,1301,7.1,862,123,93,1633,1114,16.3,59.0,1.0868,2004,3,21,7,10
257,1.8,1279,7.3,870,106,81,1646,1000,18.9,49.6,1.07,2004,3,21,7,11
258,1.8,1267,7.6,883,103,82,1617,906,19.4,46.1,1.0249,2004,3,21,7,12
259,1.9,1239,6.8,848,102,80,1568,822,20.8,41.6,1.0091,2004,3,21,7,13
260,1.3,1128,4.6,742,48,48,1507,610,21.4,40.3,1.0126,2004,3,21,7,14
261,1.6,1243,8.4,916,63,61,1669,657,21.2,39.3,0.9791,2004,3,21,7,15
262,1.9,1208,6.9,853,98,89,1506,647,20.3,38.0,0.8942,2004,3,21,7,16
263,2.3,1306,9.0,938,132,105,1607,762,19.4,41.3,0.9206,2004,3,21,7,17
264,3.8,1546,15.1,1151,173,116,1874,1122,18.5,43.8,0.9252,2004,3,21,7,18
265,3.5,1501,12.6,1071,185,119,1744,1130,17.8,48.1,0.9689,2004,3,21,7,19
266,4.3,1605,15.1,1153,266,144,1840,1637,17.9,46.9,0.952,2004,3,21,7,20
267,2.8,1316,9.9,974,188,123,1673,1272,17.4,49.1,0.9688,2004,3,21,7,21
268,1.9,1195,8.0,898,122,105,1594,1098,17.0,51.7,0.9914,2004,3,21,7,22
269,1.9,1211,7.9,896,112,93,1624,1066,16.4,55.1,1.0198,2004,3,21,7,23
270,1.7,1161,6.1,815,93,86,1582,909,16.1,60.0,1.0919,2004,3,22,1,0
271,1.5,1095,5.1,767,74,76,1547,818,15.8,60.5,1.0805,2004,3,22,1,1
272,0.6,897,1.7,563,23,33,1355,472,16.3,57.0,1.0491,2004,3,22,1,2
273,0.4,842,0.7,468,141,96,1274,394,16.9,53.9,1.0309,2004,3,22,1,3
274,1.5,854,0.8,481,17,27,1304,396,16.1,55.9,1.0153,2004,3,22,1,4
275,0.3,845,0.7,472,15,23,1278,378,16.5,53.9,1.0049,2004,3,22,1,5
276,0.6,942,2.0,586,41,46,1373,432,16.4,54.0,0.9979,2004,3,22,1,6
277,1.2,1090,5.1,768,86,76,1538,699,15.7,57.6,1.0195,2004,3,22,1,7
278,3.6,1514,17.7,1230,226,116,1996,1252,15.8,53.7,0.9571,2004,3,22,1,8
279,3.7,1379,18.4,1252,214,115,1962,1237,17.4,42.1,0.8281,2004,3,22,1,9
280,1.8,1074,6.9,854,115,83,1484,772,17.9,38.4,0.7793,2004,3,22,1,10
281,1.6,1090,7.3,868,124,87,1509,766,18.5,36.7,0.7764,2004,3,22,1,11
282,1.9,1110,9.6,964,122,90,1577,829,21.0,29.6,0.7263,2004,3,22,1,12
283,2.0,1102,10.4,994,107,87,1599,783,21.3,28.1,0.7067,2004,3,22,1,13
284,2.2,1100,11.2,1021,133,99,1607,822,21.3,26.1,0.6539,2004,3,22,1,14
285,2.1,1094,10.7,1003,130,99,1574,813,21.3,26.8,0.6681,2004,3,22,1,15
286,2.3,1076,11.6,1034,150,101,1544,813,21.3,24.2,0.606,2004,3,22,1,16
287,2.6,1152,12.4,1062,138,103,1606,850,20.2,28.5,0.6682,2004,3,22,1,17
288,3.8,1407,18.3,1249,213,129,1932,1276,17.0,43.1,0.8264,2004,3,22,1,18
289,4.4,1438,21.0,1325,232,143,1993,1401,15.6,47.4,0.8347,2004,3,22,1,19
290,4.5,1425,21.0,1325,238,146,1965,1356,15.3,47.4,0.8178,2004,3,22,1,20
291,3.3,1279,14.5,1131,180,124,1758,1243,14.5,49.7,0.8177,2004,3,22,1,21
292,2.0,1132,8.4,916,128,113,1561,1083,13.9,52.0,0.8231,2004,3,22,1,22
293,1.1,1006,4.3,729,65,80,1370,795,14.5,49.4,0.8106,2004,3,22,1,23
294,0.9,982,3.8,700,53,72,1359,735,13.8,51.4,0.8071,2004,3,23,2,0
295,0.8,969,2.7,636,47,64,1309,684,14.0,51.3,0.8163,2004,3,23,2,1
296,0.7,941,2.5,621,51,70,1330,714,13.0,56.8,0.8444,2004,3,23,2,2
297,0.5,892,1.2,522,141,96,1285,456,11.0,70.0,0.9215,2004,3,23,2,3
298,1.5,855,0.8,478,20,31,1261,401,10.1,76.8,0.9483,2004,3,23,2,4
299,0.3,834,0.6,459,13,22,1212,361,8.8,80.5,0.9147,2004,3,23,2,5
300,0.5,909,1.8,567,33,47,1287,418,9.6,75.4,0.9004,2004,3,23,2,6
301,1.1,1061,4.6,745,103,88,1429,616,9.8,75.0,0.9093,2004,3,23,2,7
302,3.0,1441,14.2,1124,224,130,1829,1089,10.0,74.2,0.9117,2004,3,23,2,8
303,3.8,1498,21.0,1325,244,132,2095,1329,11.2,69.7,0.9232,2004,3,23,2,9
304,3.4,1343,16.2,1185,237,132,1857,1311,12.0,62.9,0.8803,2004,3,23,2,10
305,3.0,1308,15.5,1166,220,131,1794,1236,12.8,55.8,0.821,2004,3,23,2,11
306,2.7,1209,13.4,1097,207,129,1746,1147,13.1,54.8,0.8234,2004,3,23,2,12
307,3.5,1310,16.9,1207,208,132,1847,1301,13.8,53.4,0.8351,2004,3,23,2,13
308,2.8,1171,12.4,1064,160,110,1639,1097,16.0,42.4,0.7674,2004,3,23,2,14
309,1.9,1112,10.1,980,131,99,1589,900,14.1,49.8,0.7971,2004,3,23,2,15
310,2.0,1132,8.7,927,128,100,1570,781,12.0,61.1,0.8537,2004,3,23,2,16
311,3.0,1225,13.8,1111,176,122,1719,1013,13.6,54.6,0.8465,2004,3,23,2,17
312,1.9,1065,9.3,953,107,97,1514,790,13.7,49.5,0.7695,2004,3,23,2,18
313,2.7,1236,13.0,1084,131,112,1688,1059,11.7,57.1,0.7822,2004,3,23,2,19
314,3.3,1309,14.3,1126,166,128,1722,1205,11.5,58.2,0.7867,2004,3,23,2,20
315,1.7,1089,7.6,884,89,101,1487,975,12.6,54.2,0.7881,2004,3,23,2,21
316,1.3,1000,5.3,776,81,96,1375,896,12.0,54.9,0.7664,2004,3,23,2,22
317,1.3,1041,5.4,782,78,86,1425,911,11.0,61.4,0.8057,2004,3,23,2,23
318,1.2,1045,4.9,756,70,85,1411,902,11.1,62.2,0.8199,2004,3,24,3,0
319,1.1,997,4.6,744,76,79,1405,832,10.8,62.5,0.8082,2004,3,24,3,1
320,0.9,948,2.7,634,43,61,1326,715,11.3,60.0,0.8025,2004,3,24,3,2
321,0.6,878,1.6,551,141,96,1272,683,10.6,61.6,0.7856,2004,3,24,3,3
322,1.5,908,1.7,559,44,66,1287,721,10.2,62.7,0.7813,2004,3,24,3,4
323,0.6,892,1.2,522,34,54,1255,648,10.9,58.6,0.7628,2004,3,24,3,5
324,0.8,954,1.7,561,43,57,1255,612,10.8,57.2,0.7382,2004,3,24,3,6
325,1.2,1045,4.8,751,79,75,1403,800,10.4,59.2,0.7455,2004,3,24,3,7
326,3.1,1383,13.8,1109,174,97,1706,1173,11.0,57.3,0.7501,2004,3,24,3,8
327,4.4,1597,23.7,1395,235,110,2080,1519,11.2,56.9,0.7565,2004,3,24,3,9
328,3.4,1318,14.2,1124,218,113,1770,1287,12.1,54.9,0.7734,2004,3,24,3,10
329,1.7,1138,8.0,898,136,88,1505,966,15.1,44.3,0.7535,2004,3,24,3,11
330,1.5,1098,6.7,842,117,85,1440,828,15.6,40.6,0.7146,2004,3,24,3,12
331,1.7,1118,8.7,927,119,96,1477,825,16.9,34.6,0.6597,2004,3,24,3,13
332,2.2,1170,10.8,1009,126,106,1566,872,16.6,35.6,0.6697,2004,3,24,3,14
333,1.5,1112,6.7,842,100,91,1494,680,11.3,63.9,0.8554,2004,3,24,3,15
334,2.7,1390,11.4,1028,197,126,1730,1002,9.6,81.1,0.972,2004,3,24,3,16
335,2.8,1353,13.4,1096,195,130,1783,1159,11.7,69.1,0.9497,2004,3,24,3,17
336,2.7,1260,12.0,1050,156,111,1722,979,10.7,68.5,0.8794,2004,3,24,3,18
337,4.5,1501,20.2,1302,247,134,2008,1311,10.7,67.3,0.8643,2004,3,24,3,19
338,3.5,1273,14.4,1130,190,136,1744,1071,10.8,65.7,0.8486,2004,3,24,3,20
339,2.6,1179,9.4,955,169,125,1571,899,10.3,66.3,0.8336,2004,3,24,3,21
340,1.7,1047,5.9,809,118,108,1435,766,10.1,66.9,0.8248,2004,3,24,3,22
341,1.3,973,4.5,739,81,87,1354,589,10.4,61.1,0.7717,2004,3,24,3,23
342,1.3,997,4.5,737,80,89,1341,631,10.3,59.9,0.7516,2004,3,25,4,0
343,1.0,970,2.5,621,42,58,1249,479,11.0,58.4,0.7686,2004,3,25,4,1
344,0.7,902,1.8,568,38,54,1253,479,9.1,68.1,0.789,2004,3,25,4,2
345,0.7,921,1.4,538,141,96,1224,417,9.5,68.2,0.8091,2004,3,25,4,3
346,0.5,858,0.9,490,18,28,1212,378,9.3,72.3,0.8496,2004,3,25,4,4
347,0.5,878,0.6,457,12,20,1158,344,9.9,66.8,0.8152,2004,3,25,4,5
348,0.6,893,1.4,540,43,51,1268,413,7.6,83.2,0.8695,2004,3,25,4,6
349,1.1,1038,3.8,697,84,82,1383,605,8.1,79.0,0.8544,2004,3,25,4,7
350,2.7,1320,11.6,1035,184,112,1721,991,8.7,74.6,0.8429,2004,3,25,4,8
351,3.5,1353,17.8,1235,202,119,1937,1175,8.6,75.1,0.8415,2004,3,25,4,9
352,2.3,1133,8.8,933,133,99,1552,923,9.7,69.7,0.8389,2004,3,25,4,10
353,1.6,1066,6.8,849,130,98,1468,829,11.0,64.4,0.8447,2004,3,25,4,11
354,1.3,1027,5.9,809,106,88,1442,733,13.6,53.0,0.8209,2004,3,25,4,12
355,2.0,1106,8.9,935,132,96,1570,819,14.2,48.4,0.778,2004,3,25,4,13
356,1.9,1038,8.2,907,106,81,1492,723,14.2,46.3,0.7438,2004,3,25,4,14
357,1.9,1084,8.6,924,125,92,1501,786,16.0,41.3,0.7462,2004,3,25,4,15
358,2.2,1105,10.1,982,138,105,1545,850,17.7,35.4,0.7094,2004,3,25,4,16
359,2.0,1102,9.4,957,120,88,1527,820,17.1,37.4,0.7225,2004,3,25,4,17
360,2.9,1240,14.6,1137,158,103,1748,991,14.9,40.5,0.6835,2004,3,25,4,18
361,5.2,1443,24.6,1418,253,141,2060,1454,13.4,47.8,0.7293,2004,3,25,4,19
362,4.6,1389,21.6,1341,231,133,1982,1488,12.6,52.5,0.7642,2004,3,25,4,20
363,2.5,1183,10.3,989,150,119,1539,1205,12.2,53.2,0.7555,2004,3,25,4,21
364,1.5,1014,5.7,798,99,106,1376,909,10.6,56.1,0.714,2004,3,25,4,22
365,1.2,979,4.5,736,75,92,1324,769,9.9,59.5,0.7276,2004,3,25,4,23
366,1.7,1048,5.5,787,93,97,1373,835,9.6,61.1,0.7323,2004,3,26,5,0
367,1.4,1024,4.8,753,79,91,1357,793,9.7,61.6,0.7425,2004,3,26,5,1
368,1.2,974,3.6,690,67,83,1313,733,9.4,62.6,0.7398,2004,3,26,5,2
369,0.6,862,1.7,561,141,96,1219,502,8.2,68.5,0.7455,2004,3,26,5,3
370,0.7,925,2.2,602,45,59,1263,562,8.0,69.4,0.7459,2004,3,26,5,4
371,0.8,952,3.0,654,72,73,1312,832,7.7,72.4,0.7655,2004,3,26,5,5
372,0.9,1005,4.0,713,103,78,1363,924,8.0,71.8,0.7711,2004,3,26,5,6
373,1.6,1122,6.7,842,132,90,1438,974,8.5,66.3,0.7375,2004,3,26,5,7
374,3.4,1351,16.7,1201,239,110,1828,1307,9.8,59.6,0.7214,2004,3,26,5,8
375,3.8,1408,19.3,1278,275,114,1928,1481,11.2,57.0,0.7544,2004,3,26,5,9
376,3.1,1304,14.8,1142,232,119,1747,1405,14.8,44.1,0.7407,2004,3,26,5,10
377,2.7,1207,13.4,1098,180,121,1664,1195,16.8,35.3,0.6729,2004,3,26,5,11
378,2.0,1099,11.0,1014,112,97,1503,868,19.2,27.1,0.5976,2004,3,26,5,12
379,2.3,1106,12.5,1068,116,99,1535,874,19.1,26.2,0.5741,2004,3,26,5,13
380,1.9,1009,8.4,916,103,85,1391,738,16.3,30.8,0.5683,2004,3,26,5,14
381,1.3,962,5.3,776,89,75,1279,550,14.2,36.8,0.5922,2004,3,26,5,15
382,1.9,1093,8.8,933,112,87,1454,777,13.4,41.0,0.6292,2004,3,26,5,16
383,2.3,1180,11.2,1023,127,102,1588,966,14.2,43.3,0.6982,2004,3,26,5,17
384,2.4,1168,11.6,1037,125,105,1580,990,12.1,45.6,0.6403,2004,3,26,5,18
385,2.7,1168,12.4,1063,120,98,1540,944,10.4,48.0,0.6046,2004,3,26,5,19
386,2.6,1140,10.6,1000,120,93,1490,962,10.0,51.1,0.628,2004,3,26,5,20
387,1.5,1001,6.0,811,99,91,1308,778,9.8,50.8,0.6172,2004,3,26,5,21
388,1.2,953,4.6,743,79,85,1252,690,9.7,50.4,0.6063,2004,3,26,5,22
389,1.1,972,4.1,715,66,74,1258,644,9.9,50.2,0.6103,2004,3,26,5,23
390,1.5,1021,5.2,776,94,87,1307,753,9.4,53.4,0.63,2004,3,27,6,0
391,1.0,940,3.2,664,70,79,1232,646,8.6,57.8,0.6488,2004,3,27,6,1
392,1.2,1046,4.5,736,75,78,1312,838,8.1,62.1,0.6746,2004,3,27,6,2
393,1.1,1026,3.8,699,141,96,1292,851,7.9,63.5,0.6777,2004,3,27,6,3
394,1.5,983,3.8,698,57,63,1296,801,7.4,64.8,0.6683,2004,3,27,6,4
395,0.8,915,1.9,578,32,48,1212,665,8.2,58.9,0.6444,2004,3,27,6,5
396,0.9,935,2.4,615,54,59,1250,717,6.3,66.6,0.641,2004,3,27,6,6
397,1.1,976,3.3,669,68,65,1266,795,7.2,62.9,0.6396,2004,3,27,6,7
398,1.5,1124,6.7,842,98,71,1418,936,7.2,63.9,0.65,2004,3,27,6,8
399,1.8,1163,8.5,919,128,84,1530,1076,11.1,50.5,0.6654,2004,3,27,6,9
400,2.1,1167,9.7,966,129,93,1520,1016,15.5,36.1,0.6313,2004,3,27,6,10
401,2.1,1121,9.4,955,130,99,1451,834,17.8,29.2,0.592,2004,3,27,6,11
402,1.9,1071,9.0,940,111,93,1449,756,17.6,30.1,0.6013,2004,3,27,6,12
403,2.1,1065,10.0,979,106,96,1467,766,19.1,26.8,0.5861,2004,3,27,6,13
404,2.5,1157,12.6,1072,137,114,1596,905,17.7,28.6,0.5735,2004,3,27,6,14
405,1.9,1046,7.6,883,113,101,1357,765,17.8,28.4,0.5737,2004,3,27,6,15
406,2.2,1147,11.8,1042,122,108,1538,830,18.7,26.0,0.5555,2004,3,27,6,16
407,2.3,1119,11.2,1022,137,117,1508,853,17.1,31.3,0.6038,2004,3,27,6,17
408,2.7,1210,12.4,1062,165,125,1586,981,15.8,36.1,0.644,2004,3,27,6,18
409,3.0,1306,12.9,1079,196,133,1621,1286,14.7,40.1,0.6657,2004,3,27,6,19
410,2.8,1258,12.2,1057,174,119,1633,1244,13.6,44.9,0.6991,2004,3,27,6,20
411,2.2,1148,8.8,930,140,107,1475,1056,12.5,48.1,0.6946,2004,3,27,6,21
412,1.6,1108,6.8,848,102,96,1421,1003,11.8,50.8,0.7042,2004,3,27,6,22
413,2.1,1231,8.6,924,130,105,1483,1245,10.9,56.1,0.7326,2004,3,27,6,23
414,2.3,1293,8.9,937,121,102,1464,1200,10.9,55.9,0.7277,2004,3,28,7,0
415,2.3,1274,8.3,912,111,97,1451,1188,10.3,58.1,0.7278,2004,3,28,7,1
416,1.7,1135,6.3,827,87,79,1395,1070,9.3,62.2,0.7294,2004,3,28,7,2
417,2.2,1151,8.3,911,141,96,1501,1075,8.2,66.7,0.7276,2004,3,28,7,3
418,1.3,1010,5.1,769,77,69,1396,895,8.3,64.9,0.7124,2004,3,28,7,4
419,0.8,870,2.6,626,39,52,1284,755,9.6,58.5,0.7,2004,3,28,7,5
420,1.1,983,3.6,688,77,62,1342,806,7.7,66.4,0.699,2004,3,28,7,6
421,1.4,995,3.6,691,91,69,1321,836,7.4,68.0,0.7043,2004,3,28,7,7
422,1.3,1024,4.7,747,105,75,1382,897,9.7,58.6,0.7035,2004,3,28,7,8
423,1.9,1163,7.5,880,133,83,1486,1073,12.5,50.1,0.7242,2004,3,28,7,9
424,2.3,1218,9.0,938,128,94,1501,1088,16.8,36.9,0.7018,2004,3,28,7,10
425,2.3,1210,9.5,958,126,96,1514,1036,19.2,31.3,0.6887,2004,3,28,7,11
426,1.8,1114,7.7,887,92,86,1438,768,21.3,26.4,0.6607,2004,3,28,7,12
427,1.4,995,5.7,796,66,72,1287,587,21.2,23.1,0.5768,2004,3,28,7,13
428,1.0,927,3.8,700,50,53,1189,452,18.6,25.0,0.5319,2004,3,28,7,14
429,1.4,1002,4.8,754,70,65,1260,470,18.0,27.3,0.5594,2004,3,28,7,15
430,1.3,987,4.3,727,73,70,1244,502,18.2,28.3,0.5848,2004,3,28,7,16
431,1.3,993,4.1,714,77,75,1238,516,17.0,31.4,0.6048,2004,3,28,7,17
432,1.4,1012,4.7,746,86,86,1301,555,15.6,35.0,0.617,2004,3,28,7,18
433,1.9,1114,6.2,823,93,94,1357,671,14.1,40.2,0.6438,2004,3,28,7,19
434,1.8,1093,5.5,789,105,103,1329,788,13.4,43.2,0.6623,2004,3,28,7,20
435,1.1,968,3.3,669,67,81,1246,538,12.3,46.8,0.6686,2004,3,28,7,21
436,1.1,960,3.2,666,63,80,1224,544,11.9,46.5,0.6449,2004,3,28,7,22
437,1.1,942,2.9,648,63,77,1204,500,11.5,46.6,0.6319,2004,3,28,7,23
438,0.9,888,2.2,598,46,58,1156,417,10.6,48.0,0.6135,2004,3,29,1,0
439,0.6,818,1.3,524,21,31,1071,341,10.7,45.8,0.5895,2004,3,29,1,1
440,0.5,840,1.1,509,22,38,1076,352,10.4,46.6,0.5901,2004,3,29,1,2
441,0.7,894,1.3,524,141,96,1095,397,10.1,47.8,0.5913,2004,3,29,1,3
442,0.6,864,1.2,516,39,59,1153,502,11.3,46.9,0.628,2004,3,29,1,4
443,0.7,898,1.7,559,55,70,1180,648,10.1,51.2,0.6341,2004,3,29,1,5
444,0.9,946,2.9,643,76,75,1232,760,9.9,50.7,0.6167,2004,3,29,1,6
445,2.9,1309,14.3,1125,181,103,1687,1183,8.1,56.8,0.615,2004,3,29,1,7
446,4.1,1326,19.7,1289,259,134,1806,1431,10.9,44.1,0.5748,2004,3,29,1,8
447,1.5,966,5.5,786,118,98,1258,705,11.8,37.6,0.5184,2004,3,29,1,9
448,1.5,975,5.6,793,119,97,1254,637,13.9,33.2,0.5222,2004,3,29,1,10
449,1.5,988,5.8,803,123,98,1293,658,15.6,30.1,0.5285,2004,3,29,1,11
450,1.4,971,5.5,786,92,78,1272,546,16.5,29.0,0.5406,2004,3,29,1,12
451,1.6,1010,6.5,833,91,83,1332,561,17.5,27.9,0.5517,2004,3,29,1,13
452,1.5,984,5.5,790,103,92,1268,532,17.9,26.8,0.5446,2004,3,29,1,14
453,1.4,962,5.2,776,102,81,1247,535,18.2,26.1,0.5387,2004,3,29,1,15
454,1.5,1012,5.8,801,94,90,1289,525,18.0,27.1,0.5522,2004,3,29,1,16
455,1.9,1058,7.9,896,98,95,1358,603,17.0,28.9,0.5558,2004,3,29,1,17
456,2.5,1173,10.2,985,126,114,1477,802,16.1,31.3,0.568,2004,3,29,1,18
457,2.1,1127,8.2,907,108,106,1404,796,14.5,35.4,0.5839,2004,3,29,1,19
458,1.6,1020,5.7,797,95,99,1302,689,13.2,37.9,0.5733,2004,3,29,1,20
459,1.2,949,3.8,700,78,90,1178,553,13.1,34.4,0.517,2004,3,29,1,21
460,1.1,930,4.0,710,61,82,1137,509,13.5,28.5,0.4405,2004,3,29,1,22
461,1.0,900,2.8,643,55,74,1089,455,12.4,31.9,0.4583,2004,3,29,1,23
462,1.0,899,2.6,630,57,76,1050,425,13.1,26.8,0.4023,2004,3,30,2,0
463,0.7,866,1.8,569,41,66,1055,436,11.6,33.6,0.4595,2004,3,30,2,1
464,0.7,900,1.7,563,46,73,1130,618,10.5,42.9,0.5442,2004,3,30,2,2
465,0.8,949,1.4,540,141,96,1104,747,11.7,38.7,0.5298,2004,3,30,2,3
466,1.5,897,1.3,529,41,69,1101,693,12.2,37.2,0.5277,2004,3,30,2,4
467,0.7,956,2.3,605,52,71,1117,691,12.9,33.9,0.5037,2004,3,30,2,5
468,1.1,1054,5.3,779,111,98,1266,1013,11.3,40.3,0.5376,2004,3,30,2,6
469,2.6,1343,13.4,1096,191,115,1587,1311,11.9,38.4,0.5341,2004,3,30,2,7
470,4.0,1584,23.8,1399,244,130,1947,1675,13.3,35.6,0.5416,2004,3,30,2,8
471,4.2,1556,21.5,1337,283,150,1852,1689,16.3,28.8,0.5305,2004,3,30,2,9
472,4.7,1565,21.0,1324,320,159,1872,1688,17.9,28.2,0.5741,2004,3,30,2,10
473,3.9,1429,18.4,1251,249,146,1754,1548,18.3,26.6,0.5529,2004,3,30,2,11
474,3.7,1419,18.9,1267,219,138,1763,1490,20.8,22.5,0.5463,2004,3,30,2,12
475,3.4,1373,17.1,1213,200,128,1711,1354,22.4,20.0,0.5352,2004,3,30,2,13
476,2.2,1185,10.4,992,138,97,1448,1014,20.9,21.7,0.5295,2004,3,30,2,14
477,1.9,1122,8.0,897,118,91,1372,831,19.1,26.5,0.579,2004,3,30,2,15
478,1.6,1085,6.2,820,99,81,1325,699,18.1,30.6,0.6295,2004,3,30,2,16
479,2.1,1249,9.7,968,112,99,1527,926,17.3,34.7,0.6788,2004,3,30,2,17
480,2.2,1236,9.6,962,117,101,1532,928,15.8,40.4,0.7228,2004,3,30,2,18
481,2.7,1334,11.9,1047,129,106,1638,1038,15.9,42.0,0.7541,2004,3,30,2,19
482,2.4,1264,8.7,928,132,102,1534,1035,15.9,43.5,0.779,2004,3,30,2,20
483,1.3,1073,4.7,746,73,84,1360,789,15.0,46.1,0.7833,2004,3,30,2,21
484,1.2,1053,3.8,701,68,81,1323,692,15.1,44.6,0.7574,2004,3,30,2,22
485,1.5,1098,4.7,747,80,91,1360,764,14.9,43.5,0.7302,2004,3,30,2,23
486,1.3,1029,3.8,702,68,82,1287,639,14.8,41.0,0.685,2004,3,31,3,0
487,1.0,973,2.7,631,44,64,1240,541,14.8,40.8,0.6814,2004,3,31,3,1
488,0.9,972,2.8,639,47,70,1256,678,14.8,40.8,0.6834,2004,3,31,3,2
489,0.5,832,1.0,496,141,96,1066,381,14.2,36.1,0.5823,2004,3,31,3,3
490,0.5,851,0.8,477,15,26,1064,343,14.5,36.1,0.5928,2004,3,31,3,4
491,0.6,909,1.5,545,44,58,1131,436,14.6,36.0,0.5947,2004,3,31,3,5
492,1.0,1038,3.5,684,85,93,1279,688,14.4,38.5,0.6291,2004,3,31,3,6
493,3.1,1636,15.6,1168,207,110,1926,1438,13.8,58.2,0.9129,2004,3,31,3,7
494,4.1,1580,19.9,1295,230,115,1957,1489,13.2,61.1,0.9256,2004,3,31,3,8
495,2.2,1262,8.6,924,181,125,1576,1093,10.4,74.4,0.9384,2004,3,31,3,9
496,1.7,1197,6.5,837,144,118,1498,965,11.5,71.0,0.9582,2004,3,31,3,10
497,1.9,1277,7.7,886,140,109,1579,1004,12.2,70.0,0.9924,2004,3,31,3,11
498,2.9,1430,11.3,1025,204,123,1772,1166,12.3,73.3,1.0442,2004,3,31,3,12
499,2.2,1242,9.1,944,149,114,1638,991,11.3,78.1,1.0411,2004,3,31,3,13
500,2.6,1349,11.2,1023,171,114,1748,1054,13.6,69.2,1.0746,2004,3,31,3,14
501,3.1,1390,13.5,1100,195,119,1799,1192,14.9,59.3,0.9974,2004,3,31,3,15
502,2.3,1224,10.1,980,152,111,1637,1055,15.7,50.9,0.8997,2004,3,31,3,16
503,2.4,1253,11.3,1026,128,103,1681,1048,15.2,52.9,0.9087,2004,3,31,3,17
504,2.8,1312,11.8,1041,121,103,1712,1073,15.5,50.8,0.8881,2004,3,31,3,18
505,2.7,1254,11.5,1033,142,107,1669,1068,14.3,52.9,0.8581,2004,3,31,3,19
506,2.3,1198,9.3,953,131,105,1588,1019,13.2,56.0,0.8446,2004,3,31,3,20
507,1.5,1060,5.5,787,81,91,1418,833,12.6,57.0,0.8315,2004,3,31,3,21
508,1.4,1050,5.1,769,60,79,1409,759,12.3,57.8,0.8224,2004,3,31,3,22
509,1.2,1029,4.8,754,57,79,1395,749,12.0,58.4,0.8164,2004,3,31,3,23
510,1.6,1143,6.3,825,96,86,1477,978,12.0,61.6,0.8593,2004,4,1,4,0
511,1.2,1044,5.1,770,85,70,1425,944,11.5,63.9,0.8652,2004,4,1,4,1
512,1.1,1034,4.1,716,50,55,1405,891,10.7,67.2,0.863,2004,4,1,4,2
513,0.9,956,4.0,713,141,96,1422,849,9.0,73.1,0.8394,2004,4,1,4,3
514,0.7,909,2.4,615,57,49,1322,790,10.2,66.6,0.8299,2004,4,1,4,4
515,0.9,996,2.9,648,64,50,1340,852,11.0,63.7,0.8325,2004,4,1,4,5
516,1.7,1154,7.4,876,153,67,1561,987,9.6,68.8,0.8243,2004,4,1,4,6
517,4.2,1510,19.8,1291,342,94,1949,1435,9.5,69.6,0.8273,2004,4,1,4,7
519,4.6,1512,21.0,1323,304,139,2001,1677,16.2,48.6,0.8892,2004,4,1,4,9
520,2.8,1258,11.7,1040,192,113,1701,1282,19.2,39.6,0.8693,2004,4,1,4,10
521,1.6,1094,6.8,850,130,88,1489,871,19.7,38.4,0.8743,2004,4,1,4,11
522,1.7,1129,7.4,875,106,73,1524,759,20.6,36.7,0.8797,2004,4,1,4,12
523,1.7,1125,8.6,924,102,73,1542,790,21.8,33.9,0.8771,2004,4,1,4,13
524,1.7,1053,7.9,895,99,72,1446,942,17.2,48.6,0.9768,2004,4,1,4,14
525,1.9,1053,7.9,895,108,81,1446,942,17.2,48.6,0.9768,2004,4,1,4,15
526,2.3,1053,7.9,895,131,93,1446,942,17.2,48.6,0.9768,2004,4,1,4,16
527,3.3,1308,16.4,1193,163,106,1193,1187,23.6,27.5,0.7913,2004,4,1,4,17
528,4.2,1529,21.2,1331,211,132,2028,1399,22.8,32.1,0.8814,2004,4,1,4,18
529,5.5,1592,25.0,1429,267,164,2089,1644,20.8,36.7,0.8878,2004,4,1,4,19
530,4.9,1536,20.2,1302,269,161,1922,1599,18.3,40.9,0.8493,2004,4,1,4,20
531,2.5,1192,10.8,1007,154,124,1604,1223,16.8,44.0,0.8341,2004,4,1,4,21
532,2.0,1186,9.9,976,127,113,1570,1200,15.8,48.0,0.8569,2004,4,1,4,22
533,2.0,1203,8.5,920,122,103,1529,1118,14.9,52.0,0.8757,2004,4,1,4,23
534,2.0,1139,8.0,899,126,104,1514,1067,14.1,54.4,0.8701,2004,4,2,5,0
535,1.3,1072,5.6,795,84,93,1442,1048,13.3,58.8,0.8922,2004,4,2,5,1
536,1.0,954,3.2,667,58,60,1350,718,13.3,60.9,0.9229,2004,4,2,5,2
537,0.9,951,3.3,673,141,96,1381,797,11.8,64.3,0.8869,2004,4,2,5,3
538,1.5,926,2.8,638,37,52,1342,749,11.2,65.9,0.8775,2004,4,2,5,4
539,0.7,968,2.6,628,56,66,1372,737,11.3,72.9,0.9738,2004,4,2,5,5
540,1.1,1067,4.3,727,91,82,1448,903,11.4,71.8,0.9671,2004,4,2,5,6
541,2.6,1386,13.0,1083,159,109,1833,1159,11.9,73.7,1.0254,2004,4,2,5,7
542,3.9,1474,20.3,1306,190,114,2060,1365,12.6,70.2,1.0221,2004,4,2,5,8
543,5.0,1569,20.7,1316,249,139,2054,1510,13.6,65.3,1.0136,2004,4,2,5,9
544,3.3,1375,15.9,1177,196,127,1898,1386,16.9,52.3,1.0013,2004,4,2,5,10
545,2.9,1328,14.2,1123,180,127,1821,1368,19.4,44.1,0.9855,2004,4,2,5,11
546,3.1,1341,15.9,1176,167,135,1825,1347,22.9,33.8,0.9322,2004,4,2,5,12
547,3.0,1297,16.1,1183,159,130,1773,1242,23.6,31.3,0.9001,2004,4,2,5,13
548,2.7,1303,14.7,1139,152,126,1761,1138,24.7,30.5,0.9371,2004,4,2,5,14
549,2.7,1281,14.0,1116,149,121,1703,1080,26.1,27.3,0.9101,2004,4,2,5,15
550,2.6,1248,13.6,1103,143,122,1632,1002,27.6,22.8,0.8288,2004,4,2,5,16
551,3.7,1382,19.7,1288,185,138,1799,1212,26.9,22.3,0.7792,2004,4,2,5,17
552,4.5,1491,23.3,1385,223,165,1915,1486,24.3,30.1,0.9012,2004,4,2,5,18
553,4.7,1620,24.1,1407,215,154,2052,1567,21.2,40.1,0.9978,2004,4,2,5,19
554,5.5,1693,25.4,1439,271,168,2083,1723,19.4,42.5,0.9483,2004,4,2,5,20
555,3.0,1374,14.1,1121,180,146,1685,1399,18.5,43.0,0.9074,2004,4,2,5,21
556,1.9,1287,10.1,982,115,124,1582,1291,17.8,47.0,0.9467,2004,4,2,5,22
557,2.3,1408,12.1,1052,149,124,1684,1443,16.8,53.2,1.01,2004,4,2,5,23
558,1.6,1254,9.0,941,98,106,1566,1270,17.1,51.8,0.999,2004,4,3,6,0
559,1.3,1141,6.3,827,73,88,1488,1110,16.2,54.2,0.9933,2004,4,3,6,1
560,1.2,1141,5.3,777,69,83,1455,1060,15.1,58.2,0.9886,2004,4,3,6,2
561,0.9,1042,3.8,697,141,96,1410,965,15.1,57.6,0.9796,2004,4,3,6,3
562,0.8,986,3.0,651,60,74,1380,891,14.5,58.0,0.9488,2004,4,3,6,4
563,0.8,1005,3.3,673,56,64,1387,905,13.7,61.6,0.9631,2004,4,3,6,5
564,0.9,1041,3.5,683,73,69,1398,899,13.9,59.6,0.9408,2004,4,3,6,6
565,2.0,1272,9.5,959,159,91,1660,1136,13.3,61.7,0.9399,2004,4,3,6,7
566,3.0,1436,15.2,1154,203,96,1872,1391,15.1,55.8,0.9486,2004,4,3,6,8
567,3.1,1472,14.3,1126,211,106,1816,1460,17.0,50.5,0.9684,2004,4,3,6,9
568,1.5,1418,11.2,1023,141,96,1720,1410,19.7,43.3,0.9837,2004,4,3,6,10
569,1.5,1410,11.4,1030,141,96,1743,1372,20.7,41.7,1.0092,2004,4,3,6,11
570,1.5,1438,13.4,1096,141,96,1779,1266,23.3,35.8,1.0098,2004,4,3,6,12
571,1.5,1278,10.6,1000,141,96,1621,1014,23.8,30.5,0.8897,2004,4,3,6,13
572,1.5,1257,10.8,1006,141,96,1573,870,24.8,27.0,0.8325,2004,4,3,6,14
573,1.5,1331,11.9,1046,141,96,1635,905,25.0,27.5,0.8575,2004,4,3,6,15
574,1.5,1361,13.5,1102,141,96,1704,991,25.8,26.5,0.8675,2004,4,3,6,16
575,1.5,1398,15.2,1156,141,96,1722,1076,25.1,27.1,0.8496,2004,4,3,6,17
576,1.5,1483,17.1,1213,141,96,1798,1249,23.7,28.6,0.8273,2004,4,3,6,18
578,1.5,1459,14.2,1124,141,96,1823,1300,19.9,47.5,1.0912,2004,4,3,6,20
579,1.5,1268,8.5,918,141,96,1602,1029,18.7,50.4,1.0772,2004,4,3,6,21
580,1.5,1469,14.3,1128,141,96,1870,1207,18.1,51.3,1.0587,2004,4,3,6,22
581,1.5,1316,9.3,952,141,96,1644,1047,17.5,53.8,1.0648,2004,4,3,6,23
582,1.5,1224,7.8,892,141,96,1580,923,16.7,56.5,1.0634,2004,4,4,7,0
583,1.5,1215,6.7,843,141,96,1551,862,15.9,59.2,1.0635,2004,4,4,7,1
584,1.5,1115,5.4,782,141,96,1500,752,15.2,62.4,1.0726,2004,4,4,7,2
585,1.5,1124,5.6,793,141,96,1521,791,14.7,65.0,1.0766,2004,4,4,7,3
586,1.5,1028,3.5,682,141,96,1448,697,14.3,65.3,1.0594,2004,4,4,7,4
587,1.5,1010,3.0,650,141,96,1434,664,13.7,66.5,1.0393,2004,4,4,7,5
588,1.5,1074,4.4,731,141,96,1488,891,12.9,69.1,1.0264,2004,4,4,7,6
589,1.5,1034,3.5,684,141,96,1423,813,13.7,64.8,1.0135,2004,4,4,7,7
590,1.5,1130,4.2,720,141,96,1461,828,15.3,59.0,1.0181,2004,4,4,7,8
591,1.5,1275,8.0,900,141,96,1634,1057,18.1,49.8,1.0272,2004,4,4,7,9
592,1.5,1324,9.0,939,141,96,1658,1011,21.5,40.7,1.0301,2004,4,4,7,10
593,1.5,1268,8.1,902,141,96,1589,932,23.3,37.1,1.0457,2004,4,4,7,11
594,1.5,1272,8.6,924,141,96,1603,881,25.1,33.8,1.0594,2004,4,4,7,12
595,1.5,1160,7.1,860,141,96,1531,646,25.6,32.1,1.0393,2004,4,4,7,13
596,1.5,1136,5.6,792,141,96,1476,536,25.8,31.1,1.0143,2004,4,4,7,14
597,1.5,1296,10.0,977,141,96,1642,746,26.1,30.8,1.0253,2004,4,4,7,15
598,1.5,1345,10.5,996,141,96,1678,833,24.4,36.0,1.085,2004,4,4,7,16
599,1.5,1296,10.1,983,141,96,1626,802,23.0,36.2,1.0053,2004,4,4,7,17
600,1.5,1258,10.0,977,141,96,1636,838,22.1,39.3,1.0336,2004,4,4,7,18
601,1.5,1420,13.0,1085,141,96,1756,1051,19.8,44.6,1.0208,2004,4,4,7,19
602,1.5,1366,10.5,997,141,96,1673,1041,18.5,48.9,1.0323,2004,4,4,7,20
603,1.5,1113,5.2,772,141,96,1493,646,16.6,56.1,1.0481,2004,4,4,7,21
604,1.5,1196,6.9,853,141,96,1556,769,15.8,58.8,1.0464,2004,4,4,7,22
605,1.5,1188,6.4,829,141,96,1540,785,15.3,60.8,1.0501,2004,4,4,7,23
606,1.5,1102,4.7,750,141,96,1470,613,14.7,64.4,1.0717,2004,4,5,1,0
607,1.5,969,2.4,611,141,96,1330,430,14.8,63.3,1.0584,2004,4,5,1,1
608,1.5,983,2.2,600,141,96,1375,485,15.0,61.5,1.0418,2004,4,5,1,2
609,1.5,876,1.1,505,141,96,1294,467,15.5,56.9,0.9961,2004,4,5,1,3
610,1.5,884,0.9,489,141,96,1278,436,16.0,54.0,0.9742,2004,4,5,1,4
611,1.5,1024,3.1,658,141,96,1417,682,13.5,63.9,0.9809,2004,4,5,1,5
612,1.5,1126,6.2,822,141,96,1541,927,12.9,65.3,0.9688,2004,4,5,1,6
613,1.5,1415,13.2,1089,141,96,1795,1192,13.4,62.5,0.9582,2004,4,5,1,7
615,1.5,1499,18.2,1247,141,96,1972,1505,15.3,56.7,0.9773,2004,4,5,1,9
616,3.1,1461,14.3,1127,236,124,1836,1451,15.6,57.4,1.0075,2004,4,5,1,10
617,3.0,1430,13.7,1107,228,121,1853,1409,16.6,55.2,1.0382,2004,4,5,1,11
618,3.2,1498,15.7,1171,206,114,1942,1434,17.0,54.3,1.0434,2004,4,5,1,12
619,3.1,1454,15.4,1162,188,114,1915,1457,18.0,51.5,1.0552,2004,4,5,1,13
620,2.5,1402,12.6,1069,158,106,1793,1325,19.5,47.5,1.0653,2004,4,5,1,14
621,2.1,1327,9.8,971,124,89,1705,1120,21.6,41.7,1.0606,2004,4,5,1,15
622,2.0,1273,9.6,963,98,82,1662,931,22.2,38.3,1.0106,2004,4,5,1,16
623,3.2,1457,16.3,1190,160,111,1877,1212,20.3,42.8,1.0053,2004,4,5,1,17
624,4.1,1543,19.8,1290,194,132,2011,1353,19.7,45.4,1.0312,2004,4,5,1,18
625,3.9,1499,18.0,1239,174,121,1957,1359,18.8,47.5,1.0199,2004,4,5,1,19
626,3.1,1378,13.6,1102,157,116,1796,1273,17.9,49.4,1.0064,2004,4,5,1,20
627,2.0,1243,8.7,928,109,100,1622,1079,17.5,50.9,1.009,2004,4,5,1,21
628,1.7,1196,7.7,885,85,89,1589,973,17.4,51.8,1.023,2004,4,5,1,22
629,1.6,1137,7.3,869,90,92,1554,951,17.0,53.9,1.0363,2004,4,5,1,23
630,1.0,1015,4.1,718,61,71,1428,714,16.6,55.4,1.0408,2004,4,6,2,0
631,0.8,978,2.7,635,36,51,1382,579,15.9,57.0,1.0224,2004,4,6,2,1
632,0.5,933,1.5,547,25,39,1336,542,15.0,59.2,1.0059,2004,4,6,2,2
633,0.5,927,1.9,579,141,96,1370,562,14.5,61.4,1.0041,2004,4,6,2,3
634,0.5,908,1.8,569,24,35,1360,526,14.1,61.6,0.9883,2004,4,6,2,4
635,0.8,980,3.4,677,73,64,1435,659,14.6,58.8,0.9711,2004,4,6,2,5
636,1.7,1236,8.5,920,164,94,1641,1012,14.4,58.9,0.9594,2004,4,6,2,6
637,4.5,1664,24.1,1407,329,134,2198,1564,15.3,55.2,0.9538,2004,4,6,2,7
638,6.2,1757,33.7,1636,302,129,2560,1806,16.2,52.5,0.9576,2004,4,6,2,8
639,4.4,1524,22.0,1350,256,125,2096,1604,18.4,46.3,0.9734,2004,4,6,2,9
640,2.9,1329,14.1,1119,182,107,1823,1288,19.6,41.8,0.9407,2004,4,6,2,10
641,1.6,1167,7.6,884,105,78,1580,931,20.2,40.1,0.937,2004,4,6,2,11
642,2.6,1369,14.5,1132,136,91,1818,1162,20.9,36.6,0.8939,2004,4,6,2,12
643,2.9,1284,13.6,1103,167,116,1704,1064,20.4,34.7,0.8229,2004,4,6,2,13
644,2.5,1221,11.5,1032,166,131,1630,913,19.3,35.4,0.7813,2004,4,6,2,14
645,1.9,1096,9.2,947,115,113,1519,684,18.6,36.9,0.7829,2004,4,6,2,15
646,1.9,1143,10.3,988,109,98,1590,710,18.8,36.8,0.7883,2004,4,6,2,16
647,2.7,1251,14.0,1116,143,116,1716,923,17.5,40.6,0.8068,2004,4,6,2,17
648,3.0,1268,15.0,1148,159,120,1776,1006,16.8,44.3,0.8428,2004,4,6,2,18
649,3.3,1314,15.1,1150,181,126,1784,1083,16.3,47.7,0.8746,2004,4,6,2,19
650,3.2,1315,14.8,1142,178,126,1807,1161,15.6,50.7,0.8947,2004,4,6,2,20
651,1.8,1095,8.5,918,91,90,1527,800,15.7,49.4,0.8768,2004,4,6,2,21
652,1.3,1027,5.9,808,76,81,1458,647,15.8,48.6,0.8653,2004,4,6,2,22
653,1.1,1012,4.8,752,66,74,1393,649,15.7,47.0,0.8325,2004,4,6,2,23
654,0.9,948,4.0,710,56,67,1352,575,15.7,45.9,0.8121,2004,4,7,3,0
655,0.7,889,2.3,603,35,46,1271,455,15.6,44.9,0.792,2004,4,7,3,1
656,0.4,830,1.4,538,21,30,1214,392,15.6,44.4,0.7827,2004,4,7,3,2
657,0.3,801,0.7,464,141,96,1154,340,16.1,42.4,0.7718,2004,4,7,3,3
658,0.3,804,0.7,468,12,19,1166,320,15.7,45.4,0.8063,2004,4,7,3,4
659,0.3,824,0.8,478,22,32,1200,331,15.3,50.1,0.8617,2004,4,7,3,5
660,0.8,1000,3.6,688,55,61,1398,426,14.2,58.6,0.9443,2004,4,7,3,6
661,2.8,1307,12.9,1082,152,111,1769,830,14.3,58.2,0.9431,2004,4,7,3,7
662,3.1,1286,15.7,1171,153,102,1821,1006,15.0,52.0,0.8817,2004,4,7,3,8
663,2.3,1150,8.6,925,152,116,1576,820,13.6,61.4,0.9519,2004,4,7,3,9
664,1.6,1087,7.4,876,112,96,1554,737,16.1,53.1,0.9675,2004,4,7,3,10
665,1.5,1016,6.6,839,119,97,1448,790,16.6,44.3,0.8294,2004,4,7,3,11
666,1.6,1029,7.8,892,122,110,1474,760,17.4,40.3,0.7922,2004,4,7,3,12
667,1.8,1109,9.1,943,115,103,1604,767,18.1,42.2,0.8679,2004,4,7,3,13
668,1.4,997,6.1,817,84,79,1426,626,14.4,51.8,0.8433,2004,4,7,3,14
669,1.9,1177,7.5,880,146,104,1552,776,10.9,76.4,0.9953,2004,4,7,3,15
670,1.2,1045,5.9,808,65,69,1421,589,16.4,47.7,0.8819,2004,4,7,3,16
671,2.3,1171,12.7,1073,120,96,1623,872,18.0,37.1,0.7598,2004,4,7,3,17
672,3.3,1221,13.5,1101,185,121,1700,996,14.7,48.7,0.8089,2004,4,7,3,18
673,3.1,1262,14.5,1133,157,129,1748,1033,11.3,71.3,0.9514,2004,4,7,3,19
674,3.3,1207,11.0,1013,174,116,1632,982,10.0,74.0,0.9087,2004,4,7,3,20
675,1.2,956,3.2,666,62,71,1282,518,9.8,71.8,0.8702,2004,4,7,3,21
676,1.3,1020,4.3,727,81,85,1391,631,9.3,75.2,0.8796,2004,4,7,3,22
677,1.9,1107,7.1,861,118,101,1510,879,9.6,76.0,0.9088,2004,4,7,3,23
678,1.4,1020,4.8,752,95,97,1398,839,9.3,75.0,0.8799,2004,4,8,4,0
679,1.5,1051,5.7,798,84,89,1455,876,9.0,76.7,0.8825,2004,4,8,4,1
680,1.1,965,4.1,716,56,72,1383,827,8.2,79.6,0.8672,2004,4,8,4,2
681,0.8,890,3.3,672,141,96,1338,781,7.6,80.6,0.8437,2004,4,8,4,3
682,1.5,823,1.8,568,43,57,1263,699,8.3,75.6,0.8302,2004,4,8,4,4
683,0.8,869,2.8,642,69,62,1288,723,8.1,72.1,0.7798,2004,4,8,4,5
684,1.1,939,4.8,754,74,64,1384,797,8.1,70.4,0.7609,2004,4,8,4,6
685,2.6,1274,13.8,1109,161,80,1723,1138,8.1,70.5,0.7627,2004,4,8,4,7
686,5.1,1512,27.1,1482,308,118,2189,1605,9.9,64.3,0.7859,2004,4,8,4,8
687,4.2,1435,19.1,1271,300,130,1885,1569,13.0,54.2,0.809,2004,4,8,4,9
688,2.6,1207,11.7,1041,189,113,1620,1319,16.5,42.6,0.7912,2004,4,8,4,10
689,2.4,1223,12.7,1075,164,112,1678,1198,19.3,34.2,0.7566,2004,4,8,4,11
690,2.1,1121,11.3,1026,122,96,1541,958,21.5,27.4,0.6941,2004,4,8,4,12
691,2.6,1176,14.2,1123,166,125,1609,1068,20.4,26.7,0.6323,2004,4,8,4,13
692,2.8,1144,13.9,1114,181,128,1551,1010,20.6,22.6,0.5432,2004,4,8,4,14
693,2.5,1136,13.2,1089,127,101,1552,928,20.6,24.8,0.5931,2004,4,8,4,15
694,1.9,1085,10.7,1004,106,95,1454,816,21.0,25.4,0.6264,2004,4,8,4,16
695,3.6,1297,19.7,1287,192,138,1798,1216,21.5,24.5,0.6203,2004,4,8,4,17
696,4.6,1408,24.0,1404,241,154,1972,1463,19.3,28.6,0.6357,2004,4,8,4,18
697,6.3,1618,29.1,1530,326,171,2167,1791,18.0,32.9,0.6737,2004,4,8,4,19
698,4.3,1319,15.8,1172,232,136,1699,1425,15.8,39.8,0.7096,2004,4,8,4,20
699,1.6,1045,7.0,857,92,93,1410,922,15.3,41.5,0.7194,2004,4,8,4,21
700,1.4,1058,6.3,824,95,99,1411,971,14.1,46.0,0.7363,2004,4,8,4,22
701,2.0,1053,7.9,895,129,106,1446,942,17.2,48.6,0.9768,2004,4,8,4,23
702,2.4,1053,7.9,895,154,109,1446,942,17.2,48.6,0.9768,2004,4,9,5,0
703,1.8,1053,7.9,895,118,97,1446,942,17.2,48.6,0.9768,2004,4,9,5,1
704,1.0,1053,7.9,895,69,83,1446,942,17.2,48.6,0.9768,2004,4,9,5,2
705,1.0,1053,7.9,895,141,96,1446,942,17.2,48.6,0.9768,2004,4,9,5,3
706,1.0,1053,7.9,895,97,79,1446,942,17.2,48.6,0.9768,2004,4,9,5,4
707,0.9,1053,7.9,895,145,84,1446,942,17.2,48.6,0.9768,2004,4,9,5,5
708,1.5,1053,7.9,895,169,86,1446,942,17.2,48.6,0.9768,2004,4,9,5,6
709,2.6,1053,7.9,895,250,111,1446,942,17.2,48.6,0.9768,2004,4,9,5,7
710,2.9,1053,7.9,895,215,117,1446,942,17.2,48.6,0.9768,2004,4,9,5,8
711,2.7,1053,7.9,895,237,122,1446,942,17.2,48.6,0.9768,2004,4,9,5,9
712,2.4,1053,7.9,895,190,119,1446,942,17.2,48.6,0.9768,2004,4,9,5,10
713,2.6,1053,7.9,895,219,121,1446,942,17.2,48.6,0.9768,2004,4,9,5,11
714,4.1,1053,7.9,895,294,127,1446,942,17.2,48.6,0.9768,2004,4,9,5,12
715,4.3,1053,7.9,895,253,135,1446,942,17.2,48.6,0.9768,2004,4,9,5,13
716,2.2,1053,7.9,895,176,119,1446,942,17.2,48.6,0.9768,2004,4,9,5,14
717,3.4,1053,7.9,895,243,137,1446,942,17.2,48.6,0.9768,2004,4,9,5,15
718,3.6,1053,7.9,895,214,139,1446,942,17.2,48.6,0.9768,2004,4,9,5,16
719,2.5,1053,7.9,895,141,117,1446,942,17.2,48.6,0.9768,2004,4,9,5,17
720,2.8,1053,7.9,895,166,127,1446,942,17.2,48.6,0.9768,2004,4,9,5,18
721,3.4,1053,7.9,895,197,137,1446,942,17.2,48.6,0.9768,2004,4,9,5,19
722,3.0,1053,7.9,895,191,127,1446,942,17.2,48.6,0.9768,2004,4,9,5,20
723,2.1,1053,7.9,895,159,107,1446,942,17.2,48.6,0.9768,2004,4,9,5,21
724,2.4,1053,7.9,895,175,102,1446,942,17.2,48.6,0.9768,2004,4,9,5,22
725,2.3,1176,8.4,917,157,95,1560,1151,12.0,67.9,0.9523,2004,4,9,5,23
726,1.3,1047,5.4,783,83,79,1449,975,12.0,66.9,0.9336,2004,4,10,6,0
727,1.7,1116,6.9,854,118,78,1533,1034,11.5,70.1,0.9503,2004,4,10,6,1
728,1.7,1074,6.4,832,101,75,1507,980,11.4,69.8,0.939,2004,4,10,6,2
729,1.0,922,3.6,687,141,96,1390,825,11.1,69.3,0.9128,2004,4,10,6,3
730,0.8,898,3.3,669,46,52,1386,807,10.8,70.3,0.9092,2004,4,10,6,4
731,1.0,970,4.0,708,81,55,1435,842,10.2,73.4,0.9129,2004,4,10,6,5
732,1.4,1073,6.0,812,112,65,1500,950,10.8,70.5,0.9142,2004,4,10,6,6
733,1.7,1081,8.2,906,150,72,1591,1024,11.0,71.0,0.9279,2004,4,10,6,7
734,2.0,1159,9.9,976,138,76,1663,1098,12.4,64.0,0.9206,2004,4,10,6,8
735,2.0,1112,8.8,931,124,84,1588,1011,15.0,53.1,0.8993,2004,4,10,6,9
736,1.9,1112,8.4,917,124,90,1542,931,16.6,44.4,0.8313,2004,4,10,6,10
737,2.1,1063,7.5,877,115,89,1481,811,18.0,38.4,0.7862,2004,4,10,6,11
738,1.8,1032,7.8,892,101,87,1457,756,20.6,30.0,0.7213,2004,4,10,6,12
739,1.5,936,6.4,829,90,88,1336,607,19.9,26.7,0.6137,2004,4,10,6,13
740,1.3,883,5.1,766,90,81,1238,498,19.8,23.1,0.5283,2004,4,10,6,14
741,1.4,942,6.9,852,89,89,1318,540,21.4,22.7,0.5722,2004,4,10,6,15
742,1.5,943,6.8,850,92,91,1296,544,22.1,21.3,0.5605,2004,4,10,6,16
743,1.7,1007,7.4,875,103,104,1357,620,21.1,24.5,0.604,2004,4,10,6,17
744,2.0,1037,8.7,927,122,111,1426,740,18.3,31.6,0.6562,2004,4,10,6,18
745,2.5,1127,11.2,1022,159,129,1534,921,16.1,35.0,0.6372,2004,4,10,6,19
746,2.4,1123,10.5,996,172,133,1551,1033,14.8,41.5,0.6929,2004,4,10,6,20
747,2.0,1110,8.2,909,125,115,1487,984,13.2,50.3,0.7577,2004,4,10,6,21
748,2.9,1247,11.6,1037,187,125,1618,1193,12.3,55.5,0.7916,2004,4,10,6,22
749,2.5,1220,9.7,967,174,117,1545,1219,11.8,56.6,0.7833,2004,4,10,6,23
750,1.4,1028,5.1,770,75,84,1326,913,11.2,56.2,0.7469,2004,4,11,7,0
751,1.2,978,4.0,711,48,63,1304,750,11.0,56.6,0.7418,2004,4,11,7,1
752,1.0,949,3.7,694,61,68,1310,772,9.3,64.3,0.7531,2004,4,11,7,2
753,1.0,910,4.0,709,141,96,1329,712,8.8,66.0,0.7501,2004,4,11,7,3
754,1.5,863,3.0,651,38,52,1286,712,7.8,70.4,0.7463,2004,4,11,7,4
755,0.7,836,2.9,643,38,49,1306,727,7.7,70.7,0.7463,2004,4,11,7,5
756,0.8,856,2.9,644,41,49,1301,746,7.4,71.0,0.7346,2004,4,11,7,6
757,0.9,888,3.0,651,51,52,1298,733,8.2,66.6,0.7283,2004,4,11,7,7
758,1.1,912,3.7,694,61,58,1343,727,8.7,64.3,0.7267,2004,4,11,7,8
759,1.0,938,3.9,706,47,51,1320,642,13.0,47.9,0.7116,2004,4,11,7,9
760,1.6,1053,6.2,823,87,77,1386,810,17.4,35.4,0.699,2004,4,11,7,10
761,1.8,1087,7.3,870,107,90,1412,851,20.2,29.2,0.683,2004,4,11,7,11
762,2.6,1153,9.2,945,161,118,1425,911,22.7,22.9,0.6224,2004,4,11,7,12
763,1.1,894,4.0,710,61,70,1200,611,22.3,22.4,0.5955,2004,4,11,7,13
764,0.6,797,2.3,606,26,35,1076,368,22.2,18.9,0.4993,2004,4,11,7,14
765,0.9,854,3.1,658,42,46,1108,369,22.0,19.0,0.4969,2004,4,11,7,15
766,1.0,892,3.2,665,55,58,1150,394,21.0,23.6,0.5788,2004,4,11,7,16
767,1.2,935,3.3,672,65,61,1183,415,19.6,27.4,0.6162,2004,4,11,7,17
768,1.4,989,4.0,709,75,80,1233,469,17.9,30.8,0.6258,2004,4,11,7,18
769,2.0,1063,5.7,797,93,93,1285,607,16.4,35.3,0.6532,2004,4,11,7,19
770,1.1,922,3.4,674,63,78,1205,498,15.6,37.5,0.6575,2004,4,11,7,20
771,1.1,925,3.5,680,60,76,1217,481,15.5,36.7,0.6438,2004,4,11,7,21
772,1.1,924,2.9,648,63,74,1186,465,14.5,39.0,0.6428,2004,4,11,7,22
773,1.1,914,3.1,661,66,81,1187,478,14.2,38.2,0.6163,2004,4,11,7,23
774,0.7,840,1.6,556,41,58,1094,366,13.7,38.3,0.5957,2004,4,12,1,0
775,0.6,799,1.1,514,42,59,1036,332,14.1,34.0,0.5442,2004,4,12,1,1
776,0.7,856,2.0,581,36,54,1111,346,14.6,34.0,0.5605,2004,4,12,1,2
777,0.6,830,1.7,560,141,96,1066,350,14.4,32.8,0.5364,2004,4,12,1,3
778,0.3,753,0.7,462,16,25,955,274,13.9,30.9,0.4868,2004,4,12,1,4
779,0.3,785,0.5,448,16,26,1003,263,13.5,37.9,0.5852,2004,4,12,1,5
780,0.4,835,0.7,472,33,49,1117,314,13.9,43.6,0.6871,2004,4,12,1,6
781,0.5,865,0.9,494,39,53,1185,367,13.5,50.1,0.7706,2004,4,12,1,7
782,0.6,922,1.5,541,45,57,1246,432,13.3,53.6,0.8169,2004,4,12,1,8
783,0.8,975,2.2,598,63,73,1293,536,13.4,56.0,0.8576,2004,4,12,1,9
784,1.0,1040,2.9,646,71,78,1325,555,13.0,59.6,0.886,2004,4,12,1,10
785,1.3,1115,3.9,707,104,93,1384,677,12.7,62.7,0.9173,2004,4,12,1,11
786,1.1,1004,2.8,641,85,71,1305,557,12.1,60.5,0.8505,2004,4,12,1,12
787,0.6,895,1.4,536,53,56,1229,421,11.2,64.4,0.8537,2004,4,12,1,13
788,0.7,917,1.7,563,58,60,1257,423,10.7,67.6,0.8703,2004,4,12,1,14
789,1.2,1025,3.6,689,89,77,1325,519,11.4,61.2,0.8236,2004,4,12,1,15
790,1.4,1035,3.1,660,96,82,1301,533,9.9,70.5,0.8581,2004,4,12,1,16
791,1.2,1025,3.5,682,88,77,1313,537,10.3,65.2,0.8151,2004,4,12,1,17
792,1.3,1040,3.9,705,100,91,1324,612,11.0,58.9,0.7714,2004,4,12,1,18
793,1.8,1070,5.2,776,127,93,1369,697,10.6,59.5,0.7595,2004,4,12,1,19
794,1.2,964,3.7,692,88,82,1292,573,10.6,57.7,0.7362,2004,4,12,1,20
795,0.8,904,2.7,635,66,74,1233,489,10.6,56.1,0.7149,2004,4,12,1,21
796,0.8,913,2.6,626,61,68,1234,474,10.3,58.0,0.7239,2004,4,12,1,22
797,0.8,914,2.4,610,54,65,1230,455,10.4,58.4,0.7352,2004,4,12,1,23
798,0.7,893,2.0,587,46,58,1219,433,10.7,58.2,0.7459,2004,4,13,2,0
799,0.5,844,1.3,532,25,36,1176,376,10.5,59.9,0.7624,2004,4,13,2,1
800,0.3,837,1.2,518,18,29,1182,360,10.5,60.8,0.7704,2004,4,13,2,2
801,0.4,868,1.3,530,141,96,1215,384,10.6,63.1,0.8068,2004,4,13,2,3
802,0.3,825,0.9,489,21,28,1171,363,11.1,60.1,0.7925,2004,4,13,2,4
803,0.7,956,3.1,656,76,68,1356,525,10.1,68.4,0.8443,2004,4,13,2,5
804,1.6,1124,6.9,853,149,99,1531,873,10.0,68.7,0.8456,2004,4,13,2,6
805,3.9,1496,19.1,1272,328,130,2011,1399,11.0,64.2,0.8398,2004,4,13,2,7
806,4.5,1452,22.1,1354,282,128,2057,1501,12.0,58.1,0.8138,2004,4,13,2,8
807,2.7,1172,11.8,1042,206,120,1641,1186,12.8,52.0,0.7643,2004,4,13,2,9
808,1.6,1020,7.3,871,133,93,1426,911,12.6,50.8,0.7387,2004,4,13,2,10
809,1.6,1044,8.0,900,137,96,1471,919,13.8,47.4,0.7435,2004,4,13,2,11
810,1.6,1020,7.2,866,116,84,1429,791,15.1,42.7,0.7294,2004,4,13,2,12
811,1.5,1009,7.7,885,112,87,1439,751,16.3,38.1,0.7006,2004,4,13,2,13
812,1.8,1073,9.7,966,128,87,1537,805,16.6,36.7,0.6867,2004,4,13,2,14
813,2.1,1098,9.8,971,145,103,1527,966,15.8,40.5,0.7241,2004,4,13,2,15
814,1.7,1061,7.7,887,110,88,1462,869,16.3,41.8,0.7712,2004,4,13,2,16
815,3.0,1289,15.3,1158,184,118,1791,1196,16.1,42.8,0.7783,2004,4,13,2,17
816,4.6,1442,21.5,1337,243,134,2004,1523,15.3,46.8,0.8074,2004,4,13,2,18
817,5.0,1479,21.7,1343,259,144,1995,1579,14.7,47.0,0.7815,2004,4,13,2,19
818,3.5,1266,14.6,1138,205,129,1747,1370,14.1,49.6,0.7931,2004,4,13,2,20
819,2.1,1149,9.3,952,144,108,1577,1204,13.5,54.1,0.8351,2004,4,13,2,21
820,2.1,1168,9.4,954,152,104,1586,1201,12.3,59.2,0.8461,2004,4,13,2,22
821,1.5,1079,6.8,847,108,90,1463,1122,11.6,62.2,0.851,2004,4,13,2,23
822,1.1,1047,4.9,760,64,74,1379,1003,11.5,61.4,0.8303,2004,4,14,3,0
823,0.9,936,3.9,705,73,73,1364,918,10.9,64.6,0.8395,2004,4,14,3,1
824,0.7,900,2.7,635,47,60,1307,836,11.1,63.2,0.8331,2004,4,14,3,2
825,0.4,839,1.9,576,141,96,1285,759,10.7,64.4,0.8284,2004,4,14,3,3
826,1.5,840,1.7,563,45,57,1275,755,10.7,63.8,0.8174,2004,4,14,3,4
827,0.9,905,3.3,670,79,62,1346,820,10.2,65.8,0.8196,2004,4,14,3,5
828,1.6,1079,7.4,875,113,71,1535,998,10.3,65.6,0.8225,2004,4,14,3,6
829,3.9,1417,18.2,1246,263,94,1921,1403,10.8,64.0,0.8307,2004,4,14,3,7
831,4.3,1397,18.3,1248,263,119,1906,1534,15.8,46.8,0.8328,2004,4,14,3,9
832,2.7,1214,12.3,1061,183,103,1662,1257,19.5,34.4,0.7738,2004,4,14,3,10
833,2.1,1109,8.9,935,147,95,1518,1026,21.1,30.2,0.745,2004,4,14,3,11
834,2.1,1122,10.4,993,132,95,1571,993,18.4,34.2,0.7185,2004,4,14,3,12
835,1.5,1094,9.7,966,141,96,1519,919,21.0,30.6,0.7538,2004,4,14,3,13
836,1.5,1164,12.8,1076,141,96,1653,1032,21.4,28.7,0.7231,2004,4,14,3,14
837,1.5,1188,12.9,1082,141,96,1653,1077,21.3,27.3,0.6856,2004,4,14,3,15
838,1.5,1098,8.9,934,141,96,1497,883,20.4,30.4,0.7193,2004,4,14,3,16
839,1.5,1180,11.0,1014,141,96,1595,1036,18.7,34.8,0.7436,2004,4,14,3,17
840,1.5,1195,12.6,1072,141,96,1609,1144,18.6,34.7,0.7369,2004,4,14,3,18
841,1.5,1234,13.3,1095,141,96,1638,1212,17.9,35.8,0.7276,2004,4,14,3,19
842,1.5,1425,18.1,1242,141,96,1858,1486,16.5,42.1,0.7856,2004,4,14,3,20
843,1.5,1320,13.0,1085,141,96,1689,1440,14.8,49.7,0.8321,2004,4,14,3,21
844,1.5,1158,7.8,892,141,96,1494,1242,13.4,54.3,0.8291,2004,4,14,3,22
845,1.5,1060,5.8,805,141,96,1418,1089,13.4,54.2,0.8319,2004,4,14,3,23
846,1.5,1036,4.7,746,141,96,1364,993,12.3,57.6,0.8223,2004,4,15,4,0
847,1.5,943,3.1,660,141,96,1297,862,11.6,58.8,0.7996,2004,4,15,4,1
848,1.5,899,2.1,591,141,96,1259,815,10.7,62.3,0.7988,2004,4,15,4,2
849,1.5,889,1.7,559,141,96,1241,714,10.2,63.2,0.7865,2004,4,15,4,3
850,1.5,847,1.3,527,141,96,1216,682,10.5,61.3,0.7761,2004,4,15,4,4
851,1.5,918,2.6,625,141,96,1298,744,9.3,65.8,0.7722,2004,4,15,4,5
852,1.5,1105,7.9,897,141,96,1510,1050,9.1,67.4,0.7814,2004,4,15,4,6
853,1.5,1491,21.4,1335,141,96,2001,1522,10.2,62.9,0.7831,2004,4,15,4,7
854,1.5,1508,22.1,1355,141,96,2034,1623,11.6,58.7,0.7999,2004,4,15,4,8
855,3.9,1489,19.1,1270,309,114,1889,1638,13.5,53.4,0.8196,2004,4,15,4,9
856,3.8,1451,17.3,1219,327,127,1804,1633,15.0,49.3,0.8364,2004,4,15,4,10
857,3.8,1454,17.5,1225,299,135,1809,1654,17.1,42.1,0.812,2004,4,15,4,11
858,3.9,1392,17.0,1210,257,135,1792,1559,18.4,36.9,0.7758,2004,4,15,4,12
859,3.5,1351,17.0,1210,195,120,1783,1374,19.3,35.4,0.7824,2004,4,15,4,13
860,4.0,1418,19.5,1282,231,129,1890,1418,19.2,35.7,0.7826,2004,4,15,4,14
861,3.0,1303,14.8,1143,170,114,1734,1228,21.5,30.4,0.7677,2004,4,15,4,15
862,3.1,1292,14.0,1116,192,129,1676,1293,19.6,34.6,0.7807,2004,4,15,4,16
863,5.2,1560,24.4,1413,251,149,2046,1642,19.6,35.5,0.8017,2004,4,15,4,17
864,5.9,1765,28.1,1507,289,149,2271,1895,18.3,44.1,0.9183,2004,4,15,4,18
865,7.3,1875,33.7,1637,351,158,2446,2086,17.4,47.8,0.9392,2004,4,15,4,19
866,6.1,1746,24.2,1409,319,148,2119,1898,16.8,49.8,0.9446,2004,4,15,4,20
867,4.6,1607,19.8,1290,264,134,1960,1758,16.2,53.2,0.9723,2004,4,15,4,21
868,2.5,1277,9.3,952,144,111,1607,1284,14.9,59.1,0.9928,2004,4,15,4,22
869,2.2,1207,7.3,868,119,106,1532,1075,13.9,64.0,1.013,2004,4,15,4,23
870,2.0,1209,7.1,863,120,108,1547,1084,13.7,66.8,1.041,2004,4,16,5,0
871,1.9,1189,6.7,844,96,93,1566,1049,13.4,69.6,1.0688,2004,4,16,5,1
872,1.6,1132,6.0,810,77,83,1532,1021,12.8,71.9,1.0632,2004,4,16,5,2
873,1.0,974,2.7,635,141,96,1387,778,12.9,68.5,1.0155,2004,4,16,5,3
874,1.0,1033,3.6,686,63,69,1420,948,11.9,74.8,1.038,2004,4,16,5,4
875,1.2,1075,5.4,782,97,77,1505,988,11.6,76.4,1.0415,2004,4,16,5,5
876,2.0,1242,10.0,978,180,87,1686,1184,11.7,75.3,1.0325,2004,4,16,5,6
877,4.5,1657,23.2,1384,352,109,2176,1600,12.8,71.0,1.0428,2004,4,16,5,7
878,4.1,1406,18.7,1258,279,116,1890,1495,13.8,61.1,0.9595,2004,4,16,5,8
879,2.6,1150,9.9,973,186,105,1590,1188,15.3,51.4,0.8886,2004,4,16,5,9
880,2.3,1184,10.2,983,169,106,1604,1166,16.6,48.7,0.9146,2004,4,16,5,10
881,2.6,1223,11.0,1014,172,108,1666,1219,17.6,46.7,0.9324,2004,4,16,5,11
882,2.4,1196,10.5,997,127,100,1644,1128,19.2,42.7,0.9425,2004,4,16,5,12
883,4.3,1559,18.9,1267,230,149,2047,1373,15.7,62.5,1.1092,2004,4,16,5,13
884,4.6,1544,18.9,1266,280,148,2066,1415,14.5,75.7,1.2425,2004,4,16,5,14
885,4.0,1485,17.5,1223,242,126,1980,1302,14.4,77.4,1.2654,2004,4,16,5,15
886,4.7,1498,17.7,1230,250,140,1963,1308,14.6,74.9,1.2391,2004,4,16,5,16
887,5.7,1593,23.0,1378,309,142,2159,1449,14.6,76.0,1.2573,2004,4,16,5,17
888,5.2,1529,20.4,1309,270,141,2083,1385,14.0,76.3,1.2166,2004,4,16,5,18
889,6.4,1689,26.8,1474,323,149,2298,1492,13.9,78.0,1.2303,2004,4,16,5,19
890,6.0,1535,19.9,1295,307,140,2039,1380,13.8,78.0,1.2229,2004,4,16,5,20
891,3.4,1304,12.5,1067,224,117,1811,1167,13.5,79.4,1.2224,2004,4,16,5,21
892,2.7,1235,9.6,963,166,103,1680,1095,13.1,80.1,1.2016,2004,4,16,5,22
893,3.1,1281,10.0,977,171,99,1695,1105,12.8,81.0,1.1915,2004,4,16,5,23
894,2.6,1167,8.1,904,169,100,1627,1051,12.7,80.6,1.1819,2004,4,17,6,0
895,2.2,1134,7.1,863,120,88,1599,1009,12.5,81.8,1.1838,2004,4,17,6,1
896,1.9,1100,6.4,829,103,83,1565,972,12.7,81.2,1.1849,2004,4,17,6,2
897,1.5,1057,5.1,768,141,96,1527,884,12.4,82.4,1.1848,2004,4,17,6,3
898,1.5,902,3.0,652,141,96,1437,661,12.6,79.9,1.1619,2004,4,17,6,4
899,1.5,982,4.2,724,141,96,1508,774,12.8,80.0,1.1761,2004,4,17,6,5
900,1.5,997,5.1,769,141,96,1524,868,12.6,79.9,1.1596,2004,4,17,6,6
901,1.5,1141,8.1,902,141,96,1672,965,12.5,79.6,1.1538,2004,4,17,6,7
902,1.5,1163,8.8,930,141,96,1691,985,12.8,80.8,1.1863,2004,4,17,6,8
903,1.5,1107,7.2,864,141,96,1604,963,13.5,78.1,1.1997,2004,4,17,6,9
904,1.5,1228,9.2,949,141,96,1706,1069,14.6,74.9,1.2348,2004,4,17,6,10
905,1.5,1033,6.0,810,141,96,1526,864,16.8,61.0,1.1599,2004,4,17,6,11
906,1.5,984,5.0,763,141,96,1472,641,18.8,50.1,1.0769,2004,4,17,6,12
907,1.5,1066,7.5,879,141,96,1536,740,19.3,47.1,1.0445,2004,4,17,6,13
908,1.5,926,3.9,707,141,96,1429,532,19.3,46.6,1.0298,2004,4,17,6,14
909,1.5,979,5.0,764,141,96,1462,572,19.7,44.4,1.0081,2004,4,17,6,15
910,1.5,993,5.4,783,141,96,1482,630,19.3,45.7,1.0161,2004,4,17,6,16
911,1.5,970,5.0,763,141,96,1462,608,17.9,49.9,1.0135,2004,4,17,6,17
912,1.5,997,5.5,788,141,96,1482,644,16.9,53.2,1.0179,2004,4,17,6,18
913,1.5,1097,7.8,892,141,96,1594,833,16.1,56.0,1.0151,2004,4,17,6,19
914,1.5,1105,8.2,908,141,96,1566,923,16.5,52.8,0.986,2004,4,17,6,20
915,1.5,993,5.3,777,141,96,1482,790,16.9,51.1,0.9743,2004,4,17,6,21
916,1.5,1136,7.9,896,141,96,1623,961,17.0,50.8,0.9751,2004,4,17,6,22
917,1.5,1297,10.7,1003,141,96,1700,1177,16.9,54.8,1.0455,2004,4,17,6,23
918,1.5,1110,6.9,855,141,96,1568,943,16.3,57.2,1.0492,2004,4,18,7,0
919,1.5,1027,6.3,827,141,96,1529,742,16.0,56.2,1.0164,2004,4,18,7,1
920,1.5,1024,5.6,795,141,96,1501,705,15.6,60.2,1.0617,2004,4,18,7,2
921,1.5,992,5.4,783,141,96,1527,663,14.6,68.2,1.1282,2004,4,18,7,3
922,1.5,929,3.2,664,141,96,1449,536,14.3,69.6,1.1257,2004,4,18,7,4
923,1.5,892,1.9,579,141,96,1396,441,13.8,71.9,1.1312,2004,4,18,7,5
924,1.5,895,2.3,609,141,96,1410,477,13.8,72.7,1.1402,2004,4,18,7,6
925,1.5,915,2.4,612,141,96,1411,506,14.2,72.3,1.1632,2004,4,18,7,7
926,1.5,947,2.9,649,141,96,1459,608,14.5,72.9,1.195,2004,4,18,7,8
927,1.5,1032,4.2,721,141,96,1546,663,14.2,75.6,1.2201,2004,4,18,7,9
928,1.5,1219,6.8,849,141,96,1664,912,14.5,77.2,1.2695,2004,4,18,7,10
929,1.5,1217,7.3,869,141,96,1660,963,14.9,74.5,1.253,2004,4,18,7,11
930,1.5,1097,5.3,779,141,96,1565,803,15.5,67.4,1.178,2004,4,18,7,12
931,1.5,938,3.4,674,141,96,1433,564,16.7,56.0,1.0544,2004,4,18,7,13
932,1.5,944,3.4,677,141,96,1436,501,17.1,55.5,1.0724,2004,4,18,7,14
933,1.5,1139,6.8,847,141,96,1604,701,16.2,62.4,1.1423,2004,4,18,7,15
934,1.5,1163,7.0,859,141,96,1603,783,17.4,58.9,1.1567,2004,4,18,7,16
935,1.5,1157,7.7,885,141,96,1590,784,17.5,54.6,1.08,2004,4,18,7,17
936,1.5,1154,8.5,919,141,96,1623,861,17.5,54.2,1.0722,2004,4,18,7,18
937,1.5,1342,13.5,1102,141,96,1824,1156,17.0,55.1,1.0621,2004,4,18,7,19
938,1.5,1178,9.2,949,141,96,1653,1047,16.4,57.8,1.0669,2004,4,18,7,20
939,1.5,1152,8.7,926,141,96,1669,1034,15.8,60.4,1.0744,2004,4,18,7,21
940,1.5,1078,6.6,841,141,96,1595,962,15.5,63.3,1.1071,2004,4,18,7,22
941,1.5,1167,9.1,945,141,96,1702,1100,15.0,65.2,1.1045,2004,4,18,7,23
942,1.5,1111,7.8,890,141,96,1658,1047,14.5,67.3,1.1054,2004,4,19,1,0
943,1.5,988,4.2,722,141,96,1500,874,14.1,70.1,1.1224,2004,4,19,1,1
944,1.5,917,3.4,677,141,96,1494,747,13.8,73.3,1.1518,2004,4,19,1,2
945,1.5,850,1.7,562,141,96,1407,589,13.1,78.3,1.1716,2004,4,19,1,3
946,1.5,885,2.1,589,141,96,1443,635,13.0,78.2,1.1664,2004,4,19,1,4
947,1.5,888,2.2,597,141,96,1428,671,14.3,70.1,1.1328,2004,4,19,1,5
948,1.5,1101,6.9,852,141,96,1655,992,14.0,70.9,1.1306,2004,4,19,1,6
949,1.5,1399,16.5,1195,141,96,1976,1308,15.4,64.2,1.1123,2004,4,19,1,7
950,1.5,1325,18.7,1260,141,96,1969,1303,16.5,57.9,1.0826,2004,4,19,1,8
951,1.5,1058,8.5,921,141,96,1594,893,18.8,48.0,1.0323,2004,4,19,1,9
952,1.5,990,6.8,846,141,96,1503,715,19.5,43.3,0.9706,2004,4,19,1,10
953,1.5,1018,7.5,879,141,96,1574,685,18.5,45.5,0.9606,2004,4,19,1,11
954,1.5,1105,10.9,1010,141,96,1709,947,18.0,46.7,0.9569,2004,4,19,1,12
955,1.5,1194,13.4,1097,141,96,1847,1049,16.5,58.2,1.0813,2004,4,19,1,13
956,1.5,1088,7.9,893,141,96,1565,741,12.1,75.6,1.0662,2004,4,19,1,14
957,1.5,1084,8.8,933,141,96,1602,801,11.1,75.6,0.9974,2004,4,19,1,15
958,1.5,1207,11.5,1032,141,96,1701,969,10.5,79.0,1.0016,2004,4,19,1,16
959,1.5,1186,11.8,1042,141,96,1684,1038,10.0,80.5,0.9853,2004,4,19,1,17
960,1.5,1053,8.3,911,141,96,1528,889,11.3,70.5,0.9389,2004,4,19,1,18
961,1.5,1032,7.9,895,141,96,1508,879,10.7,71.5,0.9197,2004,4,19,1,19
962,1.5,989,6.7,846,141,96,1476,846,9.9,74.0,0.9009,2004,4,19,1,20
963,1.5,930,4.6,745,141,96,1391,712,10.8,68.2,0.8806,2004,4,19,1,21
964,1.5,951,5.0,766,141,96,1431,747,10.2,74.0,0.9176,2004,4,19,1,22
965,1.5,985,5.3,780,141,96,1444,791,10.1,77.5,0.9579,2004,4,19,1,23
966,1.5,937,3.9,703,141,96,1377,637,9.9,77.7,0.9497,2004,4,20,2,0
967,1.5,887,2.9,648,141,96,1357,553,9.5,80.2,0.9533,2004,4,20,2,1
968,1.5,806,1.5,544,141,96,1290,449,9.5,79.7,0.9489,2004,4,20,2,2
969,1.5,771,0.8,483,141,96,1277,485,9.7,78.9,0.9487,2004,4,20,2,3
970,1.5,802,1.2,519,141,96,1315,540,9.8,80.0,0.967,2004,4,20,2,4
971,1.5,878,2.9,644,141,96,1410,685,10.0,79.6,0.98,2004,4,20,2,5
972,1.5,1070,7.6,883,141,96,1625,925,10.3,79.4,0.9927,2004,4,20,2,6
973,1.5,1430,20.7,1316,141,96,2069,1382,11.0,77.4,1.0135,2004,4,20,2,7
975,1.5,1365,20.1,1299,141,96,1999,1514,14.5,60.4,0.9936,2004,4,20,2,9
976,1.5,1348,17.1,1214,141,96,1874,1509,16.0,56.3,1.0185,2004,4,20,2,10
977,1.5,1311,19.4,1279,141,96,1991,1520,18.1,51.1,1.0551,2004,4,20,2,11
978,1.5,1302,18.7,1260,141,96,1970,1471,23.0,37.5,1.0389,2004,4,20,2,12
979,1.5,1250,15.8,1173,141,96,1870,1282,21.8,39.6,1.0209,2004,4,20,2,13
980,1.5,1083,10.3,988,141,96,1643,1004,21.9,37.2,0.9683,2004,4,20,2,14
981,1.5,1005,7.9,894,141,96,1530,714,23.8,31.4,0.9132,2004,4,20,2,15
982,1.5,1129,13.7,1107,141,96,1742,940,25.9,26.9,0.8845,2004,4,20,2,16
983,1.5,1327,19.7,1289,141,96,1938,1272,25.8,29.9,0.9808,2004,4,20,2,17
984,1.5,1428,25.3,1437,141,96,2156,1526,22.6,39.5,1.0679,2004,4,20,2,18
985,1.5,1426,23.9,1400,141,96,2102,1488,19.9,45.0,1.0364,2004,4,20,2,19
986,1.5,1310,20.6,1313,141,96,1958,1475,17.9,47.4,0.9657,2004,4,20,2,20
987,1.5,1114,12.3,1059,141,96,1704,1182,16.8,50.4,0.9545,2004,4,20,2,21
988,1.5,991,7.7,889,141,96,1550,933,16.0,52.0,0.9375,2004,4,20,2,22
989,1.5,1089,9.0,940,141,96,1589,1001,14.2,59.1,0.952,2004,4,20,2,23
990,1.5,911,4.5,740,141,96,1412,756,14.2,56.7,0.9111,2004,4,21,3,0
991,1.5,1005,5.8,802,141,96,1474,952,12.2,67.7,0.9625,2004,4,21,3,1
992,1.5,863,3.2,664,141,96,1381,808,13.2,61.7,0.9328,2004,4,21,3,2
993,1.5,857,3.0,653,141,96,1375,779,10.9,71.0,0.9249,2004,4,21,3,3
994,1.5,804,2.0,585,141,96,1319,717,11.3,67.6,0.9038,2004,4,21,3,4
995,1.5,871,3.7,694,141,96,1421,779,10.1,71.8,0.888,2004,4,21,3,5
996,1.5,1035,8.7,929,141,96,1599,1009,10.2,70.9,0.8841,2004,4,21,3,6
999,1.5,1396,20.0,1296,141,96,1991,1628,17.0,50.2,0.9646,2004,4,21,3,9
1000,1.5,1333,17.1,1212,141,96,1854,1573,22.3,36.9,0.9838,2004,4,21,3,10
1001,1.5,1161,11.0,1016,141,96,1642,1187,24.4,30.9,0.934,2004,4,21,3,11
1002,1.5,1081,10.6,1000,141,96,1561,900,25.9,26.7,0.8771,2004,4,21,3,12
1003,1.5,1075,10.5,998,141,96,1574,800,25.8,26.1,0.854,2004,4,21,3,13
1004,1.5,1055,9.6,964,141,96,1513,770,26.3,24.8,0.8393,2004,4,21,3,14
1005,1.5,1053,9.3,953,141,96,1483,758,27.0,22.2,0.7805,2004,4,21,3,15
1006,1.5,1087,12.7,1075,141,96,1558,886,27.3,20.5,0.7308,2004,4,21,3,16
1007,1.5,1304,19.8,1291,141,96,1838,1219,25.8,24.1,0.7912,2004,4,21,3,17
1010,1.5,1443,26.0,1455,141,96,2073,1600,21.4,36.0,0.9059,2004,4,21,3,20
1011,1.5,1209,16.4,1193,141,96,1737,1310,19.8,39.5,0.9016,2004,4,21,3,21
1012,1.5,1105,10.6,1000,141,96,1573,1208,19.2,42.1,0.9273,2004,4,21,3,22
1013,1.5,1020,7.1,863,141,96,1492,1074,18.8,45.8,0.9855,2004,4,21,3,23
1014,1.5,991,6.4,828,141,96,1469,993,17.1,50.8,0.9828,2004,4,22,4,0
1015,1.5,937,4.6,741,141,96,1420,923,16.2,53.4,0.9775,2004,4,22,4,1
1016,1.5,882,3.0,654,141,96,1377,819,16.0,53.5,0.9691,2004,4,22,4,2
1017,1.5,843,2.2,597,141,96,1341,727,14.3,59.2,0.9601,2004,4,22,4,3
1018,1.5,819,1.7,565,141,96,1316,694,13.3,62.6,0.9498,2004,4,22,4,4
1019,1.5,834,2.2,596,141,96,1335,727,13.4,59.5,0.9097,2004,4,22,4,5
1020,1.5,977,5.7,800,141,96,1474,926,12.2,64.1,0.9062,2004,4,22,4,6
1021,1.5,1234,13.8,1109,141,96,1729,1194,13.9,57.2,0.9029,2004,4,22,4,7
1022,1.5,1403,21.6,1340,141,96,2003,1502,15.2,53.2,0.9107,2004,4,22,4,8
1023,1.5,1538,26.1,1458,141,96,2186,1743,19.2,41.6,0.9154,2004,4,22,4,9
1024,1.5,1343,20.1,1299,141,96,1945,1542,23.7,30.6,0.8854,2004,4,22,4,10
1025,1.5,1243,15.4,1162,141,96,1731,1354,26.1,26.8,0.8921,2004,4,22,4,11
1026,1.5,1201,13.6,1102,141,96,1682,1175,28.1,24.4,0.9138,2004,4,22,4,12
1027,1.5,1121,11.1,1020,141,96,1585,916,28.3,23.9,0.906,2004,4,22,4,13
1028,1.5,1087,12.2,1055,141,96,1562,818,28.0,21.0,0.7814,2004,4,22,4,14
1029,1.5,1165,17.5,1225,141,96,1676,1028,30.8,16.4,0.7167,2004,4,22,4,15
1030,1.5,1224,19.1,1270,141,96,1739,1113,31.3,16.2,0.7262,2004,4,22,4,16
1031,1.5,1431,27.1,1482,141,96,2025,1431,29.4,20.5,0.8262,2004,4,22,4,17
1032,1.5,1433,28.3,1510,141,96,2038,1503,25.8,24.3,0.794,2004,4,22,4,18
1034,1.5,1387,22.4,1361,141,96,1932,1505,22.0,34.8,0.908,2004,4,22,4,20
1035,1.5,1158,13.5,1100,141,96,1659,1211,20.2,37.4,0.8748,2004,4,22,4,21
1036,1.5,1009,8.2,907,141,96,1466,872,19.3,38.8,0.8559,2004,4,22,4,22
1037,1.5,1026,7.8,890,141,96,1467,855,17.9,43.7,0.8856,2004,4,22,4,23
1038,1.5,1119,10.0,979,141,96,1593,1170,17.2,47.9,0.9334,2004,4,23,5,0
1039,1.5,1000,6.6,839,141,96,1467,1024,16.3,49.7,0.916,2004,4,23,5,1
1040,1.5,866,3.4,675,141,96,1337,841,16.7,46.5,0.8755,2004,4,23,5,2
1041,1.5,848,2.8,642,141,96,1325,760,14.6,53.0,0.8775,2004,4,23,5,3
1042,1.5,844,2.3,608,141,96,1314,803,14.1,53.9,0.8633,2004,4,23,5,4
1043,0.6,852,2.9,646,59,59,1321,793,14.2,52.2,0.8413,2004,4,23,5,5
1044,0.8,923,4.9,757,72,67,1418,906,14.3,55.4,0.9003,2004,4,23,5,6
1045,4.0,1490,22.6,1368,244,95,2119,1541,14.0,58.0,0.9202,2004,4,23,5,7
1047,5.0,1553,22.1,1354,358,142,2030,1895,19.1,42.1,0.9233,2004,4,23,5,9
1048,3.2,1423,18.3,1247,245,142,1887,1684,23.7,31.0,0.8968,2004,4,23,5,10
1049,3.8,1458,22.0,1350,240,169,1947,1731,26.9,25.7,0.8942,2004,4,23,5,11
1050,3.3,1349,20.1,1299,179,142,1838,1402,29.7,20.6,0.8478,2004,4,23,5,12
1051,3.0,1326,18.9,1265,160,136,1835,1246,29.2,21.5,0.8573,2004,4,23,5,13
1052,3.2,1356,20.6,1312,174,147,1865,1342,29.6,20.1,0.8181,2004,4,23,5,14
1053,4.4,1460,25.3,1438,260,196,1953,1489,30.0,19.4,0.81,2004,4,23,5,15
1054,4.6,1497,25.8,1449,281,186,1985,1532,29.5,20.1,0.8136,2004,4,23,5,16
1055,5.2,1645,30.6,1566,284,177,2228,1909,27.0,26.8,0.9403,2004,4,23,5,17
1056,4.8,1557,27.1,1483,250,164,2087,1757,24.9,30.8,0.954,2004,4,23,5,18
1057,5.6,1747,32.5,1608,281,161,2335,1983,23.1,36.7,1.0244,2004,4,23,5,19
1058,4.6,1482,20.8,1319,230,146,1975,1703,21.5,40.8,1.0333,2004,4,23,5,20
1059,1.8,1211,10.9,1010,98,98,1619,1246,20.5,41.5,0.9864,2004,4,23,5,21
1060,2.2,1294,13.0,1083,121,108,1687,1321,19.2,44.9,0.9875,2004,4,23,5,22
1061,2.0,1300,11.8,1043,110,107,1659,1375,18.8,47.7,1.0221,2004,4,23,5,23
1062,2.8,1402,13.4,1098,161,113,1729,1456,18.2,49.7,1.0284,2004,4,24,6,0
1063,2.6,1349,13.4,1097,148,100,1763,1442,16.1,57.4,1.0451,2004,4,24,6,1
1064,1.8,1161,9.0,938,109,87,1597,1243,16.3,55.3,1.0178,2004,4,24,6,2
1065,1.1,1022,5.8,802,141,96,1481,1078,15.7,53.6,0.9483,2004,4,24,6,3
1066,1.5,948,3.8,700,45,60,1430,939,16.9,49.8,0.9514,2004,4,24,6,4
1067,0.7,933,3.7,697,71,65,1403,937,14.8,57.7,0.9644,2004,4,24,6,5
1068,0.9,1021,5.7,800,75,64,1483,1019,14.0,59.7,0.9499,2004,4,24,6,6
1069,1.5,1134,10.0,979,106,73,1639,1140,14.6,56.8,0.9385,2004,4,24,6,7
1070,2.5,1311,15.0,1147,166,86,1838,1351,16.7,51.9,0.9788,2004,4,24,6,8
1071,3.0,1409,15.6,1169,188,105,1874,1459,20.0,45.0,1.039,2004,4,24,6,9
1072,2.6,1301,12.3,1059,161,107,1727,1297,23.9,33.7,0.9837,2004,4,24,6,10
1073,2.6,1354,14.4,1130,139,114,1808,1291,26.8,29.5,1.0209,2004,4,24,6,11
1074,2.6,1391,14.6,1136,134,105,1840,1296,27.2,32.4,1.1493,2004,4,24,6,12
1075,1.9,1200,8.7,929,84,74,1623,972,26.9,32.1,1.1217,2004,4,24,6,13
1076,2.0,1338,11.0,1016,98,95,1766,1194,24.3,41.8,1.2561,2004,4,24,6,14
1077,1.7,1223,9.0,938,91,89,1610,880,25.6,36.0,1.1629,2004,4,24,6,15
1078,1.9,1278,10.7,1003,99,95,1691,909,27.0,31.8,1.1176,2004,4,24,6,16
1079,1.8,1257,9.9,973,90,93,1634,839,27.5,31.6,1.1417,2004,4,24,6,17
1080,2.8,1497,15.7,1171,147,123,1899,1248,24.9,38.1,1.1838,2004,4,24,6,18
1081,3.5,1567,19.4,1280,177,134,1970,1476,23.4,39.7,1.1276,2004,4,24,6,19
1082,3.4,1503,16.8,1203,162,126,1863,1502,21.2,50.8,1.2631,2004,4,24,6,20
1083,2.0,1169,6.8,850,88,79,1584,873,15.6,73.5,1.2953,2004,4,24,6,21
1084,1.1,1007,3.0,650,53,54,1404,528,12.9,79.7,1.1774,2004,4,24,6,22
1085,1.3,1004,3.2,667,68,69,1365,492,11.5,76.9,1.0436,2004,4,24,6,23
1086,1.2,967,3.1,661,61,67,1321,463,12.2,66.8,0.9455,2004,4,25,7,0
1087,1.3,984,3.9,707,71,73,1359,494,12.4,64.1,0.9209,2004,4,25,7,1
1088,1.0,931,3.6,689,63,73,1317,503,12.7,58.7,0.8605,2004,4,25,7,2
1089,1.3,966,4.5,737,141,96,1363,581,12.6,58.6,0.8529,2004,4,25,7,3
1090,1.5,777,1.2,521,23,33,1121,350,12.5,51.2,0.7374,2004,4,25,7,4
1091,0.3,763,0.7,471,14,20,1098,305,12.5,50.9,0.7346,2004,4,25,7,5
1092,0.5,804,1.1,505,34,37,1148,329,12.8,49.3,0.7285,2004,4,25,7,6
1093,0.6,830,1.4,535,42,50,1184,375,13.5,48.6,0.7487,2004,4,25,7,7
1094,0.6,833,1.6,553,40,45,1180,373,14.4,45.9,0.7476,2004,4,25,7,8
1095,0.8,875,2.3,603,48,48,1206,385,15.1,43.9,0.7487,2004,4,25,7,9
1096,1.0,882,2.5,621,61,56,1216,403,16.6,38.6,0.7236,2004,4,25,7,10
1097,0.9,862,2.7,635,58,58,1193,393,17.2,35.0,0.6789,2004,4,25,7,11
1098,1.0,863,2.7,636,57,52,1185,388,17.4,33.9,0.6683,2004,4,25,7,12
1099,0.8,830,2.2,596,54,52,1145,371,17.9,30.7,0.6234,2004,4,25,7,13
1100,0.7,807,2.0,584,41,44,1104,347,18.3,27.2,0.5675,2004,4,25,7,14
1101,0.9,873,3.4,675,57,59,1181,396,19.4,25.7,0.5738,2004,4,25,7,15
1102,1.3,931,4.5,739,83,74,1219,474,20.2,24.1,0.563,2004,4,25,7,16
1103,1.4,918,4.7,748,81,76,1219,505,19.6,24.9,0.5625,2004,4,25,7,17
1104,1.5,1001,6.0,811,98,83,1344,625,18.5,27.8,0.5843,2004,4,25,7,18
1105,2.7,1169,11.7,1039,124,100,1550,941,17.8,30.3,0.6129,2004,4,25,7,19
1106,2.5,1085,8.2,907,133,101,1419,893,16.6,34.0,0.6353,2004,4,25,7,20
1107,1.4,940,5.1,769,100,90,1310,731,15.5,37.0,0.6447,2004,4,25,7,21
1108,2.8,1126,13.0,1083,116,93,1654,955,14.8,39.5,0.6595,2004,4,25,7,22
1109,2.1,978,7.0,858,102,79,1379,761,14.5,42.0,0.6896,2004,4,25,7,23
1110,1.1,893,3.9,703,55,57,1283,515,14.1,44.9,0.7206,2004,4,26,1,0
1111,0.7,838,2.2,601,33,43,1220,434,14.2,45.5,0.7333,2004,4,26,1,1
1112,0.4,803,1.3,527,17,25,1152,369,14.1,45.3,0.7247,2004,4,26,1,2
1113,0.3,775,0.8,477,141,96,1115,335,14.0,44.3,0.7038,2004,4,26,1,3
1114,1.5,767,0.6,454,10,17,1091,319,14.1,43.0,0.689,2004,4,26,1,4
1115,0.4,809,1.2,521,35,44,1158,378,13.9,43.9,0.6923,2004,4,26,1,5
1116,0.8,898,3.4,676,70,72,1307,517,14.0,43.8,0.6959,2004,4,26,1,6
1117,1.9,1053,7.5,880,116,91,1464,786,14.4,43.6,0.7113,2004,4,26,1,7
1118,2.1,1033,8.9,934,134,89,1490,844,15.0,41.7,0.7093,2004,4,26,1,8
1119,1.4,941,5.3,780,113,84,1343,720,16.3,38.4,0.7052,2004,4,26,1,9
1120,1.4,941,5.4,782,110,83,1328,668,18.3,32.3,0.676,2004,4,26,1,10
1121,1.3,917,5.2,772,98,78,1311,605,18.8,31.7,0.6821,2004,4,26,1,11
1122,1.5,977,6.6,837,96,80,1413,646,19.6,30.9,0.6968,2004,4,26,1,12
1123,1.6,994,6.9,851,95,75,1436,640,20.2,30.7,0.7176,2004,4,26,1,13
1124,1.3,942,5.4,785,86,77,1365,571,19.7,32.5,0.7396,2004,4,26,1,14
1125,1.4,981,6.0,810,86,77,1395,605,20.7,31.6,0.7602,2004,4,26,1,15
1126,1.5,984,6.4,832,91,81,1410,636,20.0,32.7,0.7545,2004,4,26,1,16
1127,2.2,1116,10.7,1003,119,101,1625,886,18.6,35.4,0.7535,2004,4,26,1,17
1128,3.2,1181,13.9,1114,147,119,1685,1032,18.3,35.9,0.7501,2004,4,26,1,18
1129,3.0,1163,12.5,1068,135,111,1616,977,17.8,37.5,0.7568,2004,4,26,1,19
1130,2.6,1081,9.3,950,124,109,1496,924,17.3,38.8,0.7584,2004,4,26,1,20
1131,1.6,1017,6.7,842,89,101,1441,846,17.3,38.8,0.7596,2004,4,26,1,21
1132,1.5,966,5.3,778,79,89,1359,755,16.4,40.8,0.7542,2004,4,26,1,22
1133,1.2,924,4.0,709,63,75,1318,610,16.0,41.4,0.7487,2004,4,26,1,23
1134,0.8,861,2.2,601,39,51,1225,439,15.4,43.0,0.7482,2004,4,27,2,0
1135,0.7,826,1.7,560,25,39,1197,402,15.7,42.5,0.7539,2004,4,27,2,1
1136,0.5,846,1.6,557,19,32,1212,406,15.6,43.4,0.7651,2004,4,27,2,2
1137,0.5,842,1.5,545,141,96,1224,424,15.2,45.8,0.7864,2004,4,27,2,3
1138,1.5,909,2.5,617,34,49,1302,558,14.7,49.9,0.828,2004,4,27,2,4
1139,0.7,930,3.3,670,58,68,1339,746,15.5,47.3,0.8282,2004,4,27,2,5
1140,1.4,1120,8.9,935,112,76,1593,1126,14.4,53.1,0.8677,2004,4,27,2,6
1141,4.1,1518,23.4,1389,314,122,2101,1703,15.9,48.5,0.8704,2004,4,27,2,7
1142,4.6,1461,23.8,1398,240,129,2050,1628,18.1,40.3,0.8294,2004,4,27,2,8
1143,1.9,1075,7.9,896,128,94,1487,936,19.6,35.9,0.81,2004,4,27,2,9
1144,1.9,1061,8.2,908,141,99,1455,890,22.8,29.1,0.796,2004,4,27,2,10
1145,1.7,1066,8.8,931,118,81,1474,757,24.8,25.3,0.7793,2004,4,27,2,11
1146,2.4,1179,14.6,1137,132,87,1651,949,27.2,22.0,0.7785,2004,4,27,2,12
1147,3.0,1251,18.0,1238,150,107,1779,1109,28.2,20.4,0.7677,2004,4,27,2,13
1148,2.0,1120,12.0,1048,121,95,1560,870,25.4,24.2,0.7733,2004,4,27,2,14
1149,2.7,1187,14.8,1142,149,110,1651,1011,25.7,23.8,0.7737,2004,4,27,2,15
1150,2.2,1145,12.5,1066,120,99,1592,885,27.2,22.1,0.7811,2004,4,27,2,16
1151,2.9,1215,15.5,1164,155,113,1689,1015,27.0,22.3,0.786,2004,4,27,2,17
1152,3.4,1317,17.7,1231,172,127,1798,1155,24.5,27.8,0.8433,2004,4,27,2,18
1153,3.9,1388,21.6,1341,177,131,1955,1315,23.7,30.2,0.8718,2004,4,27,2,19
1154,3.6,1295,18.9,1266,181,137,1849,1359,21.5,34.5,0.8746,2004,4,27,2,20
1155,2.5,1153,12.5,1066,135,122,1651,1194,19.9,37.8,0.8675,2004,4,27,2,21
1156,1.8,1078,8.8,932,99,100,1511,951,18.9,40.6,0.8771,2004,4,27,2,22
1157,2.0,1133,10.9,1012,111,108,1608,1054,17.9,43.5,0.884,2004,4,27,2,23
1158,1.3,1055,8.0,899,72,83,1504,980,17.4,46.3,0.9112,2004,4,28,3,0
1159,1.0,953,4.4,735,54,74,1396,898,18.1,44.7,0.9186,2004,4,28,3,1
1160,0.6,892,2.8,639,41,64,1359,803,16.5,50.1,0.9331,2004,4,28,3,2
1161,0.6,895,2.7,632,141,96,1347,684,14.2,56.9,0.9141,2004,4,28,3,3
1162,1.5,859,2.2,602,24,40,1321,644,14.7,56.2,0.9341,2004,4,28,3,4
1163,0.5,856,2.5,619,29,39,1345,677,16.3,52.8,0.9722,2004,4,28,3,5
1164,1.1,1030,7.5,880,76,69,1539,996,13.9,60.7,0.9597,2004,4,28,3,6
1166,4.2,1486,22.0,1351,274,100,2112,1692,16.1,54.8,0.996,2004,4,28,3,8
1167,4.6,1592,24.7,1423,322,146,2155,2108,19.3,46.4,1.0248,2004,4,28,3,9
1168,3.4,1469,18.4,1252,255,155,1903,1807,24.2,33.8,1.0097,2004,4,28,3,10
1169,2.8,1364,16.8,1205,196,139,1850,1566,26.7,28.7,0.9895,2004,4,28,3,11
1170,2.5,1285,14.2,1123,136,121,1741,1293,27.4,28.2,1.0098,2004,4,28,3,12
1171,2.4,1311,15.7,1170,119,108,1787,1219,28.1,26.9,1.0094,2004,4,28,3,13
1172,3.2,1416,21.9,1348,169,126,1969,1330,27.7,26.5,0.9693,2004,4,28,3,14
1173,3.5,1387,20.8,1318,197,145,1890,1299,28.4,23.4,0.8935,2004,4,28,3,15
1174,2.9,1329,16.2,1185,140,121,1750,1111,28.4,26.0,0.9922,2004,4,28,3,16
1175,3.6,1496,19.8,1292,178,145,1878,1300,27.3,30.0,1.0752,2004,4,28,3,17
1176,4.8,1676,28.9,1525,223,160,2226,1653,24.3,37.3,1.1199,2004,4,28,3,18
1177,5.4,1724,28.3,1510,222,155,2252,1716,23.1,42.2,1.1746,2004,4,28,3,19
1178,5.3,1642,24.9,1426,265,162,2117,1720,21.8,43.6,1.1226,2004,4,28,3,20
1179,2.7,1267,13.1,1088,151,129,1740,1339,19.8,46.8,1.0702,2004,4,28,3,21
1180,1.4,1146,8.6,923,79,96,1575,1166,19.6,49.8,1.1221,2004,4,28,3,22
1181,1.6,1216,9.5,960,87,92,1662,1256,17.9,56.2,1.142,2004,4,28,3,23
1182,1.5,1128,7.8,891,88,89,1574,1125,17.4,55.6,1.0963,2004,4,29,4,0
1183,1.0,1042,5.2,772,51,61,1495,968,16.8,59.5,1.1269,2004,4,29,4,1
1184,0.6,926,2.8,639,34,54,1409,814,15.9,60.1,1.0806,2004,4,29,4,2
1185,0.4,898,2.3,608,141,96,1386,743,15.6,61.2,1.0784,2004,4,29,4,3
1186,1.5,889,2.5,617,31,44,1382,758,14.6,63.4,1.0446,2004,4,29,4,4
1187,0.8,959,4.4,734,76,57,1470,861,13.3,67.0,1.0203,2004,4,29,4,5
1188,1.5,1097,9.4,956,139,68,1620,1047,12.9,66.5,0.9846,2004,4,29,4,6
1191,3.5,1408,18.0,1241,250,135,1886,1711,18.6,47.8,1.0143,2004,4,29,4,9
1192,2.1,1156,10.9,1009,145,118,1583,1204,23.8,30.2,0.8771,2004,4,29,4,10
1193,1.5,1042,9.0,941,110,91,1491,871,25.4,25.0,0.7966,2004,4,29,4,11
1194,2.0,1167,14.4,1128,104,89,1716,1040,25.6,25.5,0.8234,2004,4,29,4,12
1195,3.8,1398,22.3,1360,205,129,2037,1439,24.9,29.9,0.9325,2004,4,29,4,13
1196,3.4,1458,20.9,1321,201,122,2023,1516,22.4,37.9,1.016,2004,4,29,4,14
1197,4.4,1554,23.1,1379,266,138,2151,1693,21.7,44.0,1.1242,2004,4,29,4,15
1198,3.9,1495,21.2,1331,246,136,2069,1635,21.4,44.4,1.1176,2004,4,29,4,16
1199,4.9,1560,24.8,1424,247,143,2176,1688,20.8,45.3,1.1016,2004,4,29,4,17
1200,5.4,1664,28.6,1519,271,145,2312,1820,20.2,48.6,1.1354,2004,4,29,4,18
1201,6.5,1761,32.6,1610,332,146,2488,2006,20.2,50.8,1.1924,2004,4,29,4,19
1202,4.3,1524,19.2,1275,245,122,2046,1740,18.6,57.6,1.2233,2004,4,29,4,20
1203,2.9,1398,16.3,1189,180,112,1931,1577,18.2,58.8,1.2173,2004,4,29,4,21
1204,2.7,1342,13.7,1106,156,102,1856,1443,17.8,61.0,1.2352,2004,4,29,4,22
1205,2.8,1433,13.6,1104,172,97,1876,1411,17.0,70.7,1.3554,2004,4,29,4,23
1206,2.3,1297,11.1,1019,137,85,1823,1217,16.2,76.9,1.4051,2004,4,30,5,0
1207,1.7,1179,7.6,884,91,76,1696,1086,15.7,78.6,1.3943,2004,4,30,5,1
1208,1.2,1097,5.9,809,80,74,1628,1050,15.7,78.4,1.3917,2004,4,30,5,2
1209,1.0,1054,5.0,761,141,96,1598,965,15.7,77.4,1.3683,2004,4,30,5,3
1210,1.5,1017,4.0,711,46,56,1554,906,15.4,78.5,1.3635,2004,4,30,5,4
1211,0.8,1005,4.5,738,68,66,1563,917,15.7,74.7,1.3194,2004,4,30,5,5
1212,1.7,1206,9.3,949,162,90,1771,1116,15.9,73.1,1.3136,2004,4,30,5,6
1213,3.0,1458,18.3,1249,213,111,2033,1380,16.6,68.2,1.2737,2004,4,30,5,7
1214,3.4,1405,19.9,1295,161,103,2065,1378,18.7,57.6,1.2323,2004,4,30,5,8
1215,3.3,1381,16.6,1199,209,117,1970,1365,17.6,65.0,1.2945,2004,4,30,5,9
1216,2.7,1315,12.6,1072,191,116,1833,1273,16.3,73.2,1.3458,2004,4,30,5,10
1217,2.6,1332,12.9,1082,215,109,1889,1242,16.0,78.5,1.4209,2004,4,30,5,11
1218,3.2,1362,14.9,1145,212,116,1973,1294,17.3,72.4,1.4125,2004,4,30,5,12
1219,3.4,1399,17.4,1222,202,115,2061,1413,19.4,60.9,1.3545,2004,4,30,5,13
1220,2.6,1310,15.4,1160,153,94,1939,1224,21.4,50.9,1.2823,2004,4,30,5,14
1221,3.4,1399,16.7,1201,185,121,1971,1318,22.7,45.8,1.2465,2004,4,30,5,15
1222,4.0,1524,18.0,1239,210,114,2139,1404,20.9,60.8,1.4852,2004,4,30,5,16
1223,4.5,1487,19.2,1274,215,110,2133,1471,21.0,54.3,1.3353,2004,4,30,5,17
1224,4.2,1480,21.0,1324,215,122,2162,1623,20.8,54.4,1.3194,2004,4,30,5,18
1225,5.7,1626,26.9,1476,281,135,2356,1786,19.8,58.6,1.3392,2004,4,30,5,19
1226,4.4,1449,19.5,1282,254,133,2100,1569,19.1,61.1,1.3345,2004,4,30,5,20
1227,3.1,1363,15.1,1152,189,110,1951,1495,18.2,65.4,1.3529,2004,4,30,5,21
1228,3.0,1371,14.6,1136,174,102,1927,1471,18.1,66.1,1.3579,2004,4,30,5,22
1229,3.1,1406,13.7,1107,167,108,1872,1384,17.7,66.9,1.3422,2004,4,30,5,23
1230,3.5,1425,15.2,1155,185,110,1936,1789,17.8,66.8,1.346,2004,5,1,6,0
1231,2.4,1179,9.3,951,129,84,1724,1323,17.3,68.3,1.3346,2004,5,1,6,1
1232,1.6,1047,6.5,833,85,71,1647,1081,16.5,70.2,1.3099,2004,5,1,6,2
1233,1.3,1009,6.3,825,141,96,1629,938,15.7,73.1,1.2902,2004,5,1,6,3
1234,1.5,882,3.5,685,35,42,1492,673,16.2,69.9,1.2756,2004,5,1,6,4
1235,0.6,858,2.6,624,24,32,1434,543,16.7,67.1,1.2619,2004,5,1,6,5
1236,0.7,875,3.1,659,30,35,1452,561,16.7,66.9,1.2631,2004,5,1,6,6
1237,1.2,1012,6.5,833,75,67,1632,862,16.9,66.5,1.2688,2004,5,1,6,7
1238,1.5,1049,6.5,836,79,73,1615,901,17.7,62.0,1.2458,2004,5,1,6,8
1239,1.8,1131,8.8,932,104,86,1693,1048,19.4,54.6,1.2184,2004,5,1,6,9
1240,2.1,1120,8.8,931,118,89,1652,971,21.6,46.1,1.1725,2004,5,1,6,10
1241,1.9,1117,9.2,946,105,86,1657,915,24.6,36.7,1.1202,2004,5,1,6,11
1242,2.0,1110,9.2,948,101,86,1632,891,26.0,31.9,1.0566,2004,5,1,6,12
1243,1.3,962,6.1,816,65,66,1489,628,25.6,31.5,1.0184,2004,5,1,6,13
1244,1.3,963,6.5,835,59,68,1495,556,24.8,34.8,1.0716,2004,5,1,6,14
1245,1.8,1050,9.2,948,80,82,1584,652,26.1,30.3,1.0101,2004,5,1,6,15
1246,2.0,1053,8.3,911,98,91,1603,683,25.5,33.5,1.0767,2004,5,1,6,16
1247,1.8,1045,8.3,910,89,95,1598,624,23.7,37.2,1.0746,2004,5,1,6,17
1248,2.4,1124,11.0,1013,114,104,1676,733,22.3,38.9,1.0324,2004,5,1,6,18
1249,4.0,1330,14.7,1140,195,131,1780,1062,20.7,42.8,1.0298,2004,5,1,6,19
1250,2.8,1171,10.8,1006,156,112,1674,988,19.0,51.7,1.1222,2004,5,1,6,20
1251,2.0,1085,9.4,954,109,100,1656,871,17.8,55.5,1.1174,2004,5,1,6,21
1252,3.6,1358,14.8,1144,184,115,1851,1243,17.4,57.6,1.1342,2004,5,1,6,22
1253,3.7,1385,13.3,1094,190,129,1769,1175,17.6,58.5,1.1645,2004,5,1,6,23
1254,2.3,1167,8.4,914,105,99,1599,1126,17.2,59.3,1.1551,2004,5,2,7,0
1255,1.8,1072,7.9,894,76,74,1646,1118,17.1,60.4,1.1633,2004,5,2,7,1
1256,0.9,938,5.5,789,38,55,1536,864,16.4,62.2,1.1507,2004,5,2,7,2
1257,1.6,1000,6.6,838,141,96,1580,942,14.8,67.6,1.1352,2004,5,2,7,3
1258,1.5,854,3.3,670,26,35,1460,684,14.8,65.8,1.1028,2004,5,2,7,4
1259,0.6,815,2.6,628,33,37,1426,689,14.7,65.2,1.0811,2004,5,2,7,5
1260,0.7,866,3.6,689,57,45,1456,767,13.1,70.2,1.0554,2004,5,2,7,6
1261,0.8,911,4.8,751,48,46,1518,817,14.3,66.2,1.0728,2004,5,2,7,7
1262,1.2,988,5.9,806,87,68,1568,940,16.0,61.6,1.1083,2004,5,2,7,8
1263,1.4,1046,6.9,851,94,77,1595,908,17.7,56.4,1.1342,2004,5,2,7,9
1264,1.6,1085,8.5,918,89,79,1639,871,21.3,44.7,1.1157,2004,5,2,7,10
1265,1.3,1008,6.1,816,78,72,1531,689,23.6,36.4,1.0431,2004,5,2,7,11
1266,1.3,1004,6.2,821,72,68,1510,629,24.3,34.0,1.0149,2004,5,2,7,12
1267,1.1,948,4.8,754,64,64,1436,602,24.4,32.7,0.9863,2004,5,2,7,13
1268,1.2,1026,6.8,847,70,73,1519,617,24.6,31.7,0.9647,2004,5,2,7,14
1269,1.5,1047,7.0,859,92,84,1538,677,23.9,34.3,1.002,2004,5,2,7,15
1270,1.1,1018,5.5,790,69,67,1443,580,25.9,28.1,0.9258,2004,5,2,7,16
1271,1.9,1160,9.5,957,131,106,1637,861,24.5,32.3,0.9815,2004,5,2,7,17
1272,2.3,1269,11.9,1047,144,114,1721,1080,22.6,39.3,1.06,2004,5,2,7,18
1273,3.3,1394,13.8,1111,209,123,1853,1288,21.2,47.5,1.1828,2004,5,2,7,19
1274,2.6,1292,10.7,1003,170,108,1753,1163,19.9,54.9,1.2632,2004,5,2,7,20
1275,2.2,1212,9.7,966,152,100,1691,1043,19.4,52.1,1.1642,2004,5,2,7,21
1276,2.3,1137,10.2,985,171,118,1607,1045,19.4,42.6,0.9485,2004,5,2,7,22
1277,2.0,1080,8.3,910,153,121,1548,929,19.1,44.1,0.966,2004,5,2,7,23
1278,1.6,1031,7.1,861,97,94,1534,825,18.0,49.3,1.0086,2004,5,3,1,0
1279,0.8,917,3.0,654,37,52,1414,545,17.6,54.6,1.0918,2004,5,3,1,1
1280,0.6,888,2.2,598,26,39,1397,500,16.4,62.1,1.1493,2004,5,3,1,2
1281,0.4,872,1.7,564,141,96,1385,494,15.6,65.3,1.1484,2004,5,3,1,3
1282,1.5,876,1.5,547,25,33,1351,505,16.0,61.4,1.1043,2004,5,3,1,4
1283,0.7,964,3.7,697,61,57,1516,717,15.8,64.3,1.1416,2004,5,3,1,5
1284,1.3,1147,8.2,906,152,80,1687,1126,16.0,65.8,1.1844,2004,5,3,1,6
1285,3.4,1493,21.1,1328,283,101,2193,1597,16.8,62.5,1.1869,2004,5,3,1,7
1287,3.4,1483,17.4,1222,318,109,2054,1529,17.4,68.9,1.3557,2004,5,3,1,9
1288,2.5,1222,12.9,1080,201,111,1755,1366,21.4,45.0,1.1291,2004,5,3,1,10
1289,2.0,1060,10.9,1010,135,102,1623,1074,23.9,30.7,0.9002,2004,5,3,1,11
1290,1.9,1048,11.0,1013,127,96,1584,940,26.8,25.2,0.8721,2004,5,3,1,12
1291,1.7,1051,10.8,1008,102,90,1561,921,28.4,23.6,0.8983,2004,5,3,1,13
1292,1.4,998,10.0,977,74,69,1496,695,30.3,20.1,0.8539,2004,5,3,1,14
1293,1.5,1058,11.2,1023,81,74,1580,795,30.9,19.7,0.8649,2004,5,3,1,15
1294,2.4,1203,16.8,1204,129,102,1744,1079,30.2,20.5,0.8672,2004,5,3,1,16
1295,3.9,1491,23.6,1392,190,128,2149,1473,26.4,34.6,1.1724,2004,5,3,1,17
1296,4.2,1467,23.3,1385,192,130,2084,1493,24.9,39.4,1.2268,2004,5,3,1,18
1297,3.7,1407,19.4,1279,163,120,2009,1308,23.5,43.7,1.2484,2004,5,3,1,19
1298,3.2,1324,13.1,1086,149,113,1903,1189,19.3,63.1,1.4028,2004,5,3,1,20
1299,2.0,1214,9.8,970,119,100,1771,1076,18.7,64.6,1.3836,2004,5,3,1,21
1300,1.1,1016,5.3,780,61,70,1566,806,19.5,57.1,1.2806,2004,5,3,1,22
1301,1.5,1135,6.7,842,84,83,1653,973,18.9,62.5,1.3521,2004,5,3,1,23
1302,1.3,1065,5.5,789,79,81,1620,929,18.4,65.8,1.3802,2004,5,4,2,0
1303,1.0,999,3.7,692,58,69,1588,778,16.4,79.2,1.4681,2004,5,4,2,1
1304,0.6,911,2.2,599,32,48,1517,633,16.1,80.0,1.4562,2004,5,4,2,2
1305,0.4,873,1.5,545,141,96,1471,497,15.6,81.0,1.4302,2004,5,4,2,3
1306,1.5,881,1.5,546,21,28,1465,458,15.6,81.0,1.4216,2004,5,4,2,4
1307,0.6,967,2.9,646,49,47,1552,579,15.7,80.5,1.4236,2004,5,4,2,5
1308,1.9,1280,9.9,976,180,88,1912,1003,16.0,80.8,1.4602,2004,5,4,2,6
1311,3.2,1309,16.2,1186,192,104,1973,1308,17.7,70.8,1.4171,2004,5,4,2,9
1312,1.3,1035,7.9,895,84,65,1657,863,20.3,54.8,1.2867,2004,5,4,2,10
1313,2.2,1148,12.4,1062,128,87,1825,1004,21.2,49.3,1.2271,2004,5,4,2,11
1314,2.6,1152,13.6,1104,145,99,1860,1023,21.5,47.9,1.2178,2004,5,4,2,12
1315,2.3,1131,12.3,1059,132,100,1784,978,21.4,47.7,1.2047,2004,5,4,2,13
1316,2.4,1142,12.1,1053,136,105,1814,979,20.4,54.0,1.2757,2004,5,4,2,14
1317,2.6,1197,12.9,1082,140,97,1851,971,19.9,57.1,1.3158,2004,5,4,2,15
1318,1.2,960,6.3,828,55,54,1565,617,19.9,55.2,1.2701,2004,5,4,2,16
1319,1.6,1077,10.6,1001,67,59,1764,717,19.5,55.7,1.2512,2004,5,4,2,17
1320,3.9,1377,20.6,1313,191,109,2120,1220,18.3,62.8,1.3127,2004,5,4,2,18
1321,4.7,1405,22.1,1353,227,125,2185,1296,17.2,68.3,1.3289,2004,5,4,2,19
1322,5.4,1484,20.8,1319,264,132,2166,1413,16.1,75.2,1.3654,2004,5,4,2,20
1323,3.0,1187,11.8,1042,196,110,1840,1093,16.6,70.8,1.3253,2004,5,4,2,21
1324,0.9,870,4.3,729,43,53,1475,586,18.5,56.0,1.181,2004,5,4,2,22
1325,1.1,932,5.0,765,58,61,1543,575,17.3,59.5,1.1667,2004,5,4,2,23
1326,0.7,830,2.3,608,33,41,1370,441,18.6,52.3,1.1121,2004,5,5,3,0
1327,0.5,778,1.4,534,14,22,1294,358,19.0,49.8,1.0831,2004,5,5,3,1
1328,0.5,820,1.5,541,18,28,1360,377,15.7,64.5,1.14,2004,5,5,3,2
1329,0.5,842,1.8,565,141,96,1399,437,15.5,66.9,1.1691,2004,5,5,3,3
1330,1.5,867,2.1,589,28,41,1439,468,14.7,74.1,1.2302,2004,5,5,3,4
1331,0.8,927,3.5,682,56,54,1526,580,14.6,77.1,1.2727,2004,5,5,3,5
1332,1.3,1060,6.9,851,108,81,1673,805,14.5,78.3,1.2851,2004,5,5,3,6
1333,3.5,1440,19.1,1271,251,107,2163,1273,15.1,76.8,1.3061,2004,5,5,3,7
1335,3.9,1384,18.9,1265,255,124,2143,1307,16.4,72.4,1.3379,2004,5,5,3,9
1336,2.9,1172,13.0,1085,214,123,1876,1102,16.3,68.6,1.2657,2004,5,5,3,10
1337,2.6,1143,13.0,1083,190,120,1887,1083,17.2,62.9,1.2228,2004,5,5,3,11
1338,3.0,1167,14.5,1134,182,113,1920,1083,17.4,61.1,1.206,2004,5,5,3,12
1339,3.7,1303,19.7,1288,202,114,2116,1236,16.8,66.8,1.2691,2004,5,5,3,13
1340,3.9,1264,19.4,1279,224,120,2049,1223,17.3,62.6,1.226,2004,5,5,3,14
1341,3.5,1242,16.4,1193,221,125,1945,1175,17.5,60.8,1.2029,2004,5,5,3,15
1342,2.4,1070,11.2,1022,126,88,1740,933,17.5,59.2,1.1725,2004,5,5,3,16
1343,1.6,981,10.0,978,79,72,1682,835,17.7,56.9,1.1392,2004,5,5,3,17
1344,3.0,1198,14.6,1136,137,103,1870,1291,17.1,61.5,1.1873,2004,5,5,3,18
1345,1.6,1000,8.5,918,68,67,1661,802,17.5,63.9,1.2667,2004,5,5,3,19
1346,2.1,1110,9.2,949,96,79,1733,842,15.9,70.7,1.2672,2004,5,5,3,20
1347,1.8,1023,6.9,854,111,89,1637,744,15.1,75.1,1.2799,2004,5,5,3,21
1348,1.1,861,3.7,695,56,67,1438,500,13.9,72.5,1.1502,2004,5,5,3,22
1349,1.5,969,4.9,760,81,83,1518,560,12.0,79.8,1.1175,2004,5,5,3,23
1350,1.4,898,4.6,741,79,76,1468,589,12.5,75.8,1.0938,2004,5,6,4,0
1351,0.9,835,3.4,674,46,58,1416,488,12.0,75.0,1.0499,2004,5,6,4,1
1352,0.5,766,1.2,523,19,30,1310,387,12.6,72.2,1.0503,2004,5,6,4,2
1353,0.4,743,1.0,502,141,96,1292,355,12.7,71.6,1.0486,2004,5,6,4,3
1354,1.5,758,1.2,517,15,22,1294,351,13.1,67.1,1.0079,2004,5,6,4,4
1355,0.6,804,2.3,604,48,50,1357,420,13.2,64.6,0.9774,2004,5,6,4,5
1356,1.3,948,6.1,817,128,92,1546,695,13.1,65.6,0.9815,2004,5,6,4,6
1357,2.9,1204,16.8,1205,193,101,1984,1139,14.7,58.5,0.9688,2004,5,6,4,7
1358,3.6,1231,20.3,1304,203,121,2029,1315,15.9,53.1,0.9529,2004,5,6,4,8
1359,3.4,1176,16.4,1191,220,130,1836,1217,17.9,46.1,0.9388,2004,5,6,4,9
1360,2.5,1043,12.5,1066,161,114,1692,1014,20.2,37.7,0.8833,2004,5,6,4,10
1361,2.1,992,9.8,970,135,100,1624,884,18.5,42.8,0.9026,2004,5,6,4,11
1362,1.1,885,5.2,772,57,56,1450,524,13.0,64.3,0.9586,2004,5,6,4,12
1363,1.8,991,8.9,937,91,75,1581,644,15.1,54.5,0.9309,2004,5,6,4,13
1364,3.0,1182,14.1,1119,219,121,1831,1032,13.6,65.5,1.0184,2004,5,6,4,14
1365,3.1,1191,12.7,1074,239,128,1816,1038,12.3,78.3,1.1154,2004,5,6,4,15
1366,3.6,1272,14.6,1136,209,139,1869,1077,12.7,74.2,1.0863,2004,5,6,4,16
1367,3.3,1138,12.4,1063,169,122,1728,983,14.4,64.2,1.049,2004,5,6,4,17
1368,1.8,1008,9.4,954,92,92,1626,834,15.6,58.3,1.0266,2004,5,6,4,18
1369,2.1,1075,11.0,1015,107,97,1722,949,15.0,61.4,1.0385,2004,5,6,4,19
1370,2.2,1034,8.9,935,122,98,1605,941,13.7,65.8,1.0254,2004,5,6,4,20
1371,1.6,934,6.6,841,100,93,1497,756,12.3,66.4,0.944,2004,5,6,4,21
1372,0.9,883,3.9,705,51,65,1422,655,15.4,58.8,1.0215,2004,5,6,4,22
1373,1.8,1021,7.3,871,93,81,1586,805,14.1,64.9,1.0405,2004,5,6,4,23
1374,2.3,1059,8.2,907,145,102,1579,970,13.8,64.7,1.0168,2004,5,7,5,0
1375,2.0,1023,7.5,878,106,91,1568,969,13.5,67.8,1.042,2004,5,7,5,1
1376,0.9,855,3.3,669,46,56,1427,671,13.7,69.4,1.0794,2004,5,7,5,2
1377,0.6,826,2.4,616,141,96,1384,575,13.9,67.7,1.0712,2004,5,7,5,3
1378,1.5,831,2.2,602,32,41,1386,535,14.0,67.8,1.0787,2004,5,7,5,4
1379,0.7,817,2.8,639,51,48,1364,489,14.6,61.1,1.0075,2004,5,7,5,5
1380,1.5,972,7.5,880,89,72,1590,689,14.3,60.5,0.9847,2004,5,7,5,6
1381,3.7,1200,19.8,1290,214,106,2014,1196,14.9,56.9,0.9582,2004,5,7,5,7
1382,4.2,1234,22.1,1355,196,107,2095,1266,16.4,50.2,0.9286,2004,5,7,5,8
1383,3.4,1164,15.0,1148,224,127,1824,1130,16.0,50.9,0.9211,2004,5,7,5,9
1384,2.4,976,9.3,952,174,114,1582,834,18.6,42.8,0.9091,2004,5,7,5,10
1385,1.3,844,6.3,825,90,101,1405,536,19.7,33.7,0.7646,2004,5,7,5,11
1386,1.5,851,8.2,906,89,95,1418,545,21.2,27.7,0.6864,2004,5,7,5,12
1387,2.2,926,10.9,1010,132,110,1526,720,19.7,28.5,0.6445,2004,5,7,5,13
1388,1.8,890,9.3,950,114,101,1460,655,19.8,29.7,0.678,2004,5,7,5,14
1389,1.9,921,8.4,914,107,106,1481,614,19.2,35.6,0.7856,2004,5,7,5,15
1390,2.3,1052,9.4,956,140,116,1600,725,14.2,60.5,0.9765,2004,5,7,5,16
1391,3.6,1247,17.9,1238,187,124,1948,1036,12.9,69.1,1.0249,2004,5,7,5,17
1392,4.3,1205,17.4,1222,222,133,1911,1127,12.7,70.4,1.0294,2004,5,7,5,18
1393,2.2,1016,10.5,995,117,96,1642,854,13.9,62.7,0.9905,2004,5,7,5,19
1394,1.5,984,7.5,879,89,85,1527,792,13.9,62.9,0.9948,2004,5,7,5,20
1395,2.0,1041,8.0,898,130,97,1595,891,13.4,65.2,0.9996,2004,5,7,5,21
1396,2.0,1027,7.7,887,133,97,1568,876,13.4,64.6,0.9864,2004,5,7,5,22
1397,2.1,1025,7.3,869,144,101,1531,851,13.3,63.6,0.9677,2004,5,7,5,23
1398,1.5,984,6.4,829,99,85,1516,787,13.3,61.8,0.9433,2004,5,8,6,0
1399,2.2,969,5.6,791,102,80,1446,711,13.6,59.7,0.9271,2004,5,8,6,1
1400,0.5,758,1.5,546,27,33,1252,396,14.6,53.3,0.8807,2004,5,8,6,2
1401,1.5,767,1.5,547,141,96,1239,375,14.3,51.7,0.8412,2004,5,8,6,3
1402,1.5,772,1.2,518,141,96,1202,343,10.9,67.5,0.8785,2004,5,8,6,4
1403,1.5,831,1.6,557,141,96,1257,401,7.4,85.2,0.8808,2004,5,8,6,5
1404,1.5,871,2.6,628,141,96,1329,518,8.7,81.5,0.919,2004,5,8,6,6
1405,1.5,995,5.9,808,141,96,1479,685,10.3,75.6,0.9458,2004,5,8,6,7
1406,1.5,1093,8.5,918,141,96,1589,939,11.0,75.0,0.9821,2004,5,8,6,8
1407,1.5,1079,7.7,885,141,96,1588,974,13.6,66.1,1.0236,2004,5,8,6,9
1408,1.5,1084,6.9,852,141,96,1575,959,14.7,63.1,1.0488,2004,5,8,6,10
1409,1.5,1204,10.1,982,141,96,1739,1067,13.8,72.3,1.1361,2004,5,8,6,11
1410,1.5,1213,11.1,1018,141,96,1778,1061,13.3,76.8,1.1703,2004,5,8,6,12
1411,1.5,1124,9.2,949,141,96,1671,1008,16.2,60.0,1.0937,2004,5,8,6,13
1412,1.5,945,4.3,726,141,96,1432,637,16.3,55.3,1.0146,2004,5,8,6,14
1413,1.5,964,6.5,833,141,96,1489,647,20.0,40.4,0.9354,2004,5,8,6,15
1414,1.5,903,5.4,786,141,96,1375,523,19.8,35.4,0.8099,2004,5,8,6,16
1415,1.5,918,7.1,863,141,96,1408,539,19.8,33.6,0.767,2004,5,8,6,17
1416,1.5,1028,9.5,961,141,96,1502,649,17.8,38.5,0.7763,2004,5,8,6,18
1417,1.5,1175,17.0,1209,141,96,1829,1071,16.7,44.6,0.8393,2004,5,8,6,19
1418,1.5,1215,15.4,1161,141,96,1802,1237,15.1,51.8,0.8816,2004,5,8,6,20
1419,1.5,1072,9.9,976,141,96,1603,1018,14.1,56.2,0.9028,2004,5,8,6,21
1420,1.5,1070,9.3,952,141,96,1573,966,13.8,58.3,0.9147,2004,5,8,6,22
1421,1.5,1021,6.9,853,141,96,1457,901,13.7,59.7,0.9285,2004,5,8,6,23
1422,1.5,1063,7.1,859,141,96,1519,949,13.7,60.3,0.9405,2004,5,9,7,0
1423,1.5,1068,9.0,938,141,96,1575,1057,12.7,64.9,0.9506,2004,5,9,7,1
1424,1.5,993,8.3,913,141,96,1601,989,12.6,65.4,0.9529,2004,5,9,7,2
1425,1.5,1034,8.7,928,141,96,1619,1005,12.1,68.6,0.964,2004,5,9,7,3
1426,1.5,1025,8.4,914,141,96,1605,1003,12.3,68.0,0.9722,2004,5,9,7,4
1427,1.5,1036,8.1,902,141,96,1558,1087,11.9,71.1,0.9899,2004,5,9,7,5
1428,1.5,924,5.2,774,141,96,1460,909,11.3,73.8,0.9848,2004,5,9,7,6
1429,1.5,922,4.5,737,141,96,1414,882,13.1,62.6,0.9419,2004,5,9,7,7
1430,1.5,830,2.6,625,141,96,1303,568,16.8,46.8,0.8881,2004,5,9,7,8
1431,1.5,947,4.8,752,141,96,1434,620,17.9,44.8,0.9104,2004,5,9,7,9
1432,1.5,977,4.5,737,141,96,1450,686,17.8,49.5,0.9986,2004,5,9,7,10
1433,1.5,1025,4.9,761,141,96,1476,700,18.8,46.4,0.9968,2004,5,9,7,11
1434,1.5,1040,5.8,804,141,96,1502,780,19.3,44.0,0.9783,2004,5,9,7,12
1435,1.5,1013,4.1,718,141,96,1492,558,14.7,68.4,1.1405,2004,5,9,7,13
1436,1.5,1035,4.8,755,141,96,1521,608,15.6,65.8,1.1577,2004,5,9,7,14
1437,1.5,1086,7.0,859,141,96,1595,754,17.7,54.0,1.0826,2004,5,9,7,15
1438,1.5,967,4.8,753,141,96,1420,544,17.8,46.7,0.9466,2004,5,9,7,16
1439,1.5,968,5.4,785,141,96,1446,550,17.8,44.4,0.8967,2004,5,9,7,17
1440,1.5,1004,6.3,827,141,96,1465,627,17.8,44.3,0.8929,2004,5,9,7,18
1441,1.5,1132,10.1,981,141,96,1614,877,16.4,47.8,0.8851,2004,5,9,7,19
1442,1.5,1121,10.2,985,141,96,1625,981,15.6,51.6,0.9063,2004,5,9,7,20
1443,1.5,1068,8.4,917,141,96,1570,832,14.9,55.0,0.9228,2004,5,9,7,21
1444,1.5,1123,8.9,937,141,96,1606,941,13.8,59.8,0.9398,2004,5,9,7,22
1445,1.5,1101,8.8,933,141,96,1600,1022,13.8,62.1,0.9721,2004,5,9,7,23
1446,1.5,997,6.5,835,141,96,1501,888,13.9,61.1,0.9656,2004,5,10,1,0
1447,1.5,875,3.0,654,141,96,1375,683,14.9,57.6,0.9684,2004,5,10,1,1
1448,1.5,815,1.8,569,141,96,1344,534,14.4,60.1,0.9797,2004,5,10,1,2
1449,1.5,803,1.3,531,141,96,1318,489,13.8,63.2,0.9952,2004,5,10,1,3
1450,1.5,829,1.8,570,141,96,1357,562,14.2,62.9,1.0136,2004,5,10,1,4
1451,1.5,867,2.6,625,141,96,1385,652,14.0,63.8,1.0167,2004,5,10,1,5
1452,1.5,1118,9.8,970,141,96,1705,1019,13.4,67.4,1.0292,2004,5,10,1,6
1455,4.4,1378,20.2,1303,257,117,2051,1494,17.8,51.1,1.0362,2004,5,10,1,9
1456,2.5,1132,13.4,1096,178,107,1808,1186,20.0,45.0,1.0379,2004,5,10,1,10
1457,2.1,1108,11.7,1040,145,95,1748,1051,20.3,44.1,1.0392,2004,5,10,1,11
1458,2.4,1131,13.4,1097,137,93,1797,1027,20.7,42.4,1.0248,2004,5,10,1,12
1459,2.2,1105,12.9,1080,139,104,1758,981,20.8,40.6,0.9888,2004,5,10,1,13
1460,2.2,1120,13.4,1096,130,102,1767,976,21.5,39.7,1.0042,2004,5,10,1,14
1461,2.3,1100,13.7,1108,148,109,1731,932,25.0,30.1,0.9394,2004,5,10,1,15
1462,2.1,1098,14.2,1124,120,97,1716,871,25.2,29.7,0.9371,2004,5,10,1,16
1463,2.5,1137,17.8,1234,132,104,1824,990,23.4,32.0,0.91,2004,5,10,1,17
1464,3.6,1267,22.0,1352,188,124,1961,1196,21.0,37.8,0.9298,2004,5,10,1,18
1465,4.0,1319,24.4,1413,204,135,2050,1329,19.2,45.7,1.0084,2004,5,10,1,19
1466,3.0,1160,16.3,1189,167,122,1824,1151,17.7,50.9,1.0232,2004,5,10,1,20
1467,2.1,1084,12.4,1063,128,109,1703,1031,16.8,53.6,1.0167,2004,5,10,1,21
1468,1.7,1025,9.6,963,106,95,1621,917,15.8,56.2,1.0033,2004,5,10,1,22
1469,1.1,953,6.4,830,88,86,1521,860,16.0,56.5,1.0166,2004,5,10,1,23
1470,0.9,959,6.0,812,77,78,1518,910,14.2,64.1,1.0346,2004,5,11,2,0
1471,0.4,834,2.8,637,36,53,1362,699,15.0,59.8,1.0142,2004,5,11,2,1
1472,0.2,787,1.6,549,28,43,1317,596,14.3,61.9,1.0031,2004,5,11,2,2
1473,0.2,799,1.6,555,141,96,1320,643,12.8,66.0,0.969,2004,5,11,2,3
1474,1.5,807,1.8,571,46,53,1335,704,11.4,70.5,0.9484,2004,5,11,2,4
1475,0.6,866,3.6,686,55,48,1405,741,12.0,68.0,0.9547,2004,5,11,2,5
1476,1.4,1035,8.4,917,135,64,1606,968,11.3,70.4,0.9443,2004,5,11,2,6
1479,4.8,1513,26.0,1455,366,153,2182,1822,17.5,49.8,0.9877,2004,5,11,2,9
1480,4.5,1395,22.6,1368,322,163,2032,1675,21.9,35.2,0.9128,2004,5,11,2,10
1481,3.0,1209,18.3,1248,188,119,1891,1295,23.5,29.5,0.8435,2004,5,11,2,11
1482,2.5,1142,13.9,1115,144,96,1735,1091,24.3,29.8,0.8926,2004,5,11,2,12
1483,2.3,1140,14.4,1129,132,94,1728,1023,23.8,31.7,0.9212,2004,5,11,2,13
1484,2.0,1105,11.6,1035,117,86,1643,877,24.2,31.2,0.9257,2004,5,11,2,14
1485,1.9,1131,12.2,1058,121,91,1664,931,26.5,27.2,0.9282,2004,5,11,2,15
1486,1.9,1162,12.4,1064,124,97,1675,913,25.7,28.4,0.9248,2004,5,11,2,16
1487,3.5,1336,21.1,1326,188,125,1923,1255,26.3,27.5,0.9306,2004,5,11,2,17
1488,4.6,1533,29.9,1549,226,140,2233,1571,24.4,31.6,0.9545,2004,5,11,2,18
1489,6.3,1650,34.3,1649,266,158,2345,1779,23.1,35.3,0.9845,2004,5,11,2,19
1490,5.0,1535,26.1,1458,269,159,2120,1735,21.1,40.2,0.997,2004,5,11,2,20
1491,3.3,1382,18.1,1243,183,128,1941,1511,19.2,52.3,1.1516,2004,5,11,2,21
1492,2.7,1335,14.2,1122,167,114,1840,1424,18.1,58.7,1.2072,2004,5,11,2,22
1493,2.2,1267,12.4,1064,138,100,1766,1348,17.3,58.8,1.1494,2004,5,11,2,23
1494,1.7,1122,8.7,926,105,88,1619,1174,16.9,58.8,1.125,2004,5,12,3,0
1495,0.8,986,5.2,771,54,67,1518,947,17.6,57.6,1.1484,2004,5,12,3,1
1496,0.8,966,4.6,744,58,65,1511,935,15.6,63.9,1.1287,2004,5,12,3,2
1497,0.6,919,3.1,661,141,96,1468,838,14.9,65.7,1.1073,2004,5,12,3,3
1498,1.5,872,2.7,632,37,47,1403,768,15.6,62.2,1.0961,2004,5,12,3,4
1499,0.8,967,4.7,749,84,57,1517,881,14.0,68.3,1.0884,2004,5,12,3,5
1500,1.5,1152,9.6,964,134,73,1705,1096,14.5,65.7,1.0804,2004,5,12,3,6
1501,4.1,1500,23.6,1393,279,95,2163,1495,15.5,62.2,1.0875,2004,5,12,3,7
1504,3.9,1446,22.0,1350,280,108,2140,1630,19.7,51.9,1.1796,2004,5,12,3,10
1505,3.4,1349,17.9,1236,275,125,1964,1530,20.9,44.6,1.0872,2004,5,12,3,11
1506,3.3,1452,22.7,1371,207,117,2138,1622,21.9,43.3,1.1265,2004,5,12,3,12
1507,5.1,1676,29.3,1534,305,131,2413,1828,20.4,55.7,1.3205,2004,5,12,3,13
1508,3.1,1327,14.7,1139,236,126,1894,1323,17.4,67.0,1.325,2004,5,12,3,14
1509,2.5,1248,12.6,1072,183,114,1797,1188,17.1,64.0,1.2413,2004,5,12,3,15
1510,2.4,1250,12.7,1074,162,123,1806,1166,17.3,61.1,1.1957,2004,5,12,3,16
1511,2.8,1222,13.0,1084,157,116,1797,1108,17.7,56.3,1.13,2004,5,12,3,17
1512,2.9,1159,13.4,1097,136,107,1709,995,17.4,48.6,0.9559,2004,5,12,3,18
1513,3.4,1192,14.8,1143,166,123,1767,1108,17.6,43.7,0.8698,2004,5,12,3,19
1514,2.2,1074,9.4,954,136,112,1570,956,16.7,47.2,0.892,2004,5,12,3,20
1515,1.6,984,6.9,851,112,101,1452,817,16.8,45.6,0.8636,2004,5,12,3,21
1516,1.3,970,5.2,773,87,91,1425,658,16.1,52.0,0.946,2004,5,12,3,22
1517,1.3,987,5.7,800,86,88,1462,658,15.5,57.1,0.996,2004,5,12,3,23
1518,1.6,1003,6.5,836,98,96,1455,748,16.2,50.2,0.9156,2004,5,13,4,0
1519,1.2,933,4.7,747,62,75,1405,569,16.4,50.5,0.938,2004,5,13,4,1
1520,0.6,859,2.5,620,32,47,1316,445,16.2,52.8,0.9626,2004,5,13,4,2
1521,0.4,815,1.4,538,141,96,1272,379,16.0,53.7,0.9723,2004,5,13,4,3
1522,1.5,792,1.0,501,21,25,1252,354,16.2,53.0,0.9672,2004,5,13,4,4
1523,0.4,835,1.7,560,41,49,1317,407,16.2,53.7,0.9799,2004,5,13,4,5
1524,1.0,975,4.5,736,86,85,1459,611,15.9,55.3,0.991,2004,5,13,4,6
1525,2.0,1133,9.4,957,174,106,1652,944,16.2,55.6,1.0151,2004,5,13,4,7
1526,3.6,1347,17.9,1237,264,136,1984,1328,16.0,59.3,1.0711,2004,5,13,4,8
1527,2.4,1122,10.6,1000,211,119,1663,1085,16.6,55.6,1.042,2004,5,13,4,9
1528,2.4,1152,11.0,1014,208,122,1714,1139,17.4,51.8,1.022,2004,5,13,4,10
1529,1.6,1020,7.2,866,139,90,1554,799,17.6,49.7,0.9944,2004,5,13,4,11
1530,1.9,1066,8.7,927,138,97,1608,804,17.2,52.8,1.0236,2004,5,13,4,12
1531,2.4,1105,11.1,1016,142,98,1736,930,18.2,49.6,1.0268,2004,5,13,4,13
1532,1.7,1056,7.9,894,131,93,1576,771,19.5,45.0,1.0114,2004,5,13,4,14
1533,2.1,1084,9.8,970,132,98,1626,845,19.5,45.5,1.0189,2004,5,13,4,15
1534,3.1,1288,16.4,1191,178,123,1910,1192,19.8,44.3,1.0104,2004,5,13,4,16
1535,4.6,1390,22.6,1368,228,148,2092,1494,20.3,43.1,1.0114,2004,5,13,4,17
1536,4.5,1374,20.2,1303,232,148,2036,1457,20.3,44.4,1.0457,2004,5,13,4,18
1537,3.9,1378,21.7,1342,204,133,2076,1489,19.8,47.9,1.092,2004,5,13,4,19
1538,4.6,1428,21.2,1329,250,141,2102,1602,19.1,52.3,1.1486,2004,5,13,4,20
1539,3.3,1336,15.9,1176,208,131,1891,1468,18.2,54.7,1.1336,2004,5,13,4,21
1540,2.7,1234,12.0,1049,158,121,1733,1274,17.8,55.0,1.1097,2004,5,13,4,22
1541,3.3,1300,17.4,1221,197,123,1946,1401,17.5,56.4,1.1175,2004,5,13,4,23
1542,2.5,1246,15.0,1150,152,107,1873,1354,17.3,57.8,1.1298,2004,5,14,5,0
1543,2.1,1141,11.1,1017,112,104,1690,1188,16.8,57.5,1.0912,2004,5,14,5,1
1544,1.3,1014,6.9,853,75,91,1538,975,16.3,57.0,1.0484,2004,5,14,5,2
1545,1.0,938,5.1,769,141,96,1463,816,16.2,56.3,1.0262,2004,5,14,5,3
1546,1.5,988,6.1,814,74,87,1512,921,15.5,59.9,1.0498,2004,5,14,5,4
1547,1.2,983,6.5,833,116,102,1524,1012,16.0,58.3,1.0481,2004,5,14,5,5
1548,1.5,1033,8.4,917,118,95,1617,905,17.2,52.3,1.0169,2004,5,14,5,6
1549,3.7,1388,22.8,1372,272,140,2105,1449,18.5,49.4,1.0397,2004,5,14,5,7
1551,3.3,1148,13.6,1104,258,138,1713,1301,21.0,37.9,0.9313,2004,5,14,5,9
1552,2.5,1095,11.1,1019,186,113,1618,1181,22.8,32.4,0.887,2004,5,14,5,10
1553,1.9,987,10.0,979,130,101,1515,962,25.5,25.6,0.8218,2004,5,14,5,11
1554,2.0,984,10.5,998,134,97,1523,862,25.9,23.6,0.7771,2004,5,14,5,12
1555,2.5,1072,13.0,1084,148,114,1622,1017,27.7,20.8,0.7599,2004,5,14,5,13
1556,2.1,1048,12.5,1068,147,110,1573,993,27.1,21.6,0.7618,2004,5,14,5,14
1557,2.1,1042,11.4,1029,123,103,1540,879,28.4,20.2,0.7697,2004,5,14,5,15
1558,2.3,1113,13.1,1086,138,119,1584,926,28.1,21.9,0.8184,2004,5,14,5,16
1559,3.0,1146,14.9,1145,162,126,1647,1011,27.6,22.3,0.8116,2004,5,14,5,17
1560,4.1,1239,19.1,1272,214,144,1790,1380,25.2,24.3,0.7671,2004,5,14,5,18
1561,4.5,1302,21.8,1346,230,164,1880,1698,24.6,25.1,0.7636,2004,5,14,5,19
1562,3.5,1181,16.1,1183,191,148,1711,1432,23.1,27.2,0.7575,2004,5,14,5,20
1563,2.1,1068,11.6,1037,128,119,1567,1217,22.0,28.6,0.7483,2004,5,14,5,21
1564,2.3,1135,12.4,1065,138,111,1630,1317,20.8,34.5,0.8365,2004,5,14,5,22
1565,1.9,1121,10.4,992,126,115,1505,1255,20.4,35.3,0.8352,2004,5,14,5,23
1566,1.9,1131,9.7,965,107,103,1520,1223,19.1,38.3,0.8381,2004,5,15,6,0
1567,1.2,947,5.7,798,67,81,1395,930,18.0,40.5,0.8271,2004,5,15,6,1
1568,1.0,935,5.4,786,55,71,1389,954,17.4,43.4,0.8553,2004,5,15,6,2
1569,1.1,941,5.6,792,141,96,1397,889,14.8,50.6,0.8489,2004,5,15,6,3
1570,1.5,867,4.4,734,48,58,1324,808,14.6,51.4,0.8489,2004,5,15,6,4
1571,0.5,839,2.8,638,33,44,1271,643,15.7,46.9,0.8329,2004,5,15,6,5
1572,0.6,873,3.9,704,41,49,1322,756,15.3,49.7,0.8552,2004,5,15,6,6
1573,1.4,1065,9.1,942,106,68,1576,1067,16.0,47.4,0.8564,2004,5,15,6,7
1574,2.6,1187,13.6,1104,208,108,1721,1391,17.6,43.3,0.8647,2004,5,15,6,8
1575,2.8,1249,15.8,1174,193,117,1774,1486,20.3,37.4,0.8807,2004,5,15,6,9
1576,2.6,1157,12.7,1072,191,127,1653,1327,23.1,30.3,0.8425,2004,5,15,6,10
1577,1.6,988,8.6,924,113,93,1463,835,25.0,24.2,0.7568,2004,5,15,6,11
1578,1.7,1025,9.4,955,111,94,1457,834,25.6,23.5,0.7611,2004,5,15,6,12
1579,1.7,997,9.2,947,106,87,1460,815,25.5,22.6,0.7288,2004,5,15,6,13
1580,1.3,916,6.4,829,82,75,1333,621,26.1,21.1,0.7023,2004,5,15,6,14
1581,1.4,965,8.3,910,79,81,1389,643,28.2,19.4,0.7303,2004,5,15,6,15
1582,1.4,985,8.1,903,90,86,1437,712,27.4,20.5,0.7379,2004,5,15,6,16
1583,1.7,1026,8.5,920,104,97,1455,746,26.0,22.7,0.7532,2004,5,15,6,17
1584,2.3,1125,11.0,1016,148,117,1564,991,23.8,27.1,0.7858,2004,5,15,6,18
1585,2.5,1159,12.1,1054,158,120,1603,1046,23.0,28.7,0.7976,2004,5,15,6,19
1586,3.3,1284,15.0,1149,234,149,1725,1304,21.7,31.8,0.8191,2004,5,15,6,20
1587,2.2,1101,10.2,986,163,124,1574,1100,20.9,33.2,0.8098,2004,5,15,6,21
1588,1.6,1101,9.9,972,95,97,1552,1001,20.2,34.3,0.8017,2004,5,15,6,22
1589,2.6,1183,12.0,1049,146,112,1594,1290,19.6,37.0,0.8325,2004,5,15,6,23
1590,2.3,1132,10.5,996,102,95,1564,1205,18.1,40.9,0.8441,2004,5,16,7,0
1591,1.5,998,7.1,859,90,88,1450,1045,17.0,43.3,0.8341,2004,5,16,7,1
1592,0.9,911,4.6,743,41,54,1370,739,16.7,43.4,0.8193,2004,5,16,7,2
1593,0.8,875,4.2,721,141,96,1328,683,15.9,44.7,0.8009,2004,5,16,7,3
1594,1.5,808,2.6,630,30,43,1256,573,15.2,45.5,0.783,2004,5,16,7,4
1595,0.4,792,2.2,599,32,45,1235,564,13.5,50.1,0.7706,2004,5,16,7,5
1596,0.4,822,2.0,581,34,47,1256,602,14.2,49.9,0.8025,2004,5,16,7,6
1597,0.8,918,4.2,721,57,58,1353,785,13.8,51.4,0.8059,2004,5,16,7,7
1598,0.9,975,5.2,774,73,69,1393,878,16.3,45.1,0.8286,2004,5,16,7,8
1599,1.6,1047,8.2,908,119,89,1458,981,19.2,35.4,0.7812,2004,5,16,7,9
1600,2.0,1053,9.8,970,138,105,1473,991,25.5,21.1,0.677,2004,5,16,7,10
1601,1.6,1017,7.9,897,96,92,1400,780,28.2,19.0,0.7164,2004,5,16,7,11
1602,1.4,1021,7.7,889,80,82,1405,684,29.5,19.8,0.8013,2004,5,16,7,12
1603,0.9,941,4.8,753,45,56,1311,468,30.6,19.4,0.8348,2004,5,16,7,13
1604,0.9,991,5.3,776,45,60,1375,468,29.9,22.0,0.9181,2004,5,16,7,14
1605,1.2,1117,7.1,862,54,64,1476,530,31.5,21.9,0.997,2004,5,16,7,15
1606,1.4,1217,9.2,947,66,85,1566,648,31.2,24.6,1.0987,2004,5,16,7,16
1607,1.9,1248,10.1,982,95,107,1617,746,30.4,26.5,1.1347,2004,5,16,7,17
1608,1.8,1242,9.9,973,99,106,1632,819,26.8,33.5,1.1602,2004,5,16,7,18
1609,2.7,1403,15.1,1151,147,125,1820,1125,25.5,37.4,1.1995,2004,5,16,7,19
1610,2.4,1238,10.6,999,129,118,1648,1013,23.7,39.4,1.1381,2004,5,16,7,20
1611,1.6,1093,7.0,858,96,95,1495,816,22.9,37.0,1.0197,2004,5,16,7,21
1612,1.4,1034,5.9,805,92,97,1416,750,20.8,36.3,0.8775,2004,5,16,7,22
1613,1.4,934,5.6,795,88,93,1328,673,20.3,28.5,0.6686,2004,5,16,7,23
1614,1.4,913,5.4,785,89,85,1273,692,19.6,26.5,0.5974,2004,5,17,1,0
1615,0.9,835,3.7,691,52,67,1182,517,19.1,25.9,0.5673,2004,5,17,1,1
1616,0.5,773,1.8,568,25,37,1113,392,18.4,27.6,0.5799,2004,5,17,1,2
1617,0.4,771,1.4,533,141,96,1110,360,17.4,30.2,0.5945,2004,5,17,1,3
1618,1.5,805,1.4,534,28,40,1112,409,16.3,34.1,0.6257,2004,5,17,1,4
1619,0.5,930,3.5,684,65,75,1220,779,15.8,36.5,0.6535,2004,5,17,1,5
1620,1.3,1009,7.0,859,132,102,1420,1016,16.0,38.1,0.6879,2004,5,17,1,6
1621,2.6,1196,14.4,1131,216,113,1675,1243,17.6,35.0,0.6965,2004,5,17,1,7
1622,2.0,1010,8.9,937,180,142,1444,949,18.5,31.2,0.6611,2004,5,17,1,8
1623,1.8,990,8.6,924,140,90,1404,861,19.8,28.5,0.652,2004,5,17,1,9
1624,1.7,988,8.5,918,141,94,1393,850,22.3,24.1,0.6394,2004,5,17,1,10
1625,1.5,979,8.3,910,123,92,1396,788,24.2,21.7,0.6451,2004,5,17,1,11
1626,1.9,1029,10.1,983,129,97,1470,879,25.1,20.8,0.6516,2004,5,17,1,12
1627,1.7,984,9.1,945,115,88,1423,747,25.8,19.5,0.6392,2004,5,17,1,13
1628,1.5,985,8.5,919,104,86,1387,700,26.3,18.9,0.6344,2004,5,17,1,14
1629,1.7,981,7.7,886,129,99,1363,695,25.8,18.6,0.608,2004,5,17,1,15
1630,1.7,1020,9.0,941,138,95,1425,756,25.7,19.4,0.6304,2004,5,17,1,16
1631,2.4,1106,13.4,1097,135,105,1552,941,26.7,17.1,0.5909,2004,5,17,1,17
1632,3.1,1153,15.6,1168,163,121,1644,1021,24.3,19.8,0.5933,2004,5,17,1,18
1633,3.4,1215,17.8,1234,180,125,1735,1167,23.5,20.8,0.5937,2004,5,17,1,19
1634,3.0,1094,12.7,1072,170,122,1545,1105,22.0,24.0,0.6263,2004,5,17,1,20
1635,1.2,944,6.4,832,72,81,1350,712,21.1,26.2,0.6481,2004,5,17,1,21
1636,1.2,964,7.1,861,69,73,1398,735,20.9,28.8,0.7014,2004,5,17,1,22
1637,1.3,1003,7.4,872,79,80,1439,851,20.2,31.2,0.7304,2004,5,17,1,23
1638,1.0,914,5.2,774,53,65,1323,706,20.0,31.5,0.7262,2004,5,18,2,0
1639,0.4,839,2.4,609,36,59,1286,643,20.8,32.3,0.7813,2004,5,18,2,1
1640,0.3,830,2.0,582,30,50,1264,608,20.0,34.5,0.7954,2004,5,18,2,2
1641,0.2,812,1.2,521,141,96,1233,469,21.2,32.9,0.8178,2004,5,18,2,3
1642,1.5,832,1.5,547,15,23,1254,469,18.3,40.0,0.8345,2004,5,18,2,4
1643,0.5,903,3.1,656,38,37,1361,618,17.0,44.6,0.8593,2004,5,18,2,5
1644,0.9,1022,6.3,825,68,54,1487,931,17.1,45.3,0.8784,2004,5,18,2,6
1645,2.7,1378,19.3,1277,192,94,1970,1519,17.1,46.5,0.901,2004,5,18,2,7
1646,6.5,1745,38.9,1748,346,139,2605,2054,18.8,39.7,0.8547,2004,5,18,2,8
1647,3.2,1326,14.6,1137,225,115,1760,1550,20.3,38.1,0.8946,2004,5,18,2,9
1648,2.4,1215,12.3,1062,199,119,1650,1381,25.3,27.0,0.8565,2004,5,18,2,10
1649,1.9,1138,11.0,1015,140,103,1604,1115,27.4,22.8,0.8219,2004,5,18,2,11
1650,2.7,1244,15.4,1162,162,123,1735,1189,30.0,20.0,0.8338,2004,5,18,2,12
1651,2.9,1261,17.0,1210,173,126,1769,1200,30.9,19.1,0.8394,2004,5,18,2,13
1652,2.0,1182,12.5,1066,121,106,1663,965,30.6,20.2,0.8719,2004,5,18,2,14
1653,2.3,1208,13.8,1111,133,127,1653,1018,32.2,18.9,0.8964,2004,5,18,2,15
1654,1.9,1158,10.1,981,96,105,1573,775,31.7,19.5,0.8981,2004,5,18,2,16
1655,3.0,1346,19.3,1278,141,130,1873,1193,30.9,20.5,0.8996,2004,5,18,2,17
1656,4.4,1443,22.7,1371,221,160,1988,1425,27.5,24.7,0.8899,2004,5,18,2,18
1657,4.7,1440,25.5,1443,232,162,2068,1594,25.8,27.0,0.8821,2004,5,18,2,19
1658,3.4,1232,15.8,1173,174,135,1750,1284,23.7,30.0,0.8633,2004,5,18,2,20
1659,2.4,1159,12.3,1061,138,122,1648,1174,22.2,33.4,0.8806,2004,5,18,2,21
1660,1.2,1081,8.7,929,65,75,1518,937,21.1,36.5,0.9019,2004,5,18,2,22
1661,1.7,1083,8.3,911,107,96,1507,985,20.2,38.6,0.9016,2004,5,18,2,23
1662,1.2,1069,7.7,887,70,84,1542,1041,19.3,43.0,0.9535,2004,5,19,3,0
1663,0.7,940,4.2,724,44,68,1407,867,19.2,43.6,0.9591,2004,5,19,3,1
1664,0.5,901,3.0,653,41,65,1367,822,18.4,45.7,0.9599,2004,5,19,3,2
1665,0.3,848,1.8,571,141,96,1297,624,18.7,44.3,0.9453,2004,5,19,3,3
1666,1.5,846,2.2,598,33,52,1332,669,16.3,51.4,0.9468,2004,5,19,3,4
1667,0.3,848,2.2,598,32,46,1318,628,17.0,49.2,0.9459,2004,5,19,3,5
1668,0.7,980,5.7,800,46,54,1462,810,16.4,52.1,0.9612,2004,5,19,3,6
1669,3.1,1408,20.9,1321,173,94,2044,1495,16.4,53.4,0.9863,2004,5,19,3,7
1670,6.2,1716,36.7,1701,320,155,2545,2018,18.6,46.8,0.99,2004,5,19,3,8
1671,4.6,1475,22.0,1351,294,165,2006,1696,21.0,41.1,1.0104,2004,5,19,3,9
1672,2.6,1262,13.4,1096,182,134,1711,1340,26.4,28.9,0.9785,2004,5,19,3,10
1673,2.1,1156,11.5,1034,154,122,1640,1123,27.7,26.3,0.9652,2004,5,19,3,11
1674,2.0,1192,13.4,1097,118,113,1688,971,30.1,22.1,0.9281,2004,5,19,3,12
1675,2.2,1233,15.2,1154,116,115,1740,1000,31.0,22.9,1.0144,2004,5,19,3,13
1676,2.1,1208,13.0,1083,121,118,1702,891,31.0,22.6,1.0012,2004,5,19,3,14
1677,2.3,1215,14.0,1116,116,125,1715,852,31.6,21.0,0.959,2004,5,19,3,15
1678,2.5,1251,15.5,1165,144,135,1774,975,30.4,24.7,1.0526,2004,5,19,3,16
1679,3.4,1358,19.3,1278,176,149,1899,1192,28.8,26.3,1.0271,2004,5,19,3,17
1680,4.3,1379,21.9,1349,214,162,1961,1373,26.4,30.1,1.0204,2004,5,19,3,18
1681,3.8,1379,21.1,1326,191,151,1961,1307,24.7,31.5,0.9672,2004,5,19,3,19
1682,3.8,1373,18.4,1252,205,154,1889,1325,22.9,36.5,1.0083,2004,5,19,3,20
1683,2.0,1197,9.3,950,110,118,1592,918,20.8,41.8,1.0155,2004,5,19,3,21
1684,1.7,1238,9.0,940,95,103,1622,877,19.7,47.1,1.0666,2004,5,19,3,22
1685,2.0,1255,9.6,963,126,122,1665,1024,18.9,52.2,1.1313,2004,5,19,3,23
1686,1.5,1164,8.2,908,90,102,1574,1019,18.5,50.1,1.0539,2004,5,20,4,0
1687,0.8,1046,5.8,803,48,73,1490,823,18.0,53.0,1.0832,2004,5,20,4,1
1688,0.5,956,3.1,661,38,59,1398,701,18.4,51.7,1.0819,2004,5,20,4,2
1689,0.3,885,1.7,565,141,96,1329,542,19.8,46.2,1.056,2004,5,20,4,3
1690,1.5,877,1.6,549,14,26,1317,463,19.6,47.7,1.0736,2004,5,20,4,4
1691,0.3,925,2.3,609,26,35,1363,533,17.3,54.1,1.0582,2004,5,20,4,5
1692,0.9,1086,6.6,837,83,68,1553,906,15.8,59.0,1.0495,2004,5,20,4,6
1693,2.8,1490,19.6,1286,188,97,2053,1447,16.6,55.9,1.0486,2004,5,20,4,7
1694,5.4,1763,32.9,1617,253,146,2503,1835,18.7,52.8,1.1279,2004,5,20,4,8
1695,4.0,1462,18.1,1242,149,83,1961,1552,20.7,46.4,1.1227,2004,5,20,4,9
1696,2.2,1232,12.4,1062,155,117,1707,1092,26.1,30.0,0.9972,2004,5,20,4,10
1697,2.2,1239,12.5,1067,146,117,1702,1071,28.6,25.8,0.9989,2004,5,20,4,11
1698,2.0,1218,12.0,1051,121,108,1689,881,30.3,23.3,0.9869,2004,5,20,4,12
1699,2.0,1235,13.3,1094,111,107,1729,907,31.3,22.3,1.0043,2004,5,20,4,13
1700,1.9,1196,12.3,1061,116,120,1649,899,31.1,22.3,0.9888,2004,5,20,4,14
1701,2.7,1288,16.0,1179,167,150,1799,1074,32.4,20.4,0.9732,2004,5,20,4,15
1702,2.2,1248,13.7,1108,145,138,1701,969,32.6,19.3,0.935,2004,5,20,4,16
1703,3.5,1401,21.7,1342,192,148,1959,1267,31.2,20.3,0.9064,2004,5,20,4,17
1704,4.1,1401,23.7,1396,231,168,2009,1402,27.7,24.8,0.9106,2004,5,20,4,18
1705,4.4,1444,22.1,1354,248,172,1956,1437,25.7,27.9,0.908,2004,5,20,4,19
1706,4.5,1379,20.6,1312,267,179,1870,1382,24.1,29.9,0.8879,2004,5,20,4,20
1707,2.9,1251,13.4,1097,181,143,1680,1280,22.2,34.4,0.9072,2004,5,20,4,21
1708,2.6,1269,12.8,1077,163,137,1706,1250,20.7,38.0,0.9149,2004,5,20,4,22
1709,2.1,1242,12.3,1060,141,117,1693,1359,20.2,42.8,0.9983,2004,5,20,4,23
1710,1.2,1045,6.8,850,78,93,1506,1102,20.5,42.0,1.0004,2004,5,21,5,0
1711,0.6,937,3.8,698,42,64,1382,768,20.1,42.0,0.9763,2004,5,21,5,1
1712,0.3,875,2.5,622,35,58,1331,656,20.0,41.5,0.9571,2004,5,21,5,2
1713,0.3,889,2.7,633,141,96,1344,683,16.3,51.6,0.9461,2004,5,21,5,3
1714,1.5,888,2.8,640,33,47,1330,670,16.5,50.2,0.932,2004,5,21,5,4
1715,0.3,881,2.6,624,38,47,1319,656,16.4,50.2,0.931,2004,5,21,5,5
1716,0.7,998,7.0,856,65,62,1488,926,14.9,54.7,0.9203,2004,5,21,5,6
1718,4.8,1522,28.2,1509,303,126,2275,1828,18.2,46.2,0.9575,2004,5,21,5,8
1719,3.4,1417,20.2,1303,244,139,1964,1752,20.7,40.0,0.9639,2004,5,21,5,9
1720,2.8,1329,17.1,1214,216,148,1845,1581,26.5,27.0,0.9217,2004,5,21,5,10
1721,1.8,1203,11.2,1023,137,117,1622,1132,28.5,23.8,0.915,2004,5,21,5,11
1722,1.9,1234,11.6,1037,120,106,1658,1037,29.7,23.7,0.9714,2004,5,21,5,12
1723,2.0,1286,13.2,1090,100,98,1719,1023,31.7,21.7,0.9966,2004,5,21,5,13
1724,1.9,1298,12.7,1075,103,98,1690,1022,31.7,21.5,0.9902,2004,5,21,5,14
1725,2.0,1308,13.0,1084,123,110,1724,989,32.8,19.5,0.9515,2004,5,21,5,15
1726,2.3,1276,13.5,1099,136,114,1680,925,32.5,18.6,0.8948,2004,5,21,5,16
1727,2.7,1234,10.2,985,158,122,1572,795,30.2,22.6,0.9524,2004,5,21,5,17
1728,3.6,1419,20.1,1300,216,155,1923,1263,27.6,25.7,0.9382,2004,5,21,5,18
1729,3.8,1325,19.1,1273,211,145,1815,1184,25.9,24.9,0.8195,2004,5,21,5,19
1730,3.5,1346,17.5,1224,202,146,1794,1272,23.9,29.4,0.8589,2004,5,21,5,20
1731,2.5,1241,13.8,1110,147,130,1698,1177,22.3,32.1,0.8515,2004,5,21,5,21
1732,2.5,1274,13.3,1094,160,126,1682,1231,20.5,35.9,0.8565,2004,5,21,5,22
1733,3.0,1321,14.8,1144,162,127,1745,1243,19.8,37.2,0.8509,2004,5,21,5,23
1734,3.7,1424,18.0,1240,194,126,1841,1427,19.1,41.9,0.9158,2004,5,22,6,0
1735,3.3,1357,16.0,1178,167,124,1782,1454,17.8,46.1,0.9344,2004,5,22,6,1
1736,1.5,1123,9.7,966,91,93,1594,1183,17.6,47.6,0.9465,2004,5,22,6,2
1737,0.7,1003,6.2,820,141,96,1455,908,17.9,46.3,0.9394,2004,5,22,6,3
1738,1.5,951,4.0,713,42,58,1385,821,16.9,49.8,0.9544,2004,5,22,6,4
1739,0.5,941,3.6,687,50,59,1374,777,15.8,53.8,0.9615,2004,5,22,6,5
1740,0.5,986,4.6,745,61,66,1426,888,16.5,53.5,0.9928,2004,5,22,6,6
1741,1.2,1153,9.2,947,107,80,1643,1076,17.2,52.9,1.0276,2004,5,22,6,7
1742,2.2,1323,14.6,1137,139,94,1846,1285,19.3,48.3,1.0723,2004,5,22,6,8
1743,2.2,1315,11.7,1040,165,102,1740,1315,20.6,47.1,1.1287,2004,5,22,6,9
1744,2.1,1303,11.0,1015,139,96,1731,1250,23.7,40.0,1.153,2004,5,22,6,10
1745,1.8,1238,11.6,1037,113,91,1698,978,25.6,32.5,1.053,2004,5,22,6,11
1746,2.2,1259,12.9,1080,138,104,1736,1072,27.2,28.1,0.9989,2004,5,22,6,12
1747,2.0,1246,12.6,1070,104,84,1747,1064,27.9,28.1,1.0394,2004,5,22,6,13
1748,1.4,1154,8.3,912,78,76,1605,825,28.3,27.8,1.0539,2004,5,22,6,14
1749,1.8,1237,10.5,997,97,87,1688,924,29.2,27.0,1.081,2004,5,22,6,15
1750,2.1,1315,11.7,1041,115,101,1767,966,28.9,29.3,1.1503,2004,5,22,6,16
1751,2.8,1466,15.8,1174,152,115,1965,1302,25.4,39.8,1.2771,2004,5,22,6,17
1752,2.8,1409,13.9,1113,157,110,1850,1256,25.2,40.1,1.2642,2004,5,22,6,18
1753,2.7,1366,15.7,1171,132,103,1933,1068,24.5,39.4,1.1963,2004,5,22,6,19
1754,1.8,1241,10.9,1011,98,90,1748,1070,22.3,45.4,1.2088,2004,5,22,6,20
1755,1.2,1123,6.4,832,65,68,1565,792,21.2,48.3,1.2034,2004,5,22,6,21
1756,2.6,1321,12.7,1075,101,85,1891,1017,20.6,50.5,1.2082,2004,5,22,6,22
1757,3.1,1397,15.3,1159,134,100,1949,1207,20.2,52.9,1.234,2004,5,22,6,23
1758,4.1,1507,20.5,1311,177,114,2107,1499,19.8,54.5,1.2488,2004,5,23,7,0
1759,3.6,1405,15.9,1177,179,108,1931,1474,19.5,56.2,1.2624,2004,5,23,7,1
1760,1.9,1192,10.4,994,105,78,1780,1163,19.0,58.0,1.2581,2004,5,23,7,2
1761,1.9,1199,12.6,1070,141,96,1873,1189,18.1,61.6,1.2679,2004,5,23,7,3
1762,1.5,973,4.9,761,49,55,1501,815,18.0,57.6,1.1788,2004,5,23,7,4
1763,0.3,864,2.1,591,27,37,1374,507,17.7,56.0,1.1215,2004,5,23,7,5
1764,0.4,886,2.2,598,41,53,1374,506,17.9,52.4,1.0655,2004,5,23,7,6
1765,0.8,988,4.0,713,78,79,1455,716,18.9,49.3,1.0668,2004,5,23,7,7
1766,0.8,1008,4.3,729,68,65,1490,795,20.0,48.6,1.1199,2004,5,23,7,8
1767,0.8,976,3.8,698,64,64,1393,594,20.6,41.2,0.9841,2004,5,23,7,9
1768,0.8,978,4.1,718,67,66,1392,565,23.6,34.0,0.9749,2004,5,23,7,10
1769,0.9,987,4.5,740,54,53,1407,523,26.7,28.1,0.9688,2004,5,23,7,11
1770,1.2,1030,5.3,778,67,69,1452,591,26.8,28.1,0.9785,2004,5,23,7,12
1771,1.0,955,4.2,723,51,57,1393,559,27.7,25.8,0.9467,2004,5,23,7,13
1772,0.8,924,3.3,673,28,36,1346,430,28.8,22.7,0.8864,2004,5,23,7,14
1773,1.1,1005,4.9,758,51,57,1434,522,26.8,27.3,0.9462,2004,5,23,7,15
1774,1.5,1059,6.1,816,77,73,1468,641,25.9,28.7,0.9423,2004,5,23,7,16
1775,1.5,1079,6.9,851,93,81,1490,738,25.8,27.7,0.9076,2004,5,23,7,17
1776,1.4,1070,6.8,850,94,91,1502,778,24.8,29.5,0.9077,2004,5,23,7,18
1777,1.1,1085,5.8,805,69,65,1528,718,25.3,36.3,1.1513,2004,5,23,7,19
1778,0.9,1066,5.5,787,57,56,1552,689,23.9,40.4,1.1787,2004,5,23,7,20
1779,1.0,1094,6.1,815,74,69,1563,852,21.4,46.6,1.1764,2004,5,23,7,21
1780,1.1,1110,6.0,814,75,73,1571,854,20.5,49.3,1.173,2004,5,23,7,22
1781,1.0,968,4.2,719,73,76,1388,664,19.2,42.3,0.9339,2004,5,23,7,23
1782,0.7,906,4.1,714,56,67,1351,544,19.2,37.9,0.8352,2004,5,24,1,0
1783,0.5,849,2.4,615,31,44,1276,461,17.2,43.1,0.8394,2004,5,24,1,1
1784,0.2,774,1.0,500,13,21,1169,352,15.8,45.2,0.8052,2004,5,24,1,2
1785,1.5,746,0.6,450,141,96,1111,308,15.7,42.3,0.7464,2004,5,24,1,3
1786,1.5,753,0.5,437,14,19,1110,301,16.3,41.0,0.7513,2004,5,24,1,4
1787,0.1,749,0.7,466,23,29,1089,307,16.1,36.5,0.664,2004,5,24,1,5
1788,0.5,864,2.8,642,72,69,1255,441,16.5,36.2,0.6752,2004,5,24,1,6
1789,1.6,1002,7.8,893,165,111,1394,775,17.5,30.9,0.6111,2004,5,24,1,7
1790,2.0,970,9.7,966,118,81,1379,907,18.4,24.0,0.5046,2004,5,24,1,8
1791,1.3,898,6.9,853,85,56,1271,763,19.2,23.8,0.5235,2004,5,24,1,9
1792,1.0,847,5.8,800,116,90,1179,649,21.7,18.1,0.4642,2004,5,24,1,10
1793,0.9,847,5.5,788,112,85,1162,598,22.3,17.0,0.4513,2004,5,24,1,11
1794,1.2,871,6.8,848,100,83,1208,579,22.8,16.1,0.4404,2004,5,24,1,12
1795,1.3,869,7.2,866,109,85,1212,596,23.8,14.5,0.4222,2004,5,24,1,13
1796,1.1,875,6.9,854,111,85,1200,595,25.1,13.1,0.4129,2004,5,24,1,14
1797,1.2,895,7.5,878,109,81,1238,607,25.8,12.9,0.4219,2004,5,24,1,15
1798,1.4,926,7.7,885,114,92,1259,662,25.5,14.0,0.4495,2004,5,24,1,16
1799,2.0,996,12.0,1048,139,108,1397,822,24.5,15.4,0.4663,2004,5,24,1,17
1800,2.4,997,13.5,1100,157,106,1392,987,22.6,17.2,0.4656,2004,5,24,1,18
1801,2.1,1006,12.0,1048,147,114,1416,966,21.2,18.9,0.471,2004,5,24,1,19
1802,1.2,895,6.7,845,102,96,1241,763,19.1,22.8,0.501,2004,5,24,1,20
1803,0.7,862,4.8,751,73,77,1213,617,18.4,24.6,0.5169,2004,5,24,1,21
1804,0.7,858,4.8,756,65,73,1209,564,17.3,25.6,0.5032,2004,5,24,1,22
1805,0.8,853,5.0,762,76,86,1184,646,16.5,24.9,0.4642,2004,5,24,1,23
1806,0.5,859,4.3,727,65,84,1187,753,16.7,28.3,0.5316,2004,5,25,2,0
1807,0.2,837,2.7,634,41,56,1150,669,15.5,32.2,0.5641,2004,5,25,2,1
1808,1.5,746,0.9,493,17,31,1063,435,17.5,29.1,0.5773,2004,5,25,2,2
1809,1.5,752,1.2,515,141,96,1068,436,13.3,35.6,0.5393,2004,5,25,2,3
1810,1.5,742,0.9,489,19,30,1048,403,14.0,33.7,0.5355,2004,5,25,2,4
1811,0.1,774,1.7,560,45,51,1107,532,11.6,40.0,0.5462,2004,5,25,2,5
1812,0.2,798,2.6,630,40,45,1125,536,13.4,34.5,0.5272,2004,5,25,2,6
1813,1.1,1002,8.8,932,101,82,1405,917,15.2,31.0,0.5329,2004,5,25,2,7
1814,3.0,1210,22.2,1356,183,100,1786,1481,16.3,27.5,0.5066,2004,5,25,2,8
1815,2.1,1058,15.3,1158,149,91,1459,1187,19.2,20.0,0.439,2004,5,25,2,9
1816,2.6,1106,14.0,1118,207,130,1451,1220,24.9,13.0,0.4038,2004,5,25,2,10
1817,3.2,1153,18.5,1253,289,155,1541,1381,28.3,9.9,0.3754,2004,5,25,2,11
1818,2.1,1047,13.5,1101,159,114,1391,1103,29.2,9.8,0.3914,2004,5,25,2,12
1819,2.2,1091,15.8,1172,162,127,1459,1105,31.6,9.2,0.419,2004,5,25,2,13
1820,2.4,1162,18.5,1253,173,138,1595,1248,32.6,9.3,0.4499,2004,5,25,2,14
1821,1.5,1059,12.6,1070,141,96,1401,976,32.6,9.2,0.4463,2004,5,25,2,15
1822,1.5,1083,12.0,1051,141,96,1390,898,32.3,10.0,0.4747,2004,5,25,2,16
1823,1.5,1150,15.4,1161,141,96,1512,1038,32.1,10.7,0.4996,2004,5,25,2,17
1824,1.5,1321,24.9,1426,141,96,1859,1395,29.7,12.2,0.5007,2004,5,25,2,18
1825,1.5,1053,7.9,895,141,96,1446,942,17.2,48.6,0.9768,2004,5,25,2,19
1826,1.5,1053,7.9,895,141,96,1446,942,17.2,48.6,0.9768,2004,5,25,2,20
1827,1.5,1053,7.9,895,141,96,1446,942,17.2,48.6,0.9768,2004,5,25,2,21
1828,1.5,1053,7.9,895,141,96,1446,942,17.2,48.6,0.9768,2004,5,25,2,22
1829,1.5,1053,7.9,895,141,96,1446,942,17.2,48.6,0.9768,2004,5,25,2,23
1830,1.5,1053,7.9,895,141,96,1446,942,17.2,48.6,0.9768,2004,5,26,3,0
1831,1.5,1053,7.9,895,141,96,1446,942,17.2,48.6,0.9768,2004,5,26,3,1
1832,1.5,1053,7.9,895,141,96,1446,942,17.2,48.6,0.9768,2004,5,26,3,2
1833,1.5,1053,7.9,895,141,96,1446,942,17.2,48.6,0.9768,2004,5,26,3,3
1834,1.5,1053,7.9,895,141,96,1446,942,17.2,48.6,0.9768,2004,5,26,3,4
1835,1.5,1053,7.9,895,141,96,1446,942,17.2,48.6,0.9768,2004,5,26,3,5
1836,1.5,1053,7.9,895,141,96,1446,942,17.2,48.6,0.9768,2004,5,26,3,6
1837,1.5,1053,7.9,895,141,96,1446,942,17.2,48.6,0.9768,2004,5,26,3,7
1838,1.5,1053,7.9,895,141,96,1446,942,17.2,48.6,0.9768,2004,5,26,3,8
1839,4.0,1303,40.2,1776,141,96,1467,1608,20.4,35.7,0.844,2004,5,26,3,9
1840,2.2,1137,14.9,1146,188,136,1392,1327,26.1,23.8,0.7938,2004,5,26,3,10
1841,1.8,1139,13.8,1109,159,135,1436,1292,28.8,21.1,0.8193,2004,5,26,3,11
1842,1.6,1099,12.3,1059,146,115,1416,1114,29.6,19.4,0.7897,2004,5,26,3,12
1843,1.8,1088,14.0,1116,127,112,1449,1060,31.6,16.4,0.7489,2004,5,26,3,13
1844,1.6,1027,11.8,1041,128,112,1345,915,32.3,13.3,0.6303,2004,5,26,3,14
1845,1.6,1014,12.0,1049,120,109,1366,893,31.8,13.5,0.6249,2004,5,26,3,15
1846,1.3,969,9.7,968,115,112,1325,768,31.8,13.8,0.6394,2004,5,26,3,16
1847,1.5,1120,18.0,1238,141,96,1591,1126,31.0,15.9,0.7039,2004,5,26,3,17
1848,1.5,1131,22.6,1368,141,96,1707,1284,28.6,18.7,0.7216,2004,5,26,3,18
1849,1.5,1130,22.7,1368,141,96,1709,1269,26.7,19.5,0.6754,2004,5,26,3,19
1850,1.5,1123,20.3,1304,141,96,1720,1290,25.0,24.4,0.7616,2004,5,26,3,20
1851,1.5,1069,13.1,1086,141,96,1536,1119,22.8,28.4,0.7804,2004,5,26,3,21
1852,1.5,1021,10.9,1010,141,96,1480,1027,21.7,29.2,0.7458,2004,5,26,3,22
1853,1.5,1101,13.3,1093,141,96,1564,1155,21.1,30.9,0.7617,2004,5,26,3,23
1854,1.5,1026,9.5,960,141,96,1471,1078,19.9,36.3,0.8349,2004,5,27,4,0
1855,1.5,949,6.6,841,141,96,1393,954,18.6,39.3,0.8355,2004,5,27,4,1
1856,1.5,846,3.6,687,141,96,1288,726,18.6,38.8,0.8228,2004,5,27,4,2
1857,1.5,811,2.3,606,141,96,1248,656,19.0,38.9,0.8468,2004,5,27,4,3
1858,1.5,803,2.0,586,141,96,1232,573,18.0,40.9,0.8394,2004,5,27,4,4
1859,1.5,882,4.1,715,141,96,1367,780,15.5,48.6,0.8505,2004,5,27,4,5
1860,1.5,963,6.5,836,141,96,1429,920,16.0,47.9,0.8659,2004,5,27,4,6
1861,1.5,1413,24.8,1424,141,96,2102,1544,17.0,46.0,0.883,2004,5,27,4,7
1863,1.5,1354,24.5,1418,141,96,2043,1629,21.8,35.0,0.9002,2004,5,27,4,9
1864,1.5,1074,9.0,939,141,96,1513,997,25.6,28.0,0.9088,2004,5,27,4,10
1865,1.5,1022,8.4,914,141,96,1446,847,26.4,23.1,0.7853,2004,5,27,4,11
1866,1.5,1100,11.5,1034,141,96,1586,958,27.1,24.2,0.856,2004,5,27,4,12
1867,1.5,1073,12.1,1052,141,96,1574,854,27.5,20.9,0.7565,2004,5,27,4,13
1868,1.5,1049,10.1,983,141,96,1515,782,29.5,19.7,0.8015,2004,5,27,4,14
1869,1.5,1086,11.9,1048,141,96,1580,888,30.6,18.6,0.8014,2004,5,27,4,15
1870,1.5,1059,11.3,1027,141,96,1521,764,31.3,15.8,0.7106,2004,5,27,4,16
1871,1.5,1244,20.2,1301,141,96,1801,1170,29.4,21.0,0.8452,2004,5,27,4,17
1872,1.5,1320,24.8,1423,141,96,1986,1385,27.0,23.5,0.8256,2004,5,27,4,18
1873,1.5,1236,20.3,1304,141,96,1868,1237,25.8,26.7,0.8758,2004,5,27,4,19
1874,1.5,1136,16.2,1187,141,96,1735,1127,23.7,28.4,0.8225,2004,5,27,4,20
1875,1.5,1110,13.3,1093,141,96,1661,1091,21.3,33.0,0.8284,2004,5,27,4,21
1876,1.5,1026,10.3,990,141,96,1553,972,20.5,35.3,0.8435,2004,5,27,4,22
1877,1.5,1038,9.6,961,141,96,1530,949,19.4,38.1,0.8511,2004,5,27,4,23
1878,1.5,975,7.8,892,141,96,1480,890,19.4,40.7,0.9045,2004,5,28,5,0
1879,1.5,908,6.1,814,141,96,1403,763,17.8,44.9,0.903,2004,5,28,5,1
1880,1.5,896,6.2,820,141,96,1439,833,16.6,49.7,0.9295,2004,5,28,5,2
1881,1.5,810,3.8,697,141,96,1321,675,16.5,48.6,0.9028,2004,5,28,5,3
1882,1.5,789,2.8,638,141,96,1309,672,15.2,53.6,0.919,2004,5,28,5,4
1883,1.5,814,3.4,678,141,96,1339,626,15.5,51.7,0.9019,2004,5,28,5,5
1884,1.5,958,8.2,907,141,96,1536,882,14.9,54.8,0.9247,2004,5,28,5,6
1885,1.5,1213,19.2,1274,141,96,1914,1264,16.3,51.3,0.9416,2004,5,28,5,7
1886,1.5,1221,22.6,1367,141,96,2008,1330,18.4,45.7,0.9559,2004,5,28,5,8
1887,1.5,1245,19.4,1281,141,96,1952,1324,20.8,43.6,1.0614,2004,5,28,5,9
1888,1.5,1050,9.6,963,141,96,1609,901,24.3,35.1,1.0477,2004,5,28,5,10
1889,1.5,1048,9.8,969,141,96,1600,852,26.4,29.3,0.9889,2004,5,28,5,11
1890,1.5,1141,14.4,1128,141,96,1738,1009,28.3,25.0,0.9495,2004,5,28,5,12
1891,1.5,1052,12.1,1053,141,96,1641,831,28.9,23.7,0.9285,2004,5,28,5,13
1892,1.5,1152,13.5,1099,141,96,1706,954,28.5,25.8,0.9931,2004,5,28,5,14
1893,1.7,1026,12.3,1061,133,115,1564,814,29.6,18.9,0.7692,2004,5,28,5,15
1894,1.7,1039,12.2,1055,131,117,1590,845,28.0,23.2,0.8613,2004,5,28,5,16
1895,2.1,1148,12.5,1067,133,105,1790,956,23.6,41.0,1.1786,2004,5,28,5,17
1896,2.2,1176,13.9,1114,141,114,1805,1102,21.5,48.1,1.2148,2004,5,28,5,18
1897,1.8,1100,11.4,1028,112,103,1710,994,22.1,44.1,1.1573,2004,5,28,5,19
1898,1.8,1081,10.4,992,147,119,1680,935,20.2,47.2,1.1043,2004,5,28,5,20
1899,0.9,976,7.0,858,104,102,1547,839,20.0,47.6,1.103,2004,5,28,5,21
1900,1.0,979,7.0,857,97,96,1546,797,19.8,46.8,1.0697,2004,5,28,5,22
1901,2.0,1092,11.3,1024,128,109,1706,968,19.6,47.0,1.0606,2004,5,28,5,23
1902,1.8,1044,9.2,946,138,119,1594,886,19.3,46.3,1.0279,2004,5,29,6,0
1903,1.1,940,6.8,849,93,103,1509,764,18.5,48.7,1.0286,2004,5,29,6,1
1904,0.6,892,5.1,767,71,84,1466,657,18.0,51.4,1.0504,2004,5,29,6,2
1905,0.3,838,3.4,675,141,96,1390,540,17.9,50.8,1.0355,2004,5,29,6,3
1906,1.5,853,4.3,727,44,59,1417,621,17.7,51.9,1.0379,2004,5,29,6,4
1907,1.5,738,1.5,545,18,29,1266,450,17.7,49.7,0.997,2004,5,29,6,5
1908,0.1,762,2.0,581,41,45,1277,434,17.9,46.1,0.9383,2004,5,29,6,6
1909,0.5,841,4.0,713,84,80,1356,559,18.4,43.9,0.9192,2004,5,29,6,7
1910,0.6,843,4.0,712,77,77,1343,548,18.9,42.1,0.9081,2004,5,29,6,8
1911,0.5,841,4.0,713,73,68,1330,525,19.2,39.7,0.8728,2004,5,29,6,9
1912,0.7,862,4.2,721,72,66,1335,522,20.8,36.6,0.8878,2004,5,29,6,10
1913,0.7,869,4.5,740,77,70,1366,535,21.3,35.8,0.8975,2004,5,29,6,11
1914,0.9,894,6.0,810,82,74,1421,585,21.8,34.9,0.9004,2004,5,29,6,12
1915,0.7,844,4.8,755,67,64,1350,521,22.8,31.4,0.8615,2004,5,29,6,13
1916,0.4,823,3.8,699,59,60,1311,493,22.9,31.3,0.862,2004,5,29,6,14
1917,0.5,843,4.2,719,61,63,1330,501,22.9,30.7,0.8461,2004,5,29,6,15
1918,0.6,865,5.1,767,76,75,1369,559,23.8,29.2,0.8499,2004,5,29,6,16
1919,0.6,873,5.6,792,73,79,1397,589,23.2,30.2,0.8442,2004,5,29,6,17
1920,0.8,899,5.8,803,87,83,1426,596,22.4,31.3,0.8365,2004,5,29,6,18
1921,1.0,921,7.0,856,98,93,1437,681,21.7,32.2,0.825,2004,5,29,6,19
1922,1.2,937,7.9,893,123,112,1463,783,20.8,33.2,0.8061,2004,5,29,6,20
1923,1.0,901,6.5,834,102,103,1408,738,20.1,35.0,0.8149,2004,5,29,6,21
1924,1.3,955,8.5,918,102,93,1511,762,19.5,36.9,0.8258,2004,5,29,6,22
1925,2.7,1065,13.7,1106,142,112,1707,929,19.0,38.2,0.8327,2004,5,29,6,23
1926,2.7,1035,13.8,1110,148,125,1652,1044,18.5,39.4,0.832,2004,5,30,7,0
1927,1.6,956,9.1,945,107,107,1509,892,17.8,41.7,0.844,2004,5,30,7,1
1928,0.6,869,6.5,835,61,76,1437,807,19.2,42.0,0.9248,2004,5,30,7,2
1929,0.3,831,6.2,822,141,96,1418,710,17.8,44.8,0.9048,2004,5,30,7,3
1930,1.5,815,5.2,774,43,55,1374,712,17.0,47.7,0.9185,2004,5,30,7,4
1931,0.1,781,3.1,661,25,37,1299,568,17.2,47.2,0.9178,2004,5,30,7,5
1932,0.1,781,2.9,645,32,45,1320,575,17.3,47.6,0.9295,2004,5,30,7,6
1933,0.2,828,3.6,690,48,61,1353,658,18.6,44.2,0.9385,2004,5,30,7,7
1934,0.3,803,2.7,635,60,67,1272,537,20.2,37.8,0.8837,2004,5,30,7,8
1935,0.3,811,3.0,653,52,60,1269,486,22.0,31.9,0.8335,2004,5,30,7,9
1936,0.4,844,3.7,696,58,64,1292,507,25.5,25.9,0.8339,2004,5,30,7,10
1937,0.3,833,3.8,697,54,64,1294,496,27.5,22.8,0.8249,2004,5,30,7,11
1938,0.3,832,4.2,719,52,59,1299,502,28.7,20.7,0.8024,2004,5,30,7,12
1939,0.1,771,2.6,626,34,41,1210,430,29.1,19.6,0.7771,2004,5,30,7,13
1940,0.1,783,2.8,637,41,46,1215,439,29.8,18.4,0.7595,2004,5,30,7,14
1941,0.2,815,4.2,723,41,46,1256,471,32.0,15.0,0.7028,2004,5,30,7,15
1942,0.6,912,6.2,819,65,77,1368,589,30.3,17.0,0.7232,2004,5,30,7,16
1943,0.5,894,5.2,774,65,83,1339,598,31.7,16.2,0.745,2004,5,30,7,17
1944,0.9,963,7.7,885,84,90,1447,695,29.2,19.6,0.7817,2004,5,30,7,18
1945,1.1,990,8.8,930,89,95,1506,739,27.4,23.8,0.858,2004,5,30,7,19
1946,1.3,1025,10.1,980,114,113,1591,891,25.0,26.9,0.8408,2004,5,30,7,20
1947,1.5,997,9.8,971,127,128,1573,930,23.6,30.1,0.8663,2004,5,30,7,21
1948,1.2,976,8.4,916,117,117,1515,880,22.3,33.6,0.8913,2004,5,30,7,22
1949,0.4,878,5.4,784,46,64,1407,610,21.4,36.9,0.9271,2004,5,30,7,23
1950,0.2,836,4.3,728,16,28,1353,518,20.6,39.9,0.9597,2004,5,31,1,0
1951,0.3,855,4.8,751,27,46,1418,664,19.7,43.2,0.9812,2004,5,31,1,1
1952,1.5,759,2.1,588,4,8,1286,515,19.7,42.4,0.9636,2004,5,31,1,2
1953,1.5,738,1.4,539,141,96,1257,477,18.9,45.0,0.9703,2004,5,31,1,3
1954,1.5,736,1.3,528,19,32,1254,477,18.7,45.4,0.9694,2004,5,31,1,4
1955,1.5,765,2.3,609,48,57,1319,581,16.4,52.4,0.9709,2004,5,31,1,5
1956,0.5,909,6.5,834,82,60,1527,763,16.6,52.1,0.9785,2004,5,31,1,6
1957,1.6,1108,14.2,1123,167,83,1801,1111,17.4,50.9,1.0017,2004,5,31,1,7
1958,3.6,1252,22.7,1369,248,129,2120,1390,19.3,46.0,1.0185,2004,5,31,1,8
1959,2.2,1175,16.3,1188,213,137,1901,1251,20.9,43.6,1.0683,2004,5,31,1,9
1960,1.6,1111,14.1,1120,161,121,1790,1141,25.6,33.3,1.0773,2004,5,31,1,10
1961,1.4,1044,12.6,1069,144,123,1683,942,28.9,26.0,1.0188,2004,5,31,1,11
1962,1.4,1018,13.1,1088,127,120,1677,795,30.3,22.8,0.9695,2004,5,31,1,12
1963,1.5,1060,14.2,1122,116,119,1721,836,30.9,24.4,1.0724,2004,5,31,1,13
1964,1.3,1071,13.8,1110,124,121,1733,847,30.5,26.2,1.1278,2004,5,31,1,14
1965,1.2,1006,12.1,1054,115,111,1636,769,30.7,23.4,1.015,2004,5,31,1,15
1966,1.8,1104,15.7,1171,150,128,1803,968,28.1,29.8,1.1132,2004,5,31,1,16
1967,3.0,1196,21.4,1336,221,159,1971,1157,26.9,32.2,1.1267,2004,5,31,1,17
1968,3.5,1243,25.0,1429,227,161,2093,1367,26.0,34.6,1.1485,2004,5,31,1,18
1969,2.4,1124,16.6,1199,156,116,1858,1101,24.5,37.7,1.1454,2004,5,31,1,19
1970,1.1,1020,10.7,1003,97,96,1716,916,21.7,46.9,1.2044,2004,5,31,1,20
1971,0.8,1035,7.5,878,78,69,1694,825,19.3,68.8,1.519,2004,5,31,1,21
1972,0.4,986,5.3,781,60,58,1633,693,17.6,81.6,1.6296,2004,5,31,1,22
1973,0.6,1017,6.5,834,61,59,1676,734,17.8,80.3,1.6212,2004,5,31,1,23
1974,0.3,922,4.7,750,46,45,1585,685,18.6,75.7,1.6074,2004,6,1,2,0
1975,1.5,830,2.9,644,17,23,1487,524,19.6,68.4,1.5443,2004,6,1,2,1
1976,1.5,805,2.0,583,18,26,1494,527,18.0,76.4,1.5608,2004,6,1,2,2
1977,1.5,760,1.1,505,141,96,1413,452,17.3,77.2,1.5104,2004,6,1,2,3
1978,1.5,783,1.3,529,16,24,1435,466,16.5,82.3,1.5318,2004,6,1,2,4
1979,0.1,854,2.4,613,39,41,1515,565,16.8,81.3,1.5452,2004,6,1,2,5
1980,0.3,985,6.1,816,107,65,1677,799,17.3,78.6,1.5412,2004,6,1,2,6
1981,1.4,1225,12.5,1067,190,94,1922,1102,16.9,80.9,1.5472,2004,6,1,2,7
1982,2.7,1313,19.5,1283,236,100,2180,1299,17.1,79.8,1.542,2004,6,1,2,8
1983,2.3,1199,15.2,1156,227,103,1958,1272,18.5,70.3,1.4826,2004,6,1,2,9
1984,1.8,1182,12.0,1051,211,89,1870,1206,19.6,66.7,1.5023,2004,6,1,2,10
1985,1.6,1173,12.4,1063,201,86,1905,1218,20.4,63.1,1.4969,2004,6,1,2,11
1986,1.9,1259,15.9,1178,191,89,2060,1367,21.6,61.8,1.5775,2004,6,1,2,12
1987,2.5,1263,15.7,1171,192,88,2029,1290,24.0,49.3,1.4509,2004,6,1,2,13
1988,1.6,1156,13.5,1100,143,73,1884,1175,25.7,43.8,1.4262,2004,6,1,2,14
1989,1.5,1167,12.4,1065,148,78,1886,1139,24.6,47.5,1.4487,2004,6,1,2,15
1990,2.5,1278,17.1,1213,183,95,2041,1293,24.8,47.4,1.4628,2004,6,1,2,16
1992,3.5,1353,19.9,1292,184,95,2178,1326,23.0,53.8,1.4968,2004,6,1,2,18
1994,3.7,1355,19.7,1289,221,88,2158,1391,21.0,66.9,1.6436,2004,6,1,2,20
1995,2.1,1230,15.7,1169,159,77,2020,1275,20.6,68.1,1.6329,2004,6,1,2,21
1996,1.6,1148,12.0,1048,136,75,1883,1168,20.5,66.9,1.5914,2004,6,1,2,22
1997,2.2,1171,13.1,1088,168,81,1889,1132,20.2,65.2,1.5251,2004,6,1,2,23
1998,0.8,1021,9.2,949,95,57,1764,977,19.5,68.0,1.5269,2004,6,2,3,0
1999,1.5,964,7.5,877,70,49,1692,942,19.9,66.4,1.5203,2004,6,2,3,1
2000,1.5,887,4.9,758,43,38,1622,804,19.1,69.0,1.5043,2004,6,2,3,2
2001,1.5,885,5.2,773,141,96,1641,805,18.5,70.7,1.4962,2004,6,2,3,3
2002,1.5,830,3.2,662,30,31,1556,704,18.9,67.8,1.4689,2004,6,2,3,4
2003,1.5,792,2.4,611,22,23,1529,657,20.0,63.7,1.4742,2004,6,2,3,5
2004,1.5,813,2.8,639,25,22,1538,655,19.8,64.7,1.4769,2004,6,2,3,6
2005,1.5,890,3.9,703,48,33,1601,751,19.7,65.3,1.4843,2004,6,2,3,7
2006,1.5,984,6.9,854,73,43,1751,885,20.8,62.0,1.5002,2004,6,2,3,8
2007,1.5,1043,8.5,920,95,53,1777,955,22.2,56.6,1.4973,2004,6,2,3,9
2008,1.5,1054,8.9,936,86,54,1791,962,24.3,49.0,1.4724,2004,6,2,3,10
2009,1.5,1063,8.8,930,102,62,1749,957,25.0,46.5,1.4492,2004,6,2,3,11
2010,1.5,978,7.4,873,80,53,1669,788,28.9,34.8,1.3603,2004,6,2,3,12
2011,1.5,887,4.7,748,36,34,1560,596,29.6,33.4,1.3581,2004,6,2,3,13
2012,1.5,887,4.8,754,32,30,1523,560,30.9,30.7,1.3493,2004,6,2,3,14
2013,1.5,977,6.8,850,46,37,1645,701,31.8,31.0,1.4286,2004,6,2,3,15
2014,1.5,1043,8.9,934,61,47,1707,811,31.4,31.2,1.4127,2004,6,2,3,16
2015,1.5,1010,8.1,902,59,44,1676,724,28.9,35.7,1.3985,2004,6,2,3,17
2016,1.5,1094,10.5,996,76,53,1807,864,27.2,42.5,1.5135,2004,6,2,3,18
2017,1.5,1223,14.8,1142,145,88,1965,1084,26.2,46.4,1.5573,2004,6,2,3,19
2018,1.5,1109,11.8,1042,140,95,1888,998,24.5,51.0,1.5454,2004,6,2,3,20
2019,1.5,1026,8.7,927,102,82,1781,878,22.8,56.1,1.5353,2004,6,2,3,21
2020,1.5,1036,8.7,928,89,59,1787,909,21.9,60.9,1.5799,2004,6,2,3,22
2021,1.5,963,6.9,853,62,43,1732,789,21.7,61.0,1.5617,2004,6,2,3,23
2022,1.5,996,7.3,868,69,51,1741,857,20.8,64.8,1.568,2004,6,3,4,0
2023,1.5,999,6.9,853,63,49,1756,885,20.3,70.9,1.6699,2004,6,3,4,1
2024,1.5,893,4.6,741,31,36,1664,743,18.9,79.0,1.704,2004,6,3,4,2
2025,1.5,730,1.3,530,141,96,1362,445,18.1,64.6,1.3276,2004,6,3,4,3
2026,1.5,753,1.7,562,17,24,1414,454,18.6,64.5,1.3655,2004,6,3,4,4
2027,1.5,825,3.2,663,61,58,1504,610,17.6,67.4,1.346,2004,6,3,4,5
2028,1.5,1012,10.1,982,184,73,1796,1024,17.6,67.6,1.3479,2004,6,3,4,6
2029,1.5,1221,19.9,1293,248,74,2144,1316,19.0,61.7,1.3393,2004,6,3,4,7
2030,1.5,1215,20.2,1303,220,97,2180,1358,20.0,57.4,1.3268,2004,6,3,4,8
2031,1.5,1234,20.8,1318,243,108,2108,2202,22.6,45.9,1.2418,2004,6,3,4,9
2032,1.5,1138,15.1,1152,164,93,1877,1947,27.3,34.3,1.2284,2004,6,3,4,10
2033,1.5,987,10.9,1009,141,96,1697,1227,27.4,31.0,1.1184,2004,6,3,4,11
2034,1.5,980,11.1,1019,141,96,1720,950,26.2,33.6,1.1244,2004,6,3,4,12
2035,1.5,966,12.1,1054,141,96,1742,917,26.8,32.4,1.1263,2004,6,3,4,13
2036,1.5,905,8.6,923,141,96,1582,707,28.7,27.7,1.071,2004,6,3,4,14
2037,1.5,903,9.7,968,141,96,1565,740,28.7,25.0,0.9684,2004,6,3,4,15
2038,1.5,914,11.0,1014,141,96,1597,775,29.1,22.3,0.8811,2004,6,3,4,16
2039,1.5,1050,16.6,1199,141,96,1781,1035,29.0,24.5,0.9655,2004,6,3,4,17
2040,1.5,1043,14.7,1139,141,96,1756,1001,27.2,28.3,1.0016,2004,6,3,4,18
2041,1.5,1125,19.5,1283,141,96,1899,1101,25.3,30.0,0.952,2004,6,3,4,19
2042,1.5,1058,14.5,1134,141,96,1797,1034,24.1,34.8,1.0333,2004,6,3,4,20
2043,1.5,951,7.8,892,141,96,1611,786,23.0,43.1,1.1993,2004,6,3,4,21
2044,1.5,944,7.8,891,141,96,1593,844,22.1,43.9,1.1521,2004,6,3,4,22
2045,1.5,959,7.8,892,141,96,1616,866,21.0,48.1,1.178,2004,6,3,4,23
2046,1.5,974,8.5,919,141,96,1638,909,20.6,49.2,1.1754,2004,6,4,5,0
2047,1.5,880,5.7,799,141,96,1533,724,21.2,47.6,1.1799,2004,6,4,5,1
2048,1.5,853,4.5,740,141,96,1526,715,21.0,50.1,1.2338,2004,6,4,5,2
2049,1.5,912,5.6,795,141,96,1564,827,20.1,53.1,1.2342,2004,6,4,5,3
2050,1.5,863,4.6,745,141,96,1496,786,19.0,54.0,1.1745,2004,6,4,5,4
2051,1.5,729,1.2,520,141,96,1318,445,19.2,51.1,1.124,2004,6,4,5,5
2052,1.5,830,3.4,674,141,96,1459,607,19.2,53.1,1.1662,2004,6,4,5,6
2053,1.5,1198,17.0,1209,141,96,2058,1213,20.6,49.0,1.1748,2004,6,4,5,7
2054,1.5,971,10.0,977,141,96,1667,910,21.8,41.9,1.077,2004,6,4,5,8
2055,1.5,885,6.0,812,141,96,1495,675,22.8,37.6,1.0315,2004,6,4,5,9
2056,1.5,862,5.7,798,141,96,1456,582,24.8,31.3,0.9646,2004,6,4,5,10
2057,1.5,892,6.9,853,141,96,1509,666,26.0,29.4,0.976,2004,6,4,5,11
2058,1.5,933,9.5,960,141,96,1577,726,27.0,27.8,0.9731,2004,6,4,5,12
2059,1.5,975,11.1,1017,141,96,1668,801,27.0,29.3,1.0277,2004,6,4,5,13
2060,1.5,927,8.1,905,141,96,1554,711,27.0,29.6,1.0419,2004,6,4,5,14
2061,1.5,993,10.2,985,141,96,1680,790,25.8,32.6,1.072,2004,6,4,5,15
2062,2.7,1053,13.3,1093,141,96,1749,924,26.2,32.6,1.0892,2004,6,4,5,16
2063,3.6,1116,16.6,1198,141,96,1863,1045,28.3,27.5,1.0418,2004,6,4,5,17
2064,3.3,1097,16.9,1206,141,96,1867,1088,26.5,29.7,1.0123,2004,6,4,5,18
2065,3.6,1116,17.5,1226,141,96,1938,1038,25.7,31.8,1.0317,2004,6,4,5,19
2066,2.9,1057,13.1,1087,141,96,1769,981,24.4,35.2,1.0632,2004,6,4,5,20
2067,1.9,973,9.2,949,141,96,1615,820,23.5,36.9,1.0518,2004,6,4,5,21
2068,2.0,1016,10.0,977,141,96,1652,948,22.4,41.0,1.1006,2004,6,4,5,22
2069,2.9,1120,13.1,1088,141,96,1785,1067,21.7,44.7,1.1451,2004,6,4,5,23
2070,2.7,1076,12.9,1080,141,96,1787,1070,21.1,48.1,1.1864,2004,6,5,6,0
2071,1.5,937,7.8,890,141,96,1625,877,20.7,50.0,1.203,2004,6,5,6,1
2072,1.6,980,9.2,948,141,96,1702,1028,19.8,53.1,1.2093,2004,6,5,6,2
2073,1.3,937,6.9,853,141,96,1604,969,19.8,53.6,1.2214,2004,6,5,6,3
2074,0.7,852,4.5,739,37,63,1525,837,19.6,54.8,1.236,2004,6,5,6,4
2075,0.7,858,4.9,757,57,71,1542,904,19.3,57.3,1.265,2004,6,5,6,5
2076,1.2,963,7.9,894,131,91,1702,1065,19.7,58.4,1.3254,2004,6,5,6,6
2077,1.5,966,7.4,874,171,95,1682,999,19.8,59.4,1.3554,2004,6,5,6,7
2078,1.5,983,8.0,901,187,96,1691,986,20.9,54.8,1.3387,2004,6,5,6,8
2079,1.6,990,7.6,881,133,81,1685,874,22.4,47.9,1.2817,2004,6,5,6,9
2080,1.1,891,5.3,780,87,68,1543,689,24.1,41.3,1.2202,2004,6,5,6,10
2081,1.1,883,5.3,778,61,57,1545,608,25.9,36.9,1.2133,2004,6,5,6,11
2082,1.4,914,8.0,900,86,68,1596,706,30.7,26.0,1.1287,2004,6,5,6,12
2083,1.4,896,8.4,917,83,72,1577,704,30.3,25.2,1.0652,2004,6,5,6,13
2084,1.0,841,6.0,811,61,62,1463,609,30.1,25.4,1.0641,2004,6,5,6,14
2085,1.3,926,7.3,868,80,75,1599,687,27.6,35.1,1.2764,2004,6,5,6,15
2086,1.9,1133,10.2,984,110,92,1897,976,26.6,47.6,1.6315,2004,6,5,6,16
2087,1.7,1042,9.0,939,108,89,1744,860,30.4,31.3,1.3331,2004,6,5,6,17
2088,2.3,1124,14.0,1118,134,105,1915,1021,27.8,35.0,1.282,2004,6,5,6,18
2089,2.4,1157,16.1,1183,133,111,1970,1079,26.6,37.9,1.2994,2004,6,5,6,19
2090,1.8,989,8.2,906,118,102,1681,826,23.4,44.4,1.2646,2004,6,5,6,20
2091,0.6,841,3.8,699,17,30,1508,558,23.0,51.1,1.4175,2004,6,5,6,21
2092,0.8,916,5.6,791,26,43,1588,679,22.1,53.5,1.4087,2004,6,5,6,22
2093,1.7,1008,8.0,900,55,67,1681,850,21.6,53.6,1.3674,2004,6,5,6,23
2094,1.1,895,5.6,792,39,58,1574,733,21.9,52.7,1.365,2004,6,6,7,0
2095,0.6,810,3.8,702,15,24,1529,612,21.3,54.9,1.3707,2004,6,6,7,1
2096,1.1,968,6.6,840,47,58,1727,788,17.5,79.1,1.5709,2004,6,6,7,2
2097,1.1,922,7.0,859,141,96,1739,728,17.6,78.6,1.5722,2004,6,6,7,3
2098,1.0,892,5.2,773,49,62,1660,724,17.1,81.8,1.5816,2004,6,6,7,4
2099,0.5,806,2.4,615,21,34,1525,543,16.6,80.2,1.5002,2004,6,6,7,5
2100,0.7,827,3.1,659,33,46,1552,616,16.8,77.4,1.4739,2004,6,6,7,6
2101,1.0,881,5.2,776,63,62,1623,677,18.3,66.5,1.381,2004,6,6,7,7
2102,1.2,877,5.9,808,73,70,1614,723,20.4,55.8,1.3196,2004,6,6,7,8
2103,0.7,784,2.8,638,51,54,1412,529,21.6,45.3,1.1533,2004,6,6,7,9
2104,0.9,806,3.4,675,61,61,1414,528,23.1,39.4,1.0983,2004,6,6,7,10
2105,0.8,775,3.0,653,52,53,1365,491,25.4,31.6,1.0058,2004,6,6,7,11
2106,0.8,773,3.4,676,49,49,1374,489,26.6,29.0,0.9928,2004,6,6,7,12
2107,0.5,734,2.3,603,40,48,1303,450,25.9,28.8,0.9475,2004,6,6,7,13
2108,0.5,757,2.7,635,36,45,1345,451,27.0,28.0,0.981,2004,6,6,7,14
2109,0.7,817,3.6,688,51,60,1435,512,23.6,38.1,1.0917,2004,6,6,7,15
2110,0.9,815,4.2,720,56,59,1418,525,25.9,32.0,1.0529,2004,6,6,7,16
2111,1.0,844,4.9,757,71,67,1445,556,26.3,31.5,1.0643,2004,6,6,7,17
2112,1.2,880,5.9,807,79,72,1510,599,23.9,36.8,1.0774,2004,6,6,7,18
2113,1.3,906,6.6,838,117,88,1547,694,23.7,36.8,1.0609,2004,6,6,7,19
2114,1.6,904,7.6,882,127,94,1549,744,22.5,37.8,1.0157,2004,6,6,7,20
2115,1.4,877,7.0,858,118,89,1535,724,21.8,39.2,1.0115,2004,6,6,7,21
2116,1.7,918,7.5,879,130,96,1569,804,20.9,42.6,1.04,2004,6,6,7,22
2117,1.7,930,8.4,914,131,98,1631,862,20.0,45.6,1.0555,2004,6,6,7,23
2118,1.4,870,7.0,858,102,95,1557,811,19.3,47.9,1.059,2004,6,7,1,0
2119,0.8,793,3.9,703,48,64,1439,627,18.7,49.0,1.0462,2004,6,7,1,1
2120,0.4,760,2.6,626,22,38,1386,575,17.8,54.1,1.0938,2004,6,7,1,2
2121,0.3,733,2.0,588,141,96,1394,589,18.6,52.7,1.1206,2004,6,7,1,3
2122,1.5,726,2.1,591,22,34,1386,579,17.2,57.9,1.127,2004,6,7,1,4
2123,0.5,732,2.4,613,44,40,1413,605,18.2,54.1,1.1155,2004,6,7,1,5
2124,1.5,933,9.6,962,167,76,1705,974,17.3,57.6,1.1289,2004,6,7,1,6
2125,2.6,1061,15.4,1162,220,90,1898,1132,19.9,49.4,1.1354,2004,6,7,1,7
2127,3.1,1065,15.1,1151,272,118,1894,1160,23.5,40.0,1.1386,2004,6,7,1,9
2128,2.9,1075,17.4,1222,238,122,1943,1213,28.4,29.7,1.1345,2004,6,7,1,10
2129,2.5,998,14.1,1119,207,120,1780,1057,31.6,24.1,1.0994,2004,6,7,1,11
2130,1.9,922,11.8,1042,152,132,1744,832,31.3,24.1,1.0816,2004,6,7,1,12
2131,2.5,1023,14.9,1147,185,115,1842,983,34.4,20.4,1.0857,2004,6,7,1,13
2132,2.5,1039,16.0,1180,184,127,1815,1047,33.7,21.3,1.0988,2004,6,7,1,14
2133,2.8,1054,16.5,1195,205,126,1848,1078,35.9,18.9,1.0999,2004,6,7,1,15
2134,2.3,1022,15.2,1155,172,113,1840,979,34.3,19.4,1.0279,2004,6,7,1,16
2135,3.3,1082,18.9,1266,227,124,1910,1139,33.5,19.9,1.0112,2004,6,7,1,17
2136,2.8,1056,19.0,1268,187,108,1896,1111,30.5,24.2,1.0386,2004,6,7,1,18
2137,4.8,1243,28.9,1524,290,142,2281,1470,30.3,26.2,1.1161,2004,6,7,1,19
2138,2.5,1029,13.4,1097,155,125,1827,980,27.0,36.7,1.2898,2004,6,7,1,20
2139,2.0,1004,10.9,1011,108,116,1754,893,24.6,41.9,1.2752,2004,6,7,1,21
2140,1.8,979,8.9,937,94,101,1683,858,23.3,44.5,1.2566,2004,6,7,1,22
2141,1.7,972,8.5,919,103,101,1668,904,22.4,46.9,1.2544,2004,6,7,1,23
2142,1.3,942,6.7,846,78,92,1615,905,21.7,50.8,1.3019,2004,6,8,2,0
2143,0.7,825,4.2,720,38,55,1511,678,21.0,51.9,1.2794,2004,6,8,2,1
2144,0.5,780,2.5,621,26,42,1452,586,20.5,54.3,1.2926,2004,6,8,2,2
2145,0.4,746,1.7,565,141,96,1423,608,20.9,52.5,1.2852,2004,6,8,2,3
2146,0.3,734,1.4,538,19,30,1400,514,21.0,53.1,1.3031,2004,6,8,2,4
2147,0.5,785,2.8,640,35,40,1467,588,19.6,57.1,1.2851,2004,6,8,2,5
2148,1.4,946,8.8,931,126,69,1745,884,18.2,62.3,1.2903,2004,6,8,2,6
2149,3.3,1201,19.4,1279,309,100,2144,1338,19.5,57.7,1.2966,2004,6,8,2,7
2151,5.0,1346,27.1,1481,441,174,2367,1681,23.9,44.4,1.3029,2004,6,8,2,9
2152,3.5,1230,19.0,1268,309,171,2049,1509,28.1,35.2,1.312,2004,6,8,2,10
2153,2.9,1160,16.9,1208,220,149,1925,1330,31.4,28.6,1.298,2004,6,8,2,11
2154,2.5,1146,15.7,1171,168,124,1902,1138,33.7,25.5,1.3095,2004,6,8,2,12
2155,2.3,1078,14.1,1121,149,119,1806,963,35.9,20.8,1.2103,2004,6,8,2,13
2156,2.4,1111,16.5,1194,160,130,1875,1015,37.5,18.1,1.1529,2004,6,8,2,14
2157,2.6,1083,14.8,1141,177,143,1793,1008,37.7,17.7,1.1383,2004,6,8,2,15
2158,2.2,1056,13.0,1083,141,96,1723,898,37.8,17.4,1.1219,2004,6,8,2,16
2159,3.5,1220,21.4,1334,176,183,2066,1215,36.6,20.6,1.2445,2004,6,8,2,17
2160,3.9,1268,23.6,1393,202,161,2144,1334,32.5,26.0,1.2502,2004,6,8,2,18
2161,4.5,1256,25.0,1430,255,170,2151,1380,30.8,27.2,1.1832,2004,6,8,2,19
2162,3.8,1213,21.6,1341,210,143,2090,1601,28.8,30.2,1.1761,2004,6,8,2,20
2163,2.8,1145,15.7,1170,157,123,1894,1376,26.7,35.4,1.2233,2004,6,8,2,21
2164,1.7,1050,10.9,1011,96,89,1739,1161,25.3,40.7,1.291,2004,6,8,2,22
2165,1.2,972,8.1,902,59,67,1647,878,24.9,41.2,1.2809,2004,6,8,2,23
2166,1.6,1020,10.2,984,81,81,1753,1031,23.7,45.1,1.3033,2004,6,9,3,0
2167,1.0,934,7.5,878,40,54,1644,847,22.5,49.0,1.3151,2004,6,9,3,1
2168,0.9,914,5.8,801,42,57,1609,908,22.3,50.6,1.3486,2004,6,9,3,2
2169,0.5,824,3.8,698,141,96,1517,733,22.0,50.5,1.3199,2004,6,9,3,3
2170,0.5,817,3.3,672,31,51,1501,751,20.8,54.4,1.3229,2004,6,9,3,4
2171,0.5,833,4.0,708,54,58,1525,799,20.3,56.0,1.3204,2004,6,9,3,5
2172,1.0,935,8.1,905,88,69,1675,954,20.5,54.8,1.3073,2004,6,9,3,6
2174,6.4,1496,36.9,1705,357,151,2691,2147,23.4,46.1,1.3091,2004,6,9,3,8
2175,2.9,1201,17.5,1224,265,146,1987,1532,25.1,43.0,1.3488,2004,6,9,3,9
2176,3.4,1267,19.3,1276,247,165,2059,1570,30.1,32.8,1.3795,2004,6,9,3,10
2177,2.8,1224,17.6,1228,189,159,1972,1380,34.7,25.9,1.4069,2004,6,9,3,11
2178,2.8,1247,18.6,1257,168,174,2000,1337,37.2,23.2,1.4478,2004,6,9,3,12
2179,2.8,1183,18.0,1241,183,167,1937,1308,39.5,18.3,1.2917,2004,6,9,3,13
2180,2.3,1078,14.0,1116,157,137,1761,1013,40.6,15.3,1.1485,2004,6,9,3,14
2181,1.8,1076,10.9,1012,113,116,1665,816,40.3,16.1,1.1896,2004,6,9,3,15
2182,2.0,1052,11.1,1019,140,125,1610,836,40.3,14.2,1.0494,2004,6,9,3,16
2183,3.5,1287,21.6,1340,230,194,2008,1267,39.6,16.7,1.1867,2004,6,9,3,17
2186,3.4,1234,18.6,1257,212,162,2019,1349,30.7,32.2,1.3983,2004,6,9,3,20
2187,2.7,1151,15.2,1154,151,132,1894,1186,28.4,35.7,1.3549,2004,6,9,3,21
2188,1.9,1065,11.7,1038,110,107,1763,1026,26.5,38.6,1.3154,2004,6,9,3,22
2189,1.5,984,8.7,929,83,84,1654,817,25.4,40.1,1.2822,2004,6,9,3,23
2190,1.0,938,7.6,881,48,61,1607,662,24.1,43.3,1.2839,2004,6,10,4,0
2191,0.7,878,5.2,774,27,42,1527,552,23.9,45.6,1.3328,2004,6,10,4,1
2192,1.0,919,5.9,807,48,66,1598,775,22.0,52.8,1.3752,2004,6,10,4,2
2193,0.6,836,4.0,709,141,96,1498,646,20.7,56.1,1.3565,2004,6,10,4,3
2194,1.5,814,3.3,673,33,50,1488,647,20.1,57.3,1.3352,2004,6,10,4,4
2195,0.9,872,5.4,782,75,76,1607,874,19.5,59.4,1.3328,2004,6,10,4,5
2196,1.2,949,8.7,929,101,78,1711,973,20.0,56.6,1.3095,2004,6,10,4,6
2197,2.9,1227,19.9,1292,214,104,2087,1327,21.7,53.9,1.3848,2004,6,10,4,7
2198,4.8,1360,30.4,1561,290,139,2525,1626,23.7,49.0,1.4152,2004,6,10,4,8
2199,4.3,1318,24.6,1420,311,166,2316,1640,25.9,44.3,1.4544,2004,6,10,4,9
2200,3.1,1196,16.9,1208,234,151,1981,1341,30.1,34.3,1.4414,2004,6,10,4,10
2201,2.4,1152,13.6,1102,157,134,1868,1113,33.5,27.2,1.3859,2004,6,10,4,11
2202,2.8,1220,15.3,1157,165,148,1935,1224,35.4,26.1,1.4806,2004,6,10,4,12
2203,2.5,1182,14.1,1120,137,126,1893,1095,37.9,23.2,1.502,2004,6,10,4,13
2204,2.6,1167,17.0,1210,149,144,1944,1152,39.7,18.7,1.3306,2004,6,10,4,14
2205,2.3,1142,13.8,1109,140,133,1789,1047,40.4,17.2,1.2774,2004,6,10,4,15
2206,2.4,1157,13.6,1105,139,139,1792,982,40.0,18.8,1.363,2004,6,10,4,16
2207,3.5,1274,21.2,1329,221,178,2054,1320,38.9,18.8,1.29,2004,6,10,4,17
2210,4.7,1290,23.6,1393,341,180,2146,1511,30.9,28.2,1.2388,2004,6,10,4,20
2211,2.4,1056,12.0,1051,163,116,1758,1078,27.5,32.6,1.176,2004,6,10,4,21
2212,2.5,1116,14.2,1123,157,118,1826,1235,26.3,34.3,1.1605,2004,6,10,4,22
2213,2.7,1106,14.2,1122,202,115,1813,1202,25.5,34.1,1.0968,2004,6,10,4,23
2214,1.5,1018,10.4,992,102,96,1710,1103,24.7,39.3,1.2065,2004,6,11,5,0
2215,1.1,919,7.5,880,70,86,1628,1013,24.2,39.5,1.1764,2004,6,11,5,1
2216,0.6,807,3.5,681,41,65,1435,765,24.8,37.8,1.1639,2004,6,11,5,2
2217,0.5,787,2.5,620,141,96,1403,618,22.7,43.8,1.1952,2004,6,11,5,3
2218,0.4,789,2.6,623,36,53,1407,663,22.0,44.3,1.1553,2004,6,11,5,4
2219,0.6,825,4.0,709,68,74,1491,813,19.3,51.4,1.1364,2004,6,11,5,5
2220,1.0,912,7.0,858,92,69,1608,894,19.8,50.4,1.1525,2004,6,11,5,6
2221,4.6,1339,24.8,1425,332,131,2264,1495,20.5,48.2,1.1474,2004,6,11,5,7
2222,4.8,1355,28.9,1526,333,134,2397,1658,22.8,42.7,1.1667,2004,6,11,5,8
2223,4.0,1250,21.5,1336,298,148,2104,1506,25.6,35.8,1.1548,2004,6,11,5,9
2224,1.5,1105,12.9,1079,141,96,1774,1168,30.0,27.5,1.1509,2004,6,11,5,10
2225,2.0,1076,12.2,1055,146,96,1734,993,34.4,21.0,1.1248,2004,6,11,5,11
2226,2.0,1096,13.1,1087,120,111,1759,910,35.9,19.6,1.1422,2004,6,11,5,12
2227,2.0,1093,13.3,1094,108,110,1769,912,37.2,18.2,1.1389,2004,6,11,5,13
2228,1.9,1027,12.5,1066,109,110,1689,814,37.3,16.6,1.0435,2004,6,11,5,14
2229,1.9,1026,13.0,1085,124,116,1654,1341,37.4,14.9,0.9413,2004,6,11,5,15
2230,1.9,1015,12.3,1062,127,120,1668,847,36.4,15.1,0.9005,2004,6,11,5,16
2231,2.6,1028,15.2,1155,185,142,1691,925,35.4,14.7,0.8323,2004,6,11,5,17
2232,3.2,1074,19.1,1270,230,146,1833,1087,34.2,14.2,0.7502,2004,6,11,5,18
2233,3.4,1124,19.7,1289,265,153,1863,1132,31.1,18.7,0.8302,2004,6,11,5,19
2234,3.4,1111,18.6,1256,261,158,1851,1197,29.1,22.0,0.8702,2004,6,11,5,20
2235,2.9,1062,16.1,1183,219,140,1731,1229,27.2,22.5,0.7962,2004,6,11,5,21
2236,2.7,1072,15.0,1148,180,127,1683,1171,25.3,24.6,0.7796,2004,6,11,5,22
2237,1.3,936,7.3,871,108,97,1430,921,24.9,27.2,0.8429,2004,6,11,5,23
2238,1.3,988,8.9,937,98,91,1543,1008,23.5,32.2,0.922,2004,6,12,6,0
2239,0.9,924,6.6,839,57,68,1453,849,23.5,32.7,0.9349,2004,6,12,6,1
2240,0.6,839,4.3,725,36,52,1368,668,24.1,32.0,0.9467,2004,6,12,6,2
2241,0.5,826,3.2,666,141,96,1349,641,22.6,34.8,0.9441,2004,6,12,6,3
2242,0.5,853,4.1,716,45,58,1414,707,20.8,40.2,0.9725,2004,6,12,6,4
2243,0.9,918,6.0,810,87,78,1524,939,18.8,46.6,1.0027,2004,6,12,6,5
2244,0.7,890,5.6,791,62,61,1489,886,19.8,46.0,1.0524,2004,6,12,6,6
2245,0.6,865,4.8,752,65,64,1451,837,21.3,42.3,1.0625,2004,6,12,6,7
2246,1.3,1003,8.9,937,125,81,1622,1005,21.3,41.8,1.0449,2004,6,12,6,8
2247,1.9,1123,13.1,1088,157,92,1789,1191,24.0,36.6,1.0772,2004,6,12,6,9
2248,2.1,1146,14.1,1119,171,101,1823,1200,27.2,30.7,1.0884,2004,6,12,6,10
2249,1.8,1110,11.2,1021,119,96,1724,971,32.3,23.6,1.1271,2004,6,12,6,11
2250,1.8,1126,10.0,979,110,101,1700,907,31.9,25.8,1.2023,2004,6,12,6,12
2251,1.6,1067,9.6,962,95,91,1658,802,35.1,21.8,1.2093,2004,6,12,6,13
2252,1.2,1008,7.2,866,58,68,1573,695,36.0,20.5,1.1995,2004,6,12,6,14
2253,1.2,1062,8.6,924,69,76,1683,777,37.0,20.1,1.2423,2004,6,12,6,15
2254,1.4,1082,9.0,939,76,84,1678,818,36.4,21.0,1.2515,2004,6,12,6,16
2255,1.3,1042,7.9,897,63,76,1605,681,35.2,22.6,1.267,2004,6,12,6,17
2256,1.1,1022,6.2,823,51,61,1599,631,32.5,27.6,1.3229,2004,6,12,6,18
2257,1.1,1024,6.3,828,46,52,1601,641,29.1,35.1,1.3919,2004,6,12,6,19
2258,1.1,1048,6.3,828,52,59,1618,683,26.9,39.7,1.3898,2004,6,12,6,20
2259,1.8,1153,11.2,1022,84,89,1806,1013,26.1,42.2,1.4039,2004,6,12,6,21
2260,2.3,1195,12.8,1077,130,113,1860,1151,25.5,43.8,1.4095,2004,6,12,6,22
2261,2.6,1245,13.2,1091,147,112,1870,1134,24.9,45.6,1.4135,2004,6,12,6,23
2262,2.0,1086,9.2,946,126,89,1729,945,25.2,45.2,1.4262,2004,6,13,7,0
2263,1.0,972,5.8,804,47,53,1620,734,25.4,45.5,1.457,2004,6,13,7,1
2264,0.6,880,3.4,677,24,36,1500,554,26.2,43.6,1.4599,2004,6,13,7,2
2265,0.6,906,4.1,719,141,96,1561,612,24.3,48.2,1.4476,2004,6,13,7,3
2266,0.5,879,3.1,658,25,39,1511,564,24.4,48.3,1.4499,2004,6,13,7,4
2267,0.4,842,2.2,597,21,33,1444,512,23.3,51.0,1.4346,2004,6,13,7,5
2268,0.4,797,1.5,543,25,37,1347,410,21.6,48.1,1.2259,2004,6,13,7,6
2269,0.4,796,1.3,526,25,36,1322,392,21.4,47.8,1.2005,2004,6,13,7,7
2270,0.4,767,1.2,520,30,42,1287,377,20.5,46.8,1.1152,2004,6,13,7,8
2271,0.5,784,1.7,562,42,52,1286,389,20.8,40.7,0.9882,2004,6,13,7,9
2272,0.6,811,2.5,622,52,60,1307,432,22.3,35.3,0.9371,2004,6,13,7,10
2273,0.7,838,2.5,620,62,74,1325,502,21.7,38.3,0.9842,2004,6,13,7,11
2274,0.7,821,2.7,632,67,65,1302,469,24.4,29.6,0.8921,2004,6,13,7,12
2275,0.6,793,1.9,579,47,52,1303,427,23.4,34.9,0.991,2004,6,13,7,13
2276,0.5,794,1.8,567,35,40,1306,406,23.5,35.2,1.0019,2004,6,13,7,14
2277,0.6,821,2.4,614,45,49,1350,430,22.4,39.0,1.04,2004,6,13,7,15
2278,0.8,849,2.6,628,53,56,1379,453,22.0,41.7,1.0865,2004,6,13,7,16
2279,0.8,852,3.0,651,57,59,1387,470,21.7,42.7,1.0949,2004,6,13,7,17
2280,1.0,847,2.9,645,71,68,1364,480,20.7,43.4,1.047,2004,6,13,7,18
2281,1.0,849,3.5,682,67,72,1378,472,20.3,42.6,1.0045,2004,6,13,7,19
2282,1.0,865,3.6,687,75,78,1388,521,20.3,44.1,1.0392,2004,6,13,7,20
2283,0.9,848,3.6,689,65,71,1403,520,20.1,45.2,1.0538,2004,6,13,7,21
2284,0.7,807,2.3,606,45,54,1337,440,19.8,45.7,1.0424,2004,6,13,7,22
2285,0.8,814,2.6,627,46,57,1351,446,19.6,45.3,1.0244,2004,6,13,7,23
2286,0.7,785,2.0,582,33,45,1311,417,19.4,45.9,1.0242,2004,6,14,1,0
2287,0.5,748,1.2,515,19,30,1261,381,19.7,44.8,1.0172,2004,6,14,1,1
2288,0.3,716,0.7,461,9,16,1235,350,19.5,46.3,1.0363,2004,6,14,1,2
2289,0.3,708,0.5,437,141,96,1227,334,19.0,49.0,1.063,2004,6,14,1,3
2290,1.5,724,0.5,448,12,18,1256,346,19.1,50.7,1.109,2004,6,14,1,4
2291,0.3,748,0.8,477,21,28,1301,380,19.1,52.7,1.1545,2004,6,14,1,5
2292,0.7,888,3.5,683,66,62,1483,563,20.3,49.3,1.1596,2004,6,14,1,6
2293,1.5,973,7.0,858,137,92,1584,779,21.1,46.2,1.1389,2004,6,14,1,7
2294,1.8,993,8.7,927,151,96,1665,842,21.5,44.5,1.129,2004,6,14,1,8
2295,1.4,929,6.3,825,115,87,1561,692,22.4,43.6,1.1637,2004,6,14,1,9
2296,1.5,962,7.0,858,118,84,1613,779,24.8,39.1,1.2039,2004,6,14,1,10
2297,1.2,906,5.5,786,95,73,1538,633,23.9,42.1,1.2335,2004,6,14,1,11
2298,1.2,915,5.3,776,86,72,1544,616,25.5,38.3,1.2328,2004,6,14,1,12
2299,1.3,928,5.5,787,85,68,1585,606,25.4,39.2,1.2534,2004,6,14,1,13
2300,1.0,855,3.8,698,66,62,1449,526,25.6,37.0,1.2006,2004,6,14,1,14
2301,1.4,920,5.4,783,74,70,1550,588,24.5,38.4,1.1669,2004,6,14,1,15
2302,1.6,917,6.7,842,108,83,1563,674,23.9,39.9,1.1639,2004,6,14,1,16
2303,2.7,1072,12.2,1057,150,92,1820,885,24.2,39.2,1.1665,2004,6,14,1,17
2304,2.3,1000,10.2,985,157,103,1726,879,23.5,41.2,1.1759,2004,6,14,1,18
2305,1.5,914,6.7,845,93,82,1583,703,22.3,44.9,1.1973,2004,6,14,1,19
2306,1.4,888,5.7,799,76,74,1531,637,21.7,46.5,1.1917,2004,6,14,1,20
2307,1.0,851,4.1,718,57,67,1471,561,22.0,44.9,1.1699,2004,6,14,1,21
2308,1.1,870,4.7,749,64,74,1487,612,22.2,44.1,1.1654,2004,6,14,1,22
2309,1.2,883,5.2,773,59,72,1514,621,21.8,45.6,1.1763,2004,6,14,1,23
2310,1.2,886,5.1,767,68,79,1532,702,21.6,46.0,1.1742,2004,6,15,2,0
2311,0.7,792,2.8,637,31,43,1400,559,21.6,45.8,1.1715,2004,6,15,2,1
2312,0.5,754,1.4,535,21,33,1335,435,20.7,48.3,1.168,2004,6,15,2,2
2313,0.4,732,1.0,503,141,96,1321,441,21.0,47.1,1.1546,2004,6,15,2,3
2314,0.4,770,2.0,586,24,38,1392,527,20.8,48.5,1.18,2004,6,15,2,4
2315,0.5,797,3.0,654,38,51,1450,720,20.8,49.4,1.1994,2004,6,15,2,5
2316,1.0,915,7.5,877,92,69,1651,937,19.9,51.8,1.1911,2004,6,15,2,6
2319,2.4,1003,10.9,1009,181,96,1710,1015,25.3,35.8,1.1421,2004,6,15,2,9
2320,2.1,1037,11.9,1046,177,109,1763,1004,28.8,29.1,1.1349,2004,6,15,2,10
2321,2.7,1114,16.0,1181,180,115,1928,1129,30.3,26.9,1.1399,2004,6,15,2,11
2322,2.8,1085,15.7,1171,174,118,1863,1068,32.8,23.3,1.138,2004,6,15,2,12
2323,2.3,1024,13.1,1087,140,118,1745,924,33.9,21.4,1.1135,2004,6,15,2,13
2324,2.0,1017,12.2,1057,122,112,1698,861,35.3,19.6,1.1036,2004,6,15,2,14
2325,2.6,1053,15.8,1173,189,140,1808,981,34.0,20.8,1.0898,2004,6,15,2,15
2326,2.7,1065,16.6,1198,169,137,1852,1043,35.3,18.8,1.0572,2004,6,15,2,16
2327,3.1,1136,18.4,1250,172,143,1940,1124,32.6,24.1,1.1688,2004,6,15,2,17
2328,3.1,1100,16.7,1202,154,148,1856,1004,30.8,28.7,1.2507,2004,6,15,2,18
2329,3.6,1143,20.8,1319,192,158,2001,1190,28.7,31.2,1.2099,2004,6,15,2,19
2330,2.9,1083,15.3,1157,160,127,1884,1072,26.8,35.1,1.2201,2004,6,15,2,20
2331,2.2,1009,11.5,1034,110,109,1763,925,25.3,39.4,1.2524,2004,6,15,2,21
2332,2.0,969,10.1,983,97,101,1680,862,23.9,40.9,1.1966,2004,6,15,2,22
2333,2.1,1029,10.4,993,124,114,1728,969,23.0,44.4,1.2354,2004,6,15,2,23
2334,1.9,1064,9.4,956,108,104,1770,932,22.2,53.9,1.4237,2004,6,16,3,0
2335,1.4,986,6.9,853,61,81,1645,794,20.9,59.8,1.4659,2004,6,16,3,1
2336,0.8,872,4.0,709,34,51,1522,599,21.3,58.1,1.457,2004,6,16,3,2
2337,0.6,840,3.0,654,141,96,1489,614,20.8,58.4,1.4189,2004,6,16,3,3
2338,0.6,812,2.6,626,24,40,1471,625,20.3,58.9,1.3878,2004,6,16,3,4
2339,0.5,810,2.4,612,27,34,1462,595,21.3,54.5,1.3682,2004,6,16,3,5
2340,1.0,936,6.8,849,70,61,1640,886,20.6,57.4,1.3753,2004,6,16,3,6
2341,2.7,1244,18.9,1265,176,95,2084,1257,21.3,56.9,1.4226,2004,6,16,3,7
2342,5.0,1440,30.2,1556,310,142,2530,1561,22.9,52.4,1.4442,2004,6,16,3,8
2343,3.3,1180,14.9,1145,221,128,1929,1191,24.1,46.5,1.3802,2004,6,16,3,9
2344,2.4,1126,12.2,1058,168,115,1879,1061,27.1,38.8,1.3705,2004,6,16,3,10
2345,1.7,1005,8.3,910,109,84,1670,751,28.4,34.4,1.314,2004,6,16,3,11
2346,1.7,1032,9.0,940,102,85,1703,733,30.1,30.9,1.2958,2004,6,16,3,12
2347,2.4,1087,13.7,1106,129,110,1839,906,32.7,25.8,1.2547,2004,6,16,3,13
2348,2.2,1090,14.1,1119,117,107,1811,902,32.4,25.7,1.2271,2004,6,16,3,14
2349,2.2,1072,12.0,1050,112,107,1748,836,33.6,24.4,1.2472,2004,6,16,3,15
2350,2.3,1101,12.2,1057,122,113,1772,863,33.0,26.0,1.2877,2004,6,16,3,16
2351,2.6,1111,13.1,1086,114,107,1802,824,33.2,23.7,1.1855,2004,6,16,3,17
2352,2.3,1048,12.6,1070,111,106,1737,842,31.3,25.4,1.1415,2004,6,16,3,18
2353,3.3,1197,18.3,1249,158,125,1986,1132,28.3,31.7,1.1968,2004,6,16,3,19
2354,3.5,1173,17.2,1217,202,139,1930,1175,26.5,35.0,1.1981,2004,6,16,3,20
2355,2.5,1075,12.9,1079,166,117,1798,1111,24.4,40.0,1.2079,2004,6,16,3,21
2356,2.5,1067,13.7,1106,143,107,1840,1125,23.3,43.4,1.2251,2004,6,16,3,22
2357,2.4,1060,13.4,1099,122,98,1838,1077,22.5,45.3,1.2226,2004,6,16,3,23
2358,2.5,1081,13.5,1099,113,97,1854,1087,21.8,47.8,1.2325,2004,6,17,4,0
2359,2.1,1017,9.9,975,109,95,1722,1014,20.9,51.0,1.2446,2004,6,17,4,1
2360,1.0,836,4.4,734,53,68,1501,801,20.8,51.7,1.2572,2004,6,17,4,2
2361,0.8,831,4.3,727,141,96,1522,802,19.3,57.1,1.2661,2004,6,17,4,3
2362,1.5,804,3.3,668,32,51,1479,753,18.8,58.6,1.2581,2004,6,17,4,4
2363,0.5,798,3.4,677,35,44,1473,696,20.2,53.8,1.2569,2004,6,17,4,5
2364,1.3,966,9.3,951,123,77,1735,996,18.3,60.8,1.2635,2004,6,17,4,6
2367,3.7,1297,22.1,1353,281,154,2128,1690,25.2,43.0,1.3548,2004,6,17,4,9
2368,1.9,1041,10.0,979,169,125,1705,1053,28.0,36.6,1.3603,2004,6,17,4,10
2369,1.7,1027,8.9,936,152,117,1696,931,27.1,38.3,1.3548,2004,6,17,4,11
2370,1.9,1037,9.8,969,127,105,1728,865,27.4,37.0,1.3319,2004,6,17,4,12
2371,1.8,1014,9.4,954,118,103,1697,818,29.4,32.9,1.3244,2004,6,17,4,13
2372,1.7,1007,9.8,971,120,106,1682,802,31.3,28.7,1.2885,2004,6,17,4,14
2373,1.8,998,9.5,958,125,107,1657,778,31.5,28.7,1.3058,2004,6,17,4,15
2374,1.7,1014,9.5,958,117,102,1684,767,30.9,30.3,1.3306,2004,6,17,4,16
2375,2.8,1157,15.4,1160,166,124,1936,1000,31.4,30.3,1.3689,2004,6,17,4,17
2376,3.6,1225,19.4,1281,180,133,2082,1143,30.7,31.4,1.3686,2004,6,17,4,18
2377,3.3,1131,16.5,1194,172,125,1907,1009,29.0,33.4,1.3169,2004,6,17,4,19
2378,2.9,1111,14.3,1126,160,124,1883,1076,27.3,37.5,1.342,2004,6,17,4,20
2379,1.7,976,8.2,909,103,97,1675,830,25.8,40.9,1.3389,2004,6,17,4,21
2380,1.7,1016,8.7,929,87,94,1724,853,25.2,43.0,1.358,2004,6,17,4,22
2381,2.8,1177,15.2,1156,147,120,1983,1310,24.6,45.8,1.394,2004,6,17,4,23
2382,1.8,1013,10.6,999,120,105,1751,1119,24.0,47.3,1.3914,2004,6,18,5,0
2383,1.0,886,6.0,813,63,81,1592,918,23.5,48.3,1.3777,2004,6,18,5,1
2384,0.5,791,3.1,658,30,43,1467,609,24.0,45.8,1.3467,2004,6,18,5,2
2385,0.4,762,2.5,618,141,96,1431,516,22.2,50.7,1.3405,2004,6,18,5,3
2386,0.3,740,1.8,568,19,32,1404,510,22.8,48.1,1.3184,2004,6,18,5,4
2387,0.4,775,2.6,628,27,36,1437,554,21.9,50.1,1.3002,2004,6,18,5,5
2388,0.8,872,6.5,833,65,59,1598,760,20.4,54.1,1.28,2004,6,18,5,6
2389,2.2,1123,14.5,1134,169,92,1922,1170,20.8,52.6,1.2758,2004,6,18,5,7
2391,3.7,1237,21.3,1332,274,151,2157,1508,25.2,42.9,1.3552,2004,6,18,5,9
2392,2.5,1143,14.9,1146,202,142,1917,1292,29.3,34.8,1.397,2004,6,18,5,10
2393,2.5,1170,15.6,1168,186,141,1949,1287,33.3,27.8,1.4013,2004,6,18,5,11
2394,2.3,1116,14.3,1128,153,129,1856,1042,34.9,24.9,1.363,2004,6,18,5,12
2395,2.0,1054,12.6,1069,112,106,1766,817,36.1,22.7,1.3324,2004,6,18,5,13
2396,2.0,1083,13.4,1097,117,125,1810,847,37.6,21.1,1.3478,2004,6,18,5,14
2397,2.1,1078,12.6,1069,109,126,1780,806,37.3,21.9,1.3761,2004,6,18,5,15
2398,2.4,1104,14.8,1143,133,147,1840,896,37.2,21.6,1.3514,2004,6,18,5,16
2399,3.1,1170,18.6,1257,185,180,1956,1069,35.6,23.4,1.341,2004,6,18,5,17
2400,2.9,1091,16.7,1201,167,164,1834,945,33.1,24.3,1.2087,2004,6,18,5,18
2401,3.5,1216,20.8,1318,218,180,2043,1168,30.5,29.5,1.2635,2004,6,18,5,19
2402,2.9,1125,16.0,1179,171,153,1921,1065,28.7,35.8,1.3834,2004,6,18,5,20
2403,1.5,971,7.6,881,78,105,1635,672,26.6,42.2,1.4452,2004,6,18,5,21
2404,1.7,1062,10.2,984,84,98,1796,842,25.2,46.6,1.4733,2004,6,18,5,22
2405,2.2,1140,13.8,1109,110,107,1892,1123,24.7,47.7,1.4649,2004,6,18,5,23
2406,1.6,1038,10.4,992,87,87,1731,1007,24.4,47.4,1.4301,2004,6,19,6,0
2407,1.0,935,6.5,836,58,80,1604,855,23.3,49.9,1.4135,2004,6,19,6,1
2408,0.6,861,4.3,729,39,62,1528,689,23.8,47.3,1.3783,2004,6,19,6,2
2409,0.6,839,3.4,678,141,96,1478,622,22.9,50.2,1.3808,2004,6,19,6,3
2410,0.6,850,3.9,703,38,54,1511,658,21.2,55.0,1.3689,2004,6,19,6,4
2411,0.5,817,3.0,651,41,56,1472,628,21.7,52.6,1.35,2004,6,19,6,5
2412,0.5,825,3.2,667,47,62,1475,659,22.8,48.9,1.3424,2004,6,19,6,6
2413,0.9,921,5.6,792,72,72,1595,799,23.5,47.6,1.3611,2004,6,19,6,7
2414,1.4,1031,9.1,945,100,86,1697,964,24.6,44.9,1.3661,2004,6,19,6,8
2415,1.6,1092,9.7,967,104,99,1774,910,27.0,39.9,1.402,2004,6,19,6,9
2416,1.6,1095,8.6,923,109,98,1736,999,29.3,35.9,1.4411,2004,6,19,6,10
2417,1.7,1097,9.6,964,103,102,1743,853,31.2,32.4,1.4517,2004,6,19,6,11
2418,1.7,1101,9.8,972,75,84,1714,752,34.4,26.6,1.423,2004,6,19,6,12
2419,1.5,1060,10.3,991,72,83,1718,778,36.1,22.1,1.3004,2004,6,19,6,13
2420,1.2,1053,7.9,895,56,68,1446,942,17.2,48.6,0.9768,2004,6,19,6,14
2421,1.2,1053,7.9,895,51,63,1446,942,17.2,48.6,0.9768,2004,6,19,6,15
2422,1.1,1053,7.9,895,52,65,1446,942,17.2,48.6,0.9768,2004,6,19,6,16
2423,1.0,1053,7.9,895,46,63,1446,942,17.2,48.6,0.9768,2004,6,19,6,17
2424,1.1,1053,7.9,895,44,56,1446,942,17.2,48.6,0.9768,2004,6,19,6,18
2425,1.6,1053,7.9,895,72,77,1446,942,17.2,48.6,0.9768,2004,6,19,6,19
2426,1.7,1053,7.9,895,88,91,1446,942,17.2,48.6,0.9768,2004,6,19,6,20
2427,1.4,1053,7.9,895,56,70,1446,942,17.2,48.6,0.9768,2004,6,19,6,21
2428,1.7,1053,7.9,895,82,95,1446,942,17.2,48.6,0.9768,2004,6,19,6,22
2429,2.4,1053,7.9,895,125,113,1446,942,17.2,48.6,0.9768,2004,6,19,6,23
2430,2.3,1053,7.9,895,144,109,1446,942,17.2,48.6,0.9768,2004,6,20,7,0
2431,1.2,1053,7.9,895,54,65,1446,942,17.2,48.6,0.9768,2004,6,20,7,1
2432,1.0,1053,7.9,895,48,60,1446,942,17.2,48.6,0.9768,2004,6,20,7,2
2433,1.4,1053,7.9,895,141,96,1446,942,17.2,48.6,0.9768,2004,6,20,7,3
2434,1.5,1053,7.9,895,41,62,1446,942,17.2,48.6,0.9768,2004,6,20,7,4
2435,1.0,1053,7.9,895,40,60,1446,942,17.2,48.6,0.9768,2004,6,20,7,5
2436,0.9,1053,7.9,895,48,65,1446,942,17.2,48.6,0.9768,2004,6,20,7,6
2437,0.8,1053,7.9,895,44,55,1446,942,17.2,48.6,0.9768,2004,6,20,7,7
2438,1.0,1053,7.9,895,59,66,1446,942,17.2,48.6,0.9768,2004,6,20,7,8
2439,1.2,1053,7.9,895,59,67,1446,942,17.2,48.6,0.9768,2004,6,20,7,9
2440,1.2,1053,7.9,895,53,64,1446,942,17.2,48.6,0.9768,2004,6,20,7,10
2441,1.0,1053,7.9,895,42,59,1446,942,17.2,48.6,0.9768,2004,6,20,7,11
2442,1.0,1053,7.9,895,43,59,1446,942,17.2,48.6,0.9768,2004,6,20,7,12
2443,0.6,1053,7.9,895,23,36,1446,942,17.2,48.6,0.9768,2004,6,20,7,13
2444,0.7,1053,7.9,895,22,35,1446,942,17.2,48.6,0.9768,2004,6,20,7,14
2445,0.8,1053,7.9,895,37,54,1446,942,17.2,48.6,0.9768,2004,6,20,7,15
2446,1.1,1053,7.9,895,53,71,1446,942,17.2,48.6,0.9768,2004,6,20,7,16
2447,1.4,1053,7.9,895,68,86,1446,942,17.2,48.6,0.9768,2004,6,20,7,17
2448,2.8,1053,7.9,895,125,114,1446,942,17.2,48.6,0.9768,2004,6,20,7,18
2449,2.5,1053,7.9,895,96,105,1446,942,17.2,48.6,0.9768,2004,6,20,7,19
2450,1.6,1053,7.9,895,75,87,1446,942,17.2,48.6,0.9768,2004,6,20,7,20
2451,1.4,1053,7.9,895,74,85,1446,942,17.2,48.6,0.9768,2004,6,20,7,21
2452,2.3,1053,7.9,895,92,91,1446,942,17.2,48.6,0.9768,2004,6,20,7,22
2453,4.2,1053,7.9,895,136,108,1446,942,17.2,48.6,0.9768,2004,6,20,7,23
2454,3.0,1053,7.9,895,119,99,1446,942,17.2,48.6,0.9768,2004,6,21,1,0
2455,2.2,1053,7.9,895,76,83,1446,942,17.2,48.6,0.9768,2004,6,21,1,1
2456,0.6,1053,7.9,895,21,36,1446,942,17.2,48.6,0.9768,2004,6,21,1,2
2457,0.3,1053,7.9,895,141,96,1446,942,17.2,48.6,0.9768,2004,6,21,1,3
2458,0.3,732,1.5,544,15,24,1367,466,18.9,55.2,1.1895,2004,6,21,1,4
2459,0.5,809,3.5,681,52,43,1463,609,18.2,57.6,1.193,2004,6,21,1,5
2460,1.3,934,8.3,911,85,64,1639,863,18.6,56.0,1.1865,2004,6,21,1,6
2461,2.5,1132,17.3,1220,177,91,1910,1203,20.8,48.0,1.1702,2004,6,21,1,7
2462,3.7,1221,23.3,1386,232,109,2138,1412,23.3,38.6,1.0919,2004,6,21,1,8
2463,2.5,1024,13.8,1111,201,110,1753,1069,25.1,32.4,1.017,2004,6,21,1,9
2464,1.8,938,10.2,987,134,111,1597,817,27.8,25.8,0.9473,2004,6,21,1,10
2465,1.5,869,7.9,897,104,106,1480,649,29.6,21.0,0.8548,2004,6,21,1,11
2466,1.5,846,8.8,930,89,104,1467,598,30.2,18.0,0.7613,2004,6,21,1,12
2467,1.2,838,7.2,868,66,76,1454,540,30.1,18.5,0.7747,2004,6,21,1,13
2468,1.4,875,8.3,912,85,84,1504,601,29.5,19.4,0.7872,2004,6,21,1,14
2469,1.6,907,9.6,961,105,102,1564,668,31.1,18.2,0.8079,2004,6,21,1,15
2470,1.6,889,9.0,939,99,102,1492,647,30.3,19.0,0.8103,2004,6,21,1,16
2471,2.2,969,12.4,1064,132,124,1645,816,30.1,19.3,0.8083,2004,6,21,1,17
2472,3.0,1051,15.3,1157,186,147,1787,963,28.6,22.3,0.859,2004,6,21,1,18
2473,3.0,1043,16.1,1181,174,138,1813,1010,26.1,28.3,0.9407,2004,6,21,1,19
2474,2.7,1043,14.1,1121,149,126,1793,967,24.5,35.7,1.0807,2004,6,21,1,20
2475,2.1,1007,11.4,1027,114,112,1737,904,23.1,41.5,1.1582,2004,6,21,1,21
2476,1.6,966,9.5,959,92,95,1686,852,21.8,46.3,1.1913,2004,6,21,1,22
2477,1.3,920,7.4,875,75,80,1594,744,20.9,48.9,1.1945,2004,6,21,1,23
2478,1.1,889,6.4,831,74,79,1570,760,20.5,49.9,1.1903,2004,6,22,2,0
2479,0.7,825,4.1,715,35,49,1462,613,20.0,50.9,1.1794,2004,6,22,2,1
2480,0.4,758,1.9,580,22,36,1374,531,22.1,44.3,1.1665,2004,6,22,2,2
2481,0.2,735,1.4,533,141,96,1350,493,21.0,47.5,1.1666,2004,6,22,2,3
2482,0.2,719,1.2,522,24,40,1343,509,19.8,50.3,1.1444,2004,6,22,2,4
2483,0.3,757,2.2,596,30,37,1381,560,19.0,52.8,1.1489,2004,6,22,2,5
2484,0.9,890,6.4,831,93,67,1594,826,17.8,56.5,1.1375,2004,6,22,2,6
2485,3.1,1181,18.5,1255,332,106,2002,1334,18.2,55.8,1.1529,2004,6,22,2,7
2486,5.0,1332,30.2,1556,387,134,2394,1660,20.6,47.7,1.1448,2004,6,22,2,8
2487,2.8,1128,14.2,1124,267,123,1832,1362,22.8,41.9,1.1496,2004,6,22,2,9
2488,2.8,1128,14.3,1126,269,136,1856,1316,27.1,31.7,1.1147,2004,6,22,2,10
2489,2.1,1064,12.6,1069,193,109,1766,1089,30.4,26.4,1.131,2004,6,22,2,11
2490,3.1,1139,18.0,1240,239,144,1940,1129,31.1,26.2,1.1647,2004,6,22,2,12
2491,3.0,1121,17.1,1214,232,154,1912,1120,31.4,25.3,1.1444,2004,6,22,2,13
2492,2.1,1032,13.0,1083,152,126,1772,916,30.8,26.7,1.168,2004,6,22,2,14
2493,1.7,1040,11.2,1022,115,98,1747,812,31.8,25.6,1.1868,2004,6,22,2,15
2494,2.2,1076,13.6,1105,169,120,1782,959,33.5,22.9,1.1649,2004,6,22,2,16
2495,3.5,1177,20.5,1310,226,145,2011,1189,33.1,23.5,1.1673,2004,6,22,2,17
2496,3.6,1196,20.2,1303,218,139,2017,1199,31.7,25.9,1.1883,2004,6,22,2,18
2497,4.1,1204,23.1,1381,245,148,2085,1283,29.0,30.4,1.2013,2004,6,22,2,19
2498,4.0,1166,20.3,1304,236,139,2016,1291,27.4,33.6,1.2095,2004,6,22,2,20
2499,1.8,959,9.3,949,104,93,1640,949,25.2,36.4,1.1528,2004,6,22,2,21
2500,1.7,1004,10.5,997,104,96,1726,1018,24.0,39.6,1.1662,2004,6,22,2,22
2501,2.4,1050,13.6,1105,144,104,1807,1122,23.8,39.6,1.1558,2004,6,22,2,23
2502,1.2,965,8.0,900,79,83,1631,968,22.9,43.6,1.1974,2004,6,23,3,0
2503,0.8,849,4.6,744,51,66,1496,806,22.8,43.9,1.202,2004,6,23,3,1
2504,0.5,809,3.2,666,38,55,1455,714,21.8,47.3,1.2189,2004,6,23,3,2
2505,0.3,777,2.4,609,141,96,1405,644,21.7,47.3,1.2135,2004,6,23,3,3
2506,1.5,768,2.1,591,24,37,1402,606,20.8,50.3,1.2207,2004,6,23,3,4
2507,0.4,768,2.2,597,30,40,1396,606,21.7,46.8,1.2031,2004,6,23,3,5
2508,1.0,917,6.7,842,73,51,1656,819,20.3,52.3,1.2367,2004,6,23,3,6
2510,3.2,1224,19.0,1268,295,110,2046,1478,21.7,49.6,1.2673,2004,6,23,3,8
2511,3.5,1277,20.1,1300,331,136,2090,1598,24.0,43.1,1.2677,2004,6,23,3,9
2512,3.2,1149,16.4,1192,304,152,1944,1449,28.5,31.7,1.2144,2004,6,23,3,10
2513,2.3,1091,13.0,1082,210,119,1790,1221,32.2,25.1,1.189,2004,6,23,3,11
2514,2.2,1053,13.1,1087,163,106,1762,1023,34.9,20.5,1.1279,2004,6,23,3,12
2515,2.1,1023,11.8,1042,132,101,1711,910,35.4,19.9,1.1222,2004,6,23,3,13
2516,1.9,1085,12.7,1075,126,110,1786,913,34.4,22.5,1.205,2004,6,23,3,14
2517,2.4,1116,14.1,1120,150,124,1854,1035,34.8,22.8,1.2488,2004,6,23,3,15
2518,2.5,1111,14.4,1131,171,137,1825,1085,34.3,22.4,1.1907,2004,6,23,3,16
2519,3.6,1210,20.7,1316,234,159,2030,1278,32.5,25.3,1.2165,2004,6,23,3,17
2520,3.9,1250,21.6,1339,251,152,2075,1383,31.3,27.3,1.2234,2004,6,23,3,18
2521,4.4,1297,24.2,1408,294,166,2134,1473,30.2,29.0,1.2224,2004,6,23,3,19
2522,4.8,1313,21.8,1345,300,163,2118,1507,28.5,33.3,1.2775,2004,6,23,3,20
2523,2.5,1146,13.0,1084,159,121,1829,1215,27.3,35.3,1.2606,2004,6,23,3,21
2524,2.8,1199,15.1,1152,176,125,1897,1242,26.1,37.8,1.2575,2004,6,23,3,22
2525,3.2,1274,16.6,1197,192,120,2023,1356,24.7,47.1,1.44,2004,6,23,3,23
2526,2.6,1243,12.7,1072,152,103,1978,1195,23.6,59.8,1.7193,2004,6,24,4,0
2527,1.5,1054,8.6,923,63,64,1793,899,23.3,60.5,1.706,2004,6,24,4,1
2528,1.0,962,5.3,778,35,44,1645,726,23.3,59.4,1.6753,2004,6,24,4,2
2529,0.8,915,3.6,690,141,96,1570,743,22.9,57.7,1.5902,2004,6,24,4,3
2530,0.6,871,2.8,639,21,35,1528,684,23.7,53.5,1.546,2004,6,24,4,4
2531,0.6,877,3.1,658,41,46,1530,779,21.2,60.9,1.5092,2004,6,24,4,5
2532,0.7,893,3.7,696,48,54,1548,801,22.1,56.2,1.48,2004,6,24,4,6
2533,1.2,1030,6.9,851,102,68,1700,983,21.9,57.0,1.4742,2004,6,24,4,7
2534,1.5,1059,8.6,926,111,77,1750,989,24.7,45.9,1.4061,2004,6,24,4,8
2535,1.3,1020,7.1,860,93,74,1649,875,27.0,40.8,1.4286,2004,6,24,4,9
2536,1.6,1045,6.6,840,118,92,1656,807,29.1,37.4,1.4833,2004,6,24,4,10
2537,1.5,1029,7.2,866,93,83,1651,727,31.1,32.4,1.4351,2004,6,24,4,11
2538,1.2,959,5.0,763,56,58,1561,549,31.9,30.3,1.4125,2004,6,24,4,12
2539,1.1,975,5.7,798,51,55,1576,570,32.8,28.9,1.412,2004,6,24,4,13
2540,1.2,988,6.0,813,52,61,1596,596,33.4,27.8,1.4119,2004,6,24,4,14
2541,1.3,971,6.1,818,59,65,1565,585,35.3,23.7,1.3331,2004,6,24,4,15
2542,1.4,999,8.0,899,62,74,1629,637,35.8,22.4,1.2915,2004,6,24,4,16
2543,1.6,989,7.8,889,85,89,1602,664,35.3,20.8,1.1664,2004,6,24,4,17
2544,2.1,1075,11.1,1020,109,103,1732,797,33.3,23.9,1.2085,2004,6,24,4,18
2545,3.0,1190,15.9,1177,168,128,1934,1046,30.3,30.8,1.3044,2004,6,24,4,19
2546,2.8,1172,13.7,1108,166,122,1878,1058,28.3,34.5,1.3084,2004,6,24,4,20
2547,3.8,1256,21.6,1340,149,125,2176,1214,27.1,38.9,1.3758,2004,6,24,4,21
2548,3.2,1190,16.8,1203,118,119,1967,1056,25.4,43.2,1.3805,2004,6,24,4,22
2549,4.1,1249,20.5,1310,160,126,2114,1280,24.6,45.3,1.3767,2004,6,24,4,23
2550,2.6,1072,14.1,1120,124,100,1838,1045,23.7,46.0,1.3346,2004,6,25,5,0
2551,2.0,1035,10.9,1011,95,94,1752,1039,23.0,48.1,1.3322,2004,6,25,5,1
2552,0.9,839,3.6,690,34,52,1457,640,24.8,43.4,1.3366,2004,6,25,5,2
2553,0.7,833,3.3,671,141,96,1482,705,23.1,47.4,1.3208,2004,6,25,5,3
2554,0.6,804,2.4,616,45,64,1427,662,21.7,50.2,1.2917,2004,6,25,5,4
2555,0.6,811,3.0,651,35,46,1442,579,21.9,50.7,1.3138,2004,6,25,5,5
2556,1.6,1028,8.9,934,141,88,1743,987,20.1,57.0,1.3216,2004,6,25,5,6
2557,2.6,1138,14.8,1141,199,104,1927,1197,21.5,51.8,1.3129,2004,6,25,5,7
2558,2.9,1203,16.2,1185,224,125,1968,1328,22.9,48.7,1.3416,2004,6,25,5,8
2559,2.8,1193,14.6,1136,245,151,1924,1370,25.7,41.0,1.3351,2004,6,25,5,9
2560,1.9,1049,8.0,898,153,113,1671,921,29.9,33.2,1.3793,2004,6,25,5,10
2561,1.9,1090,9.1,942,145,102,1713,876,32.9,28.0,1.3789,2004,6,25,5,11
2562,2.1,1070,10.0,976,130,108,1688,819,34.0,25.6,1.3363,2004,6,25,5,12
2563,1.9,1014,9.8,970,95,93,1684,763,34.7,22.6,1.2297,2004,6,25,5,13
2564,1.6,972,8.3,912,88,89,1596,675,35.5,20.3,1.1586,2004,6,25,5,14
2565,1.6,951,7.5,880,89,84,1539,637,35.9,18.8,1.0912,2004,6,25,5,15
2566,2.1,1033,11.7,1038,127,111,1690,826,36.2,18.6,1.0945,2004,6,25,5,16
2567,2.4,983,13.3,1094,149,115,1659,854,35.4,15.3,0.8613,2004,6,25,5,17
2568,2.8,973,14.4,1128,170,127,1642,894,32.9,15.5,0.7649,2004,6,25,5,18
2569,3.4,1083,17.9,1237,210,129,1786,1077,29.9,19.8,0.8211,2004,6,25,5,19
2570,3.4,1062,15.9,1176,230,140,1743,1121,28.1,22.4,0.8394,2004,6,25,5,20
2571,2.7,1011,14.2,1122,203,137,1680,1071,26.1,24.7,0.8233,2004,6,25,5,21
2572,2.6,1054,13.8,1110,174,130,1670,1167,25.0,28.7,0.8944,2004,6,25,5,22
2573,2.3,1013,11.7,1038,164,121,1598,1162,24.3,31.0,0.9268,2004,6,25,5,23
2574,1.2,870,6.2,823,76,79,1398,848,24.0,31.2,0.919,2004,6,26,6,0
2575,1.0,857,5.1,769,52,69,1390,759,22.4,34.9,0.9362,2004,6,26,6,1
2576,0.9,835,4.5,739,47,61,1382,694,21.2,37.6,0.9355,2004,6,26,6,2
2577,1.1,844,4.9,759,141,96,1409,848,19.5,42.3,0.9461,2004,6,26,6,3
2578,1.5,763,2.5,622,37,58,1321,689,21.2,39.4,0.9802,2004,6,26,6,4
2579,0.4,769,2.3,606,41,58,1314,610,19.5,42.4,0.9515,2004,6,26,6,5
2580,0.9,891,5.5,790,74,70,1466,816,18.6,45.8,0.9723,2004,6,26,6,6
2581,1.8,1037,10.4,993,168,104,1680,1158,19.7,44.1,1.0039,2004,6,26,6,7
2582,2.2,1090,12.4,1065,176,109,1773,1228,21.9,39.4,1.0243,2004,6,26,6,8
2583,2.4,1117,14.0,1118,184,129,1791,1323,24.5,34.3,1.0407,2004,6,26,6,9
2584,2.3,1109,12.7,1074,187,144,1734,1274,30.0,25.6,1.0674,2004,6,26,6,10
2585,1.6,961,9.0,939,118,101,1508,846,34.5,18.9,1.0168,2004,6,26,6,11
2586,1.4,985,8.5,919,89,90,1540,737,36.3,17.5,1.0411,2004,6,26,6,12
2587,1.4,960,8.2,909,70,86,1523,675,37.7,16.0,1.0231,2004,6,26,6,13
2588,1.0,927,5.9,806,51,69,1446,559,38.3,15.8,1.0465,2004,6,26,6,14
2589,1.0,958,5.6,795,52,65,1481,604,38.4,17.5,1.1609,2004,6,26,6,15
2590,1.2,1019,6.7,842,70,73,1565,729,37.2,20.5,1.2813,2004,6,26,6,16
2591,1.3,1010,6.1,816,80,73,1567,741,34.0,26.4,1.3781,2004,6,26,6,17
2592,1.5,1030,6.7,844,90,78,1599,747,32.3,30.4,1.445,2004,6,26,6,18
2593,1.9,1100,9.2,946,111,98,1726,932,30.5,33.9,1.4564,2004,6,26,6,19
2594,1.8,1079,8.2,909,107,99,1686,928,29.2,37.8,1.5098,2004,6,26,6,20
2595,1.4,1036,7.0,859,73,83,1645,860,28.4,39.1,1.4881,2004,6,26,6,21
2596,1.7,1085,9.5,959,75,88,1747,963,27.7,40.6,1.4828,2004,6,26,6,22
2597,2.7,1214,15.1,1151,144,117,1938,1309,27.2,42.5,1.5069,2004,6,26,6,23
2598,2.1,1127,11.7,1041,120,97,1830,1266,26.5,44.8,1.528,2004,6,27,7,0
2599,1.4,1038,9.3,950,71,75,1750,1181,25.5,47.6,1.5318,2004,6,27,7,1
2600,1.0,948,6.4,829,40,53,1638,937,25.2,47.8,1.5076,2004,6,27,7,2
2601,1.0,953,6.7,844,141,96,1685,995,23.2,53.7,1.5046,2004,6,27,7,3
2602,0.8,869,4.2,723,34,45,1522,789,23.2,52.3,1.4668,2004,6,27,7,4
2603,0.5,809,2.6,628,27,42,1490,682,24.0,50.3,1.4811,2004,6,27,7,5
2604,0.6,833,2.8,641,30,44,1496,717,23.5,51.2,1.4634,2004,6,27,7,6
2605,0.6,857,3.1,661,40,50,1511,696,23.5,50.8,1.452,2004,6,27,7,7
2606,1.0,966,6.2,820,56,60,1634,807,24.7,47.6,1.4597,2004,6,27,7,8
2607,1.6,1063,7.9,894,104,100,1688,1025,27.2,41.1,1.4611,2004,6,27,7,9
2608,1.9,1110,10.5,996,121,111,1771,1090,31.0,32.4,1.4294,2004,6,27,7,10
2609,1.7,1055,9.0,941,100,110,1648,932,35.2,24.8,1.3854,2004,6,27,7,11
2610,1.1,939,6.3,828,59,74,1486,639,37.8,18.5,1.1977,2004,6,27,7,12
2611,0.8,816,3.5,684,42,56,1285,467,39.0,15.1,1.0424,2004,6,27,7,13
2612,0.7,841,4.0,712,38,50,1339,476,41.3,12.8,0.9933,2004,6,27,7,14
2613,0.7,842,4.2,722,40,54,1294,490,41.8,11.9,0.9476,2004,6,27,7,15
2614,1.2,990,6.9,852,70,90,1488,669,42.2,14.2,1.1609,2004,6,27,7,16
2615,1.6,1042,7.9,894,95,109,1537,800,41.4,15.5,1.2089,2004,6,27,7,17
2616,1.6,1089,7.9,893,90,110,1609,791,38.9,21.4,1.4605,2004,6,27,7,18
2617,1.7,1102,10.3,990,90,103,1685,849,34.3,26.0,1.3865,2004,6,27,7,19
2618,2.0,1095,10.5,996,111,120,1695,934,32.7,27.7,1.3439,2004,6,27,7,20
2619,2.3,1116,12.7,1075,135,134,1784,1081,30.5,30.4,1.3031,2004,6,27,7,21
2620,2.4,1105,11.9,1046,146,137,1751,1102,29.0,33.6,1.3277,2004,6,27,7,22
2621,1.7,1018,9.3,950,100,99,1636,914,28.2,36.6,1.3781,2004,6,27,7,23
2622,1.2,991,7.9,896,69,78,1616,926,27.2,38.9,1.3821,2004,6,28,1,0
2623,1.0,923,5.0,765,47,63,1508,786,26.7,40.0,1.3754,2004,6,28,1,1
2624,0.6,874,3.4,679,26,41,1444,619,26.0,41.2,1.3598,2004,6,28,1,2
2625,0.5,846,3.2,662,141,96,1464,633,22.8,50.1,1.3677,2004,6,28,1,3
2626,0.4,838,2.7,632,24,39,1438,634,24.0,46.6,1.37,2004,6,28,1,4
2627,0.5,827,3.1,656,55,60,1447,722,24.0,46.4,1.3689,2004,6,28,1,5
2628,0.7,901,5.0,763,47,54,1552,717,23.7,47.1,1.3602,2004,6,28,1,6
2629,3.2,1291,20.7,1316,209,119,2172,1445,23.6,47.3,1.3634,2004,6,28,1,7
2630,5.6,1441,32.4,1606,348,159,2568,1786,25.5,43.1,1.3891,2004,6,28,1,8
2631,4.6,1363,24.2,1410,337,182,2199,1791,28.5,36.8,1.4128,2004,6,28,1,9
2632,3.3,1218,16.6,1198,280,183,1907,1413,32.6,28.0,1.3566,2004,6,28,1,10
2633,2.1,1132,13.2,1091,169,144,1795,1092,36.3,23.4,1.3902,2004,6,28,1,11
2634,1.9,1103,12.3,1060,126,118,1748,940,37.5,21.5,1.3673,2004,6,28,1,12
2635,1.9,1081,12.1,1053,108,106,1773,883,39.6,19.0,1.3447,2004,6,28,1,13
2636,1.6,1079,11.1,1018,93,97,1739,850,40.1,19.3,1.4013,2004,6,28,1,14
2637,2.0,1167,13.1,1087,112,129,1820,928,40.4,20.0,1.4854,2004,6,28,1,15
2638,1.8,1148,11.6,1037,110,130,1720,835,39.9,20.1,1.4495,2004,6,28,1,16
2639,2.9,1221,17.7,1230,188,163,1905,1157,39.1,19.6,1.3542,2004,6,28,1,17
2640,3.4,1255,19.5,1283,203,160,2023,1232,37.0,21.9,1.3503,2004,6,28,1,18
2641,3.1,1245,19.7,1287,167,140,2067,1288,33.9,26.8,1.3899,2004,6,28,1,19
2642,2.5,1162,15.1,1151,116,115,1912,1143,31.9,30.6,1.4201,2004,6,28,1,20
2643,1.8,1079,11.1,1020,89,92,1760,1014,29.7,33.9,1.3874,2004,6,28,1,21
2644,1.8,1091,11.7,1038,103,99,1786,1088,28.6,36.8,1.416,2004,6,28,1,22
2645,2.0,1085,11.7,1039,100,96,1790,1092,27.8,38.7,1.4187,2004,6,28,1,23
2646,1.5,1050,9.7,966,86,80,1748,1090,27.8,40.0,1.4691,2004,6,29,2,0
2647,0.8,941,6.0,814,52,65,1592,979,27.5,41.3,1.4962,2004,6,29,2,1
2648,0.4,891,3.9,705,27,46,1534,806,27.3,41.6,1.4906,2004,6,29,2,2
2649,0.3,842,2.6,624,141,96,1480,712,26.0,44.2,1.4657,2004,6,29,2,3
2650,1.5,850,2.8,639,35,57,1519,853,24.8,48.0,1.4857,2004,6,29,2,4
2651,0.5,863,3.0,652,42,54,1504,816,25.9,45.1,1.4889,2004,6,29,2,5
2652,0.7,956,5.4,784,57,62,1634,934,25.3,47.6,1.5108,2004,6,29,2,6
2654,5.7,1502,33.5,1631,350,140,2622,1858,27.1,43.1,1.5224,2004,6,29,2,8
2655,3.2,1219,15.5,1163,232,121,1963,1410,28.3,39.8,1.5053,2004,6,29,2,9
2656,2.7,1237,15.3,1157,206,132,1968,1334,32.4,32.3,1.5484,2004,6,29,2,10
2657,2.1,1181,12.8,1078,159,122,1870,1140,35.4,27.8,1.5733,2004,6,29,2,11
2658,2.8,1251,15.2,1154,184,148,1955,1111,35.5,27.4,1.5635,2004,6,29,2,12
2659,2.5,1214,15.7,1170,136,133,1963,1054,37.8,24.4,1.5722,2004,6,29,2,13
2660,2.1,1166,12.3,1062,124,130,1825,924,37.2,25.5,1.5914,2004,6,29,2,14
2661,2.5,1226,15.3,1157,133,141,1912,1041,37.2,25.6,1.6014,2004,6,29,2,15
2662,2.7,1265,17.6,1229,156,172,2040,1282,38.0,25.0,1.6312,2004,6,29,2,16
2663,3.7,1317,21.5,1338,200,198,2132,1362,37.1,26.9,1.6635,2004,6,29,2,17
2664,3.7,1372,23.2,1382,202,181,2268,1441,36.9,27.8,1.7099,2004,6,29,2,18
2666,2.6,1200,14.3,1126,141,120,1979,1198,31.9,38.4,1.7897,2004,6,29,2,20
2667,2.5,1216,14.4,1130,117,115,1994,1246,30.5,42.3,1.8173,2004,6,29,2,21
2668,2.3,1160,12.6,1070,110,112,1929,1192,29.3,45.8,1.8362,2004,6,29,2,22
2669,2.2,1194,13.7,1106,100,97,1985,1194,28.2,48.1,1.8144,2004,6,29,2,23
2670,2.5,1199,13.1,1087,112,100,1954,1252,27.3,51.0,1.8287,2004,6,30,3,0
2671,0.9,965,6.1,818,35,47,1681,777,26.8,52.4,1.8141,2004,6,30,3,1
2672,0.8,961,5.8,801,33,44,1683,798,26.0,54.9,1.8141,2004,6,30,3,2
2673,0.7,901,3.7,697,141,96,1586,800,26.8,51.9,1.8058,2004,6,30,3,3
2674,0.5,864,2.6,629,28,42,1558,728,26.9,51.8,1.805,2004,6,30,3,4
2675,0.7,952,4.6,742,49,57,1656,953,24.6,59.1,1.8013,2004,6,30,3,5
2676,0.9,1009,7.4,875,81,61,1738,1060,26.4,53.1,1.7987,2004,6,30,3,6
2677,2.2,1225,15.2,1155,178,106,1992,1338,27.3,46.4,1.6542,2004,6,30,3,7
2678,2.8,1245,16.7,1202,223,136,2039,1622,28.4,40.4,1.5442,2004,6,30,3,8
2679,2.9,1265,17.0,1209,290,157,2015,1812,30.8,37.1,1.6169,2004,6,30,3,9
2680,2.9,1276,18.0,1241,274,171,2024,1784,34.2,30.7,1.6252,2004,6,30,3,10
2681,3.0,1232,16.1,1183,278,190,1920,1509,37.0,26.5,1.6352,2004,6,30,3,11
2682,2.5,1193,13.4,1097,152,155,1832,1139,36.6,27.8,1.676,2004,6,30,3,12
2683,2.3,1162,14.0,1117,118,139,1857,1044,36.9,26.9,1.6477,2004,6,30,3,13
2684,2.1,1126,13.4,1097,141,152,1810,1015,39.3,22.2,1.552,2004,6,30,3,14
2685,1.9,1089,10.4,993,131,143,1675,825,38.5,22.4,1.5018,2004,6,30,3,15
2686,2.3,1134,12.7,1073,171,168,1765,1022,39.7,20.4,1.4594,2004,6,30,3,16
2688,4.9,1506,27.8,1499,267,207,2485,2043,33.5,38.0,1.939,2004,6,30,3,18
2689,4.9,1352,23.3,1385,280,197,2205,1661,34.0,32.9,1.7251,2004,6,30,3,19
2690,3.5,1217,17.6,1227,224,158,2040,1404,31.9,33.7,1.5663,2004,6,30,3,20
2691,2.5,1149,14.5,1132,137,124,1936,1233,30.2,37.6,1.587,2004,6,30,3,21
2692,2.5,1156,14.4,1129,118,110,1941,1181,28.9,41.0,1.6096,2004,6,30,3,22
2693,2.6,1180,14.2,1122,128,112,1921,1272,27.8,45.2,1.6604,2004,6,30,3,23
2694,2.3,1109,12.9,1080,111,102,1874,1190,27.1,47.4,1.6701,2004,7,1,4,0
2695,1.5,1032,9.9,974,66,77,1800,982,26.2,49.4,1.6555,2004,7,1,4,1
2696,0.9,893,5.1,767,36,50,1607,805,26.9,49.3,1.7196,2004,7,1,4,2
2697,0.6,848,2.8,642,141,96,1536,654,26.3,50.8,1.7058,2004,7,1,4,3
2698,0.6,850,3.2,664,31,40,1568,727,24.9,54.6,1.6908,2004,7,1,4,4
2699,0.8,938,5.4,782,75,66,1685,1001,23.4,58.6,1.6651,2004,7,1,4,5
2700,0.9,948,6.4,828,66,60,1711,994,24.4,55.2,1.6604,2004,7,1,4,6
2701,2.4,1225,17.1,1214,154,85,2090,1322,25.1,54.3,1.7057,2004,7,1,4,7
2703,2.9,1276,14.6,1138,246,134,2021,1430,28.2,47.1,1.7752,2004,7,1,4,9
2704,2.7,1246,13.3,1093,261,149,1942,1357,31.6,39.4,1.7969,2004,7,1,4,10
2705,2.0,1141,10.5,996,179,125,1805,994,34.2,31.8,1.6837,2004,7,1,4,11
2706,2.4,1199,14.2,1124,159,132,1940,1054,36.6,27.1,1.6352,2004,7,1,4,12
2707,2.0,1156,12.2,1056,111,114,1842,945,37.6,26.9,1.715,2004,7,1,4,13
2708,1.8,1158,10.1,983,101,110,1803,808,38.1,26.3,1.7213,2004,7,1,4,14
2709,1.9,1163,11.7,1039,118,121,1814,888,37.8,26.9,1.7392,2004,7,1,4,15
2710,1.8,1078,10.9,1009,120,127,1730,787,37.8,22.7,1.4653,2004,7,1,4,16
2711,2.9,1244,17.3,1219,177,157,1949,1077,36.9,24.7,1.5134,2004,7,1,4,17
2712,3.3,1236,18.0,1239,186,169,1986,1106,34.5,28.5,1.531,2004,7,1,4,18
2713,4.4,1364,22.9,1376,235,179,2168,1356,32.5,30.9,1.4875,2004,7,1,4,19
2714,3.4,1193,16.5,1196,195,149,1888,1152,30.9,30.4,1.338,2004,7,1,4,20
2715,1.9,1078,10.2,985,106,111,1697,925,28.7,34.7,1.3457,2004,7,1,4,21
2716,2.1,1140,11.6,1035,107,112,1779,1059,27.7,39.3,1.4372,2004,7,1,4,22
2717,2.5,1239,14.3,1127,134,120,1930,1201,26.8,45.1,1.5645,2004,7,1,4,23
2718,2.3,1171,13.3,1093,117,105,1862,1205,26.1,45.3,1.5115,2004,7,2,5,0
2719,1.7,1065,10.0,977,83,90,1733,1103,25.9,46.1,1.5174,2004,7,2,5,1
2720,1.5,1024,7.6,882,77,87,1662,1072,25.3,47.6,1.513,2004,7,2,5,2
2721,0.8,873,3.4,679,141,96,1501,713,26.6,43.0,1.4773,2004,7,2,5,3
2722,1.5,874,3.3,668,37,54,1513,737,25.3,47.2,1.5025,2004,7,2,5,4
2723,0.5,887,2.9,647,50,61,1500,740,25.1,48.0,1.5115,2004,7,2,5,5
2724,0.8,993,5.6,795,60,63,1629,770,24.8,50.6,1.5654,2004,7,2,5,6
2725,2.6,1299,17.5,1225,179,102,2077,1327,25.7,49.7,1.615,2004,7,2,5,7
2726,4.9,1529,29.0,1526,300,149,2559,1763,27.4,45.5,1.6396,2004,7,2,5,8
2727,2.9,1320,17.0,1210,263,147,2052,1477,29.3,40.0,1.6082,2004,7,2,5,9
2728,2.8,1226,15.6,1168,265,158,1952,1311,33.6,28.7,1.4693,2004,7,2,5,10
2729,1.8,1105,10.1,980,164,112,1745,980,34.6,27.7,1.4991,2004,7,2,5,11
2730,1.8,1160,11.7,1040,122,108,1810,961,35.6,27.2,1.5557,2004,7,2,5,12
2731,1.9,1125,12.0,1051,125,120,1771,923,36.9,23.3,1.4313,2004,7,2,5,13
2732,1.7,1099,11.0,1015,125,117,1732,839,38.8,20.7,1.4036,2004,7,2,5,14
2733,1.7,1124,11.2,1021,115,119,1735,827,38.1,22.6,1.4868,2004,7,2,5,15
2734,1.9,1105,10.5,995,162,149,1681,821,37.1,23.0,1.4229,2004,7,2,5,16
2735,2.1,1035,11.8,1043,149,174,1647,749,34.8,19.3,1.0543,2004,7,2,5,17
2736,2.4,1065,13.8,1110,161,163,1691,871,33.6,20.7,1.059,2004,7,2,5,18
2737,3.0,1051,17.3,1220,201,161,1729,1077,31.4,18.5,0.8376,2004,7,2,5,19
2738,2.8,1073,14.2,1124,209,154,1688,1175,29.5,23.8,0.9623,2004,7,2,5,20
2739,1.9,1008,10.7,1004,133,124,1588,1125,27.4,27.1,0.9736,2004,7,2,5,21
2740,2.1,1090,12.7,1073,133,122,1693,1124,26.1,31.1,1.0338,2004,7,2,5,22
2741,1.8,1048,10.1,983,134,119,1643,1064,25.5,34.0,1.0935,2004,7,2,5,23
2742,2.5,1131,13.1,1087,164,131,1738,1240,24.0,37.8,1.1125,2004,7,3,6,0
2743,1.1,953,7.4,874,72,84,1528,899,24.2,37.3,1.1118,2004,7,3,6,1
2744,0.7,897,4.6,745,50,77,1461,807,23.4,40.6,1.1571,2004,7,3,6,2
2745,0.7,900,4.7,750,141,96,1494,817,21.8,46.6,1.1991,2004,7,3,6,3
2746,0.4,828,2.8,639,27,41,1371,573,22.6,43.0,1.1629,2004,7,3,6,4
2747,0.7,892,4.5,739,74,68,1479,768,20.2,50.7,1.1844,2004,7,3,6,5
2748,0.7,914,5.9,809,69,69,1530,807,20.5,49.3,1.176,2004,7,3,6,6
2749,1.8,1096,11.1,1017,162,101,1743,1204,21.4,48.0,1.2086,2004,7,3,6,7
2750,2.3,1173,14.4,1130,208,120,1885,1401,23.2,43.9,1.2344,2004,7,3,6,8
2751,1.9,1125,11.1,1016,168,124,1725,1256,25.3,40.7,1.2921,2004,7,3,6,9
2752,1.7,1079,9.9,976,139,113,1669,999,29.9,31.1,1.2883,2004,7,3,6,10
2753,1.3,974,8.8,930,104,97,1536,712,33.9,21.3,1.1067,2004,7,3,6,11
2754,1.5,977,9.9,973,99,94,1550,712,36.3,16.0,0.9465,2004,7,3,6,12
2755,1.3,912,7.4,873,89,86,1436,614,36.6,15.2,0.9177,2004,7,3,6,13
2756,0.8,896,6.1,817,57,70,1426,554,37.4,15.8,0.9998,2004,7,3,6,14
2757,0.8,896,6.2,822,64,70,1391,722,37.9,15.0,0.9721,2004,7,3,6,15
2758,1.1,956,7.1,862,65,82,1479,636,38.0,16.8,1.0933,2004,7,3,6,16
2759,1.2,970,8.0,900,79,93,1524,664,36.9,17.5,1.0789,2004,7,3,6,17
2760,1.2,929,7.3,869,80,89,1454,624,35.3,17.0,0.9561,2004,7,3,6,18
2761,1.4,947,8.7,926,81,90,1484,659,31.9,20.4,0.9462,2004,7,3,6,19
2762,1.1,1003,7.5,880,59,67,1537,695,29.1,29.6,1.1792,2004,7,3,6,20
2763,1.5,1045,9.0,940,90,94,1658,920,27.4,33.4,1.2022,2004,7,3,6,21
2764,2.0,1125,11.6,1035,122,109,1726,1150,26.7,35.8,1.2318,2004,7,3,6,22
2765,1.9,1138,10.2,985,120,103,1710,1141,25.2,42.7,1.3473,2004,7,3,6,23
2766,2.2,1217,12.3,1060,126,101,1840,1227,24.0,51.9,1.5252,2004,7,4,7,0
2767,1.1,983,6.4,831,68,71,1585,887,24.5,44.4,1.3476,2004,7,4,7,1
2768,1.1,1007,7.2,864,65,71,1639,987,22.6,51.0,1.3805,2004,7,4,7,2
2769,0.8,957,6.1,816,141,96,1613,903,22.2,52.7,1.3891,2004,7,4,7,3
2770,0.6,914,4.3,725,38,49,1550,780,21.2,56.8,1.4094,2004,7,4,7,4
2771,0.6,886,3.8,702,31,43,1528,767,20.3,59.6,1.3994,2004,7,4,7,5
2772,0.6,899,4.0,708,40,44,1559,780,21.3,56.7,1.4178,2004,7,4,7,6
2773,0.6,942,4.2,723,36,42,1573,698,23.0,54.6,1.5177,2004,7,4,7,7
2774,1.1,1022,6.1,817,64,69,1669,821,23.7,54.3,1.5731,2004,7,4,7,8
2775,1.0,1009,6.0,810,56,65,1634,772,25.4,49.3,1.5732,2004,7,4,7,9
2776,1.0,1025,5.9,809,56,68,1606,690,29.6,37.7,1.544,2004,7,4,7,10
2777,1.0,977,5.4,783,43,58,1543,586,33.9,26.2,1.3664,2004,7,4,7,11
2778,0.8,936,4.9,757,40,52,1459,523,35.8,22.4,1.2933,2004,7,4,7,12
2779,0.7,884,3.9,703,34,46,1394,488,37.9,18.8,1.222,2004,7,4,7,13
2780,0.4,809,3.2,664,28,40,1270,427,38.5,14.8,0.9942,2004,7,4,7,14
2781,0.5,852,4.1,718,32,47,1307,468,39.3,14.5,1.0149,2004,7,4,7,15
2782,0.6,872,4.0,708,39,56,1331,489,38.9,15.6,1.0613,2004,7,4,7,16
2783,0.7,839,4.8,752,52,64,1298,515,37.9,12.7,0.8211,2004,7,4,7,17
2784,0.9,854,5.5,788,60,71,1310,562,35.8,13.4,0.7749,2004,7,4,7,18
2785,1.6,971,9.1,942,104,103,1541,776,32.3,19.7,0.9345,2004,7,4,7,19
2786,1.6,985,9.1,944,102,97,1541,833,30.1,23.5,0.9869,2004,7,4,7,20
2787,1.7,1027,10.1,981,120,108,1631,1023,28.2,28.7,1.0806,2004,7,4,7,21
2788,1.3,1012,7.4,876,89,87,1580,967,26.0,35.7,1.1842,2004,7,4,7,22
2789,1.9,1086,9.9,973,121,104,1656,1089,25.3,39.2,1.2452,2004,7,4,7,23
2790,1.5,1025,9.0,939,107,93,1635,1103,24.7,38.7,1.1845,2004,7,5,1,0
2791,0.6,848,3.7,692,41,55,1412,734,25.5,35.7,1.1499,2004,7,5,1,1
2792,0.4,839,3.0,652,34,49,1405,671,22.5,43.2,1.1589,2004,7,5,1,2
2793,0.3,814,2.5,618,141,96,1400,696,21.6,46.1,1.1761,2004,7,5,1,3
2794,1.5,816,2.6,624,41,56,1422,729,19.7,51.4,1.1688,2004,7,5,1,4
2795,0.4,799,2.4,613,38,43,1387,641,21.6,45.7,1.1665,2004,7,5,1,5
2796,0.7,879,5.6,792,59,57,1521,825,21.1,47.3,1.1654,2004,7,5,1,6
2797,2.0,1104,14.3,1125,165,80,1815,1179,21.6,44.1,1.1269,2004,7,5,1,7
2798,3.9,1344,27.7,1496,287,134,2311,1651,23.7,37.9,1.0988,2004,7,5,1,8
2799,3.6,1226,19.1,1272,317,157,1901,1474,26.0,30.1,0.9953,2004,7,5,1,9
2800,3.2,1157,15.9,1176,330,175,1779,1370,30.6,23.2,1.001,2004,7,5,1,10
2801,2.2,1059,12.3,1060,204,147,1638,1141,34.1,19.1,1.0048,2004,7,5,1,11
2802,2.2,1076,12.2,1057,189,140,1633,1076,36.2,18.0,1.0636,2004,7,5,1,12
2803,2.1,1066,11.7,1041,165,137,1641,1036,37.4,17.3,1.0914,2004,7,5,1,13
2804,1.8,1049,10.4,994,139,123,1580,881,39.5,15.6,1.102,2004,7,5,1,14
2805,2.0,1097,12.7,1074,156,138,1671,960,40.4,14.9,1.1033,2004,7,5,1,15
2806,1.8,1087,11.1,1018,130,132,1624,883,40.1,16.1,1.1699,2004,7,5,1,16
2807,3.0,1269,19.0,1269,173,174,1942,1221,39.3,18.9,1.3251,2004,7,5,1,17
2809,3.5,1200,19.1,1270,239,176,1906,1264,33.6,22.9,1.1747,2004,7,5,1,19
2810,2.5,1098,13.6,1105,139,125,1768,1061,30.7,28.9,1.2501,2004,7,5,1,20
2811,1.8,1058,10.7,1004,92,98,1684,947,28.8,32.8,1.2776,2004,7,5,1,21
2812,1.9,1081,11.3,1025,104,103,1757,1059,27.3,36.8,1.3207,2004,7,5,1,22
2813,1.9,1062,9.6,962,108,104,1674,1030,26.2,39.7,1.3249,2004,7,5,1,23
2814,1.9,1078,9.8,971,107,105,1694,1065,25.4,43.0,1.37,2004,7,6,2,0
2815,0.9,917,4.9,761,55,75,1497,893,25.8,41.0,1.3461,2004,7,6,2,1
2816,0.7,881,4.1,718,43,60,1510,837,23.3,48.4,1.3677,2004,7,6,2,2
2817,0.6,865,3.3,671,141,96,1477,807,23.5,47.8,1.3607,2004,7,6,2,3
2818,0.4,829,2.2,602,23,36,1410,596,23.5,46.7,1.3361,2004,7,6,2,4
2819,0.7,913,4.6,743,65,66,1540,884,21.8,52.3,1.3539,2004,7,6,2,5
2820,1.6,1077,10.2,985,165,97,1780,1170,21.8,52.5,1.3529,2004,7,6,2,6
2821,3.8,1337,23.3,1386,274,115,2196,1596,22.9,49.1,1.3546,2004,7,6,2,7
2822,5.1,1467,31.0,1575,369,145,2460,1873,24.9,43.3,1.3422,2004,7,6,2,8
2823,3.4,1257,17.6,1227,308,162,1954,1608,26.7,39.4,1.3556,2004,7,6,2,9
2824,2.6,1227,14.3,1125,227,147,1835,1470,30.5,32.9,1.4135,2004,7,6,2,10
2825,2.2,1188,13.7,1108,178,132,1818,1275,34.2,27.2,1.4404,2004,7,6,2,11
2826,3.4,1301,19.3,1276,267,179,1953,1407,38.2,20.9,1.3701,2004,7,6,2,12
2827,3.4,1201,19.3,1278,278,174,1892,1302,39.6,16.9,1.2028,2004,7,6,2,13
2828,1.8,1058,11.3,1026,165,132,1622,931,39.9,15.8,1.141,2004,7,6,2,14
2829,2.0,1037,12.7,1075,172,151,1604,917,40.2,13.9,1.02,2004,7,6,2,15
2830,2.4,1055,15.3,1157,216,168,1674,985,39.6,13.2,0.9332,2004,7,6,2,16
2831,3.8,1179,22.5,1364,306,192,1845,1265,39.5,12.6,0.8894,2004,7,6,2,17
2832,4.4,1298,25.0,1430,317,194,1946,2475,37.9,13.9,0.9015,2004,7,6,2,18
2833,3.9,1213,21.1,1327,251,155,1864,2021,34.2,17.9,0.9444,2004,7,6,2,19
2834,4.0,1233,23.8,1398,230,159,1975,1834,32.6,20.6,0.9939,2004,7,6,2,20
2835,2.5,1086,14.9,1145,154,125,1717,1426,30.4,23.2,0.9889,2004,7,6,2,21
2836,2.1,1056,12.8,1078,137,108,1668,1272,28.8,25.1,0.9793,2004,7,6,2,22
2837,2.4,1138,14.3,1128,133,110,1737,1490,27.8,29.9,1.1018,2004,7,6,2,23
2838,2.1,1112,14.3,1128,117,99,1771,1440,26.9,32.6,1.1381,2004,7,7,3,0
2839,1.6,992,9.2,948,106,95,1609,1271,26.3,33.7,1.1377,2004,7,7,3,1
2840,0.8,895,5.1,767,55,69,1463,985,25.7,33.9,1.1065,2004,7,7,3,2
2841,0.5,843,3.0,655,141,96,1377,826,24.8,36.0,1.1109,2004,7,7,3,3
2842,0.4,828,2.6,626,27,45,1362,754,25.5,34.6,1.1096,2004,7,7,3,4
2843,0.5,894,4.0,709,46,53,1432,853,24.0,37.8,1.1077,2004,7,7,3,5
2844,1.3,1072,9.9,976,144,88,1673,1340,23.9,39.3,1.1522,2004,7,7,3,6
2845,4.1,1425,27.3,1486,392,136,2305,1869,24.8,38.4,1.1808,2004,7,7,3,7
2846,4.1,1428,27.9,1500,358,141,2275,2021,26.9,34.4,1.2036,2004,7,7,3,8
2847,4.0,1359,24.5,1415,381,189,2081,1902,29.6,28.7,1.1706,2004,7,7,3,9
2848,2.2,1182,14.2,1122,261,166,1707,1527,34.6,21.1,1.1398,2004,7,7,3,10
2849,2.0,1117,11.9,1045,207,154,1623,1260,38.3,17.0,1.1216,2004,7,7,3,11
2850,2.0,1119,13.1,1088,155,149,1640,1124,40.4,14.5,1.0736,2004,7,7,3,12
2851,2.2,1068,15.1,1152,193,142,1683,1309,42.6,9.6,0.8012,2004,7,7,3,13
2852,2.2,1090,14.1,1120,195,130,1629,1283,42.5,10.2,0.8478,2004,7,7,3,14
2853,1.8,1056,11.3,1024,159,121,1555,1068,41.0,11.6,0.8872,2004,7,7,3,15
2854,1.8,1098,10.8,1007,120,116,1546,937,41.3,13.0,1.0154,2004,7,7,3,16
2855,3.3,1318,21.5,1339,228,177,1925,1416,39.2,14.5,1.0106,2004,7,7,3,17
2858,4.3,1373,22.5,1364,282,184,2005,1745,33.7,22.6,1.1658,2004,7,7,3,20
2859,3.6,1397,21.8,1346,228,165,2017,1837,31.5,27.8,1.2671,2004,7,7,3,21
2860,2.4,1286,17.1,1214,168,132,1880,1759,31.1,29.3,1.3055,2004,7,7,3,22
2861,2.1,1222,15.4,1161,173,122,1827,1593,30.2,30.9,1.3026,2004,7,7,3,23
2862,1.2,1069,10.2,983,87,88,1627,1357,29.8,30.2,1.2502,2004,7,8,4,0
2863,0.9,1011,7.2,864,65,79,1532,1231,28.4,32.5,1.2361,2004,7,8,4,1
2864,0.6,962,5.8,803,43,60,1507,1066,27.5,34.0,1.231,2004,7,8,4,2
2865,0.5,919,4.2,723,141,96,1443,992,26.8,35.3,1.2243,2004,7,8,4,3
2866,1.5,969,5.1,769,43,60,1485,1063,24.5,40.4,1.2251,2004,7,8,4,4
2867,0.6,986,5.4,784,66,74,1503,1204,25.6,38.8,1.2545,2004,7,8,4,5
2868,0.6,990,6.2,821,57,62,1511,1079,27.5,34.6,1.2518,2004,7,8,4,6
2869,2.2,1296,16.9,1208,231,115,1914,1593,25.9,37.4,1.2289,2004,7,8,4,7
2870,3.2,1371,23.2,1384,219,119,2082,1745,28.5,32.5,1.2441,2004,7,8,4,8
2871,3.0,1385,18.0,1240,288,155,1919,1847,29.5,32.7,1.3229,2004,7,8,4,9
2872,2.7,1381,17.6,1227,312,162,1903,1845,29.8,33.1,1.3693,2004,7,8,4,10
2873,3.2,1396,20.3,1306,361,189,1934,1886,33.4,26.8,1.3586,2004,7,8,4,11
2874,1.4,1070,10.6,1000,147,115,1538,1039,40.3,15.8,1.1604,2004,7,8,4,12
2875,1.3,1076,9.9,972,111,109,1525,923,41.8,15.0,1.1989,2004,7,8,4,13
2876,1.4,1126,10.7,1004,98,108,1609,926,41.1,15.7,1.2071,2004,7,8,4,14
2877,2.1,1225,16.5,1196,156,145,1775,1277,41.9,14.8,1.1944,2004,7,8,4,15
2878,2.4,1202,16.9,1206,213,167,1807,1301,40.9,14.6,1.114,2004,7,8,4,16
2879,3.1,1308,20.5,1310,250,200,1891,1385,39.1,16.9,1.1705,2004,7,8,4,17
2880,3.5,1440,19.4,1281,253,178,2021,1474,36.4,27.3,1.6308,2004,7,8,4,18
2882,4.5,1387,24.6,1419,309,192,2113,1677,33.6,26.4,1.3515,2004,7,8,4,20
2883,2.9,1268,16.9,1206,201,137,1900,1434,32.2,27.6,1.3044,2004,7,8,4,21
2884,2.6,1237,15.8,1175,173,128,1834,1424,30.5,29.7,1.2742,2004,7,8,4,22
2885,2.7,1302,16.6,1198,156,121,1934,1504,29.4,35.6,1.4383,2004,7,8,4,23
2886,3.2,1347,19.5,1282,190,136,1996,1661,29.1,34.8,1.38,2004,7,9,5,0
2887,2.3,1355,16.6,1198,129,109,1905,1714,27.7,41.9,1.537,2004,7,9,5,1
2888,1.0,1023,6.2,822,65,74,1585,1050,27.9,41.6,1.5425,2004,7,9,5,2
2889,0.5,903,2.7,631,141,96,1458,550,27.8,43.7,1.6039,2004,7,9,5,3
2890,0.4,876,2.3,605,29,40,1432,456,27.4,42.2,1.5177,2004,7,9,5,4
2891,0.6,932,3.9,707,58,61,1509,554,26.6,42.8,1.4713,2004,7,9,5,5
2892,1.0,1020,7.2,866,92,83,1636,744,26.9,40.3,1.4041,2004,7,9,5,6
2893,2.9,1264,18.1,1241,228,129,1989,1280,27.0,37.3,1.3081,2004,7,9,5,7
2894,2.7,1179,15.1,1153,172,96,1877,1096,27.0,35.3,1.2396,2004,7,9,5,8
2895,1.8,1079,9.7,966,154,115,1640,927,27.4,32.0,1.1545,2004,7,9,5,9
2896,1.8,1036,9.4,955,166,130,1527,840,30.5,24.7,1.0592,2004,7,9,5,10
2897,1.7,1002,9.6,964,149,137,1546,786,32.9,20.1,0.9902,2004,7,9,5,11
2898,1.5,995,9.5,959,111,116,1544,690,33.9,18.4,0.9587,2004,7,9,5,12
2899,1.7,1008,9.6,962,145,129,1545,742,34.4,19.3,1.0325,2004,7,9,5,13
2900,1.3,978,9.6,962,105,117,1527,680,34.2,19.6,1.0399,2004,7,9,5,14
2901,1.5,989,10.3,990,113,138,1577,705,33.2,20.4,1.0195,2004,7,9,5,15
2902,1.5,961,10.2,985,115,139,1554,677,32.4,19.1,0.915,2004,7,9,5,16
2903,2.3,1009,14.0,1116,202,180,1602,877,32.2,17.1,0.8124,2004,7,9,5,17
2904,2.2,970,14.0,1117,180,162,1579,844,31.0,17.1,0.7526,2004,7,9,5,18
2905,2.8,1097,16.6,1199,190,158,1738,1006,28.3,24.9,0.9412,2004,7,9,5,19
2906,2.7,1065,13.6,1105,207,162,1672,987,26.6,30.2,1.033,2004,7,9,5,20
2907,1.7,1036,10.2,986,113,112,1614,868,24.8,36.8,1.1357,2004,7,9,5,21
2908,1.5,1049,9.5,958,98,104,1648,861,23.7,43.4,1.2495,2004,7,9,5,22
2909,2.3,1147,11.8,1043,152,125,1719,1042,23.0,46.2,1.2815,2004,7,9,5,23
2910,2.3,1118,13.0,1082,161,127,1792,1080,22.7,47.7,1.2977,2004,7,10,6,0
2911,1.5,1016,9.6,963,91,95,1661,811,22.2,49.5,1.3081,2004,7,10,6,1
2912,1.0,940,6.7,845,57,70,1539,704,21.6,51.9,1.3254,2004,7,10,6,2
2913,0.5,836,2.9,643,141,96,1405,522,22.3,50.4,1.3379,2004,7,10,6,3
2914,0.3,831,2.6,626,22,33,1406,484,22.4,49.7,1.3333,2004,7,10,6,4
2915,0.4,877,4.0,711,41,45,1475,580,21.7,52.0,1.3313,2004,7,10,6,5
2916,0.5,872,4.3,725,53,56,1471,668,21.1,53.2,1.3181,2004,7,10,6,6
2917,0.9,958,5.9,805,92,74,1551,835,22.0,51.0,1.3296,2004,7,10,6,7
2918,1.1,959,6.8,848,91,84,1572,739,25.0,41.6,1.301,2004,7,10,6,8
2919,1.4,997,8.8,933,89,93,1612,763,26.7,36.4,1.2596,2004,7,10,6,9
2920,1.1,916,6.7,843,81,97,1511,614,29.1,29.7,1.1751,2004,7,10,6,10
2921,0.9,895,6.4,831,66,83,1473,566,31.2,23.4,1.0487,2004,7,10,6,11
2922,0.8,855,6.0,812,53,71,1416,508,32.4,20.5,0.9806,2004,7,10,6,12
2923,0.8,861,6.0,811,61,78,1409,509,33.3,19.2,0.9634,2004,7,10,6,13
2924,0.6,821,5.0,766,48,62,1323,457,33.1,16.8,0.8391,2004,7,10,6,14
2925,0.6,835,4.4,731,39,54,1323,438,33.1,18.3,0.9081,2004,7,10,6,15
2926,0.5,813,4.4,732,41,59,1303,427,32.4,18.0,0.8599,2004,7,10,6,16
2927,0.7,833,5.5,786,48,69,1328,453,31.8,18.7,0.8624,2004,7,10,6,17
2928,0.8,859,5.8,803,50,67,1363,479,30.3,21.4,0.9064,2004,7,10,6,18
2929,0.9,887,5.3,778,51,58,1387,500,27.2,28.2,1.0013,2004,7,10,6,19
2930,1.3,970,8.0,900,70,77,1559,647,26.1,33.7,1.1228,2004,7,10,6,20
2931,1.3,990,7.2,866,89,94,1551,728,24.7,38.8,1.1929,2004,7,10,6,21
2932,1.4,1022,8.0,899,100,97,1588,820,23.4,43.2,1.229,2004,7,10,6,22
2933,1.9,1075,10.4,993,139,110,1682,946,23.1,44.2,1.2317,2004,7,10,6,23
2934,2.3,1088,11.6,1035,176,116,1713,1018,22.7,45.3,1.2299,2004,7,11,7,0
2935,1.0,925,6.4,831,71,74,1513,789,21.6,47.5,1.2118,2004,7,11,7,1
2936,0.5,853,4.1,716,37,51,1423,647,22.0,45.8,1.1965,2004,7,11,7,2
2937,1.0,918,6.4,830,141,96,1548,785,20.4,51.3,1.2131,2004,7,11,7,3
2938,0.4,796,2.7,636,30,40,1387,576,20.6,50.3,1.2041,2004,7,11,7,4
2939,0.3,796,2.6,628,29,36,1385,555,20.6,50.6,1.2119,2004,7,11,7,5
2940,0.2,795,2.3,606,25,35,1369,552,21.3,48.8,1.2189,2004,7,11,7,6
2941,0.4,842,3.1,656,40,48,1427,620,20.4,52.6,1.247,2004,7,11,7,7
2942,0.3,850,3.1,659,32,38,1402,557,23.5,44.0,1.2596,2004,7,11,7,8
2943,0.6,884,4.0,709,43,54,1442,556,25.7,37.9,1.2334,2004,7,11,7,9
2944,0.6,907,4.6,741,44,57,1486,573,27.9,33.6,1.2433,2004,7,11,7,10
2945,0.6,846,3.9,703,35,54,1380,514,29.0,28.3,1.1116,2004,7,11,7,11
2946,0.5,827,3.8,697,32,46,1371,478,29.5,25.9,1.0489,2004,7,11,7,12
2947,0.4,804,2.8,636,21,36,1321,424,31.8,22.3,1.0366,2004,7,11,7,13
2948,0.2,775,2.5,619,10,19,1272,386,32.2,20.0,0.9488,2004,7,11,7,14
2949,0.4,802,3.0,651,22,34,1282,403,32.4,19.3,0.922,2004,7,11,7,15
2950,0.6,844,4.7,751,46,63,1327,462,33.0,17.7,0.8758,2004,7,11,7,16
2951,0.9,881,5.0,765,66,86,1359,489,32.0,19.8,0.9273,2004,7,11,7,17
2952,0.7,877,4.5,736,49,65,1347,463,29.6,24.1,0.9831,2004,7,11,7,18
2953,1.2,931,7.7,885,86,101,1467,585,26.9,27.1,0.948,2004,7,11,7,19
2954,1.6,1011,9.7,967,111,116,1565,748,25.3,30.9,0.9815,2004,7,11,7,20
2955,1.8,1035,11.0,1015,143,124,1651,940,24.2,35.9,1.0684,2004,7,11,7,21
2956,2.4,1153,11.8,1042,184,136,1700,1022,23.2,43.2,1.2104,2004,7,11,7,22
2957,1.5,1020,8.7,929,134,108,1615,929,22.7,43.9,1.1962,2004,7,11,7,23
2958,0.9,954,7.5,879,78,82,1550,834,21.6,44.0,1.1244,2004,7,12,1,0
2959,0.8,903,5.7,800,50,68,1478,751,20.7,46.4,1.1198,2004,7,12,1,1
2960,0.2,779,2.0,581,13,22,1323,505,21.2,46.2,1.1482,2004,7,12,1,2
2961,0.1,761,1.4,540,141,96,1303,486,22.7,42.3,1.1491,2004,7,12,1,3
2962,1.5,780,1.8,568,24,34,1331,501,19.9,51.3,1.1803,2004,7,12,1,4
2963,0.5,835,3.3,672,43,43,1423,628,20.0,51.8,1.1967,2004,7,12,1,5
2964,1.4,1004,9.4,955,146,84,1671,1043,18.5,57.4,1.2076,2004,7,12,1,6
2965,3.3,1272,21.1,1328,333,108,2085,1463,19.6,54.3,1.2278,2004,7,12,1,7
2966,3.6,1173,17.2,1217,298,112,1945,1358,21.3,49.7,1.2452,2004,7,12,1,8
2967,1.7,986,8.5,922,178,104,1586,971,21.7,46.3,1.1867,2004,7,12,1,9
2968,1.5,942,6.8,849,177,107,1496,894,23.4,39.4,1.1172,2004,7,12,1,10
2969,1.6,957,7.4,875,172,102,1525,871,25.7,33.0,1.0763,2004,7,12,1,11
2970,2.1,1024,12.1,1052,183,104,1690,952,28.5,27.3,1.0479,2004,7,12,1,12
2971,2.1,962,9.6,963,164,96,1592,843,27.0,27.9,0.9812,2004,7,12,1,13
2972,1.6,958,7.4,873,122,80,1550,750,24.2,36.9,1.0966,2004,7,12,1,14
2973,1.3,933,6.4,831,105,72,1514,710,26.0,34.9,1.1509,2004,7,12,1,15
2974,1.6,942,8.3,912,144,106,1551,814,24.8,33.1,1.0222,2004,7,12,1,16
2975,3.1,1073,14.0,1117,220,119,1762,1052,24.0,36.3,1.0708,2004,7,12,1,17
2976,3.3,1086,15.3,1159,207,119,1782,1060,23.6,35.5,1.0187,2004,7,12,1,18
2977,3.4,1091,15.4,1161,210,128,1797,1153,23.6,35.7,1.0282,2004,7,12,1,19
2978,2.8,980,10.9,1009,175,112,1625,986,23.3,34.5,0.9768,2004,7,12,1,20
2979,1.5,904,7.5,877,117,95,1488,781,22.5,36.8,0.988,2004,7,12,1,21
2980,1.3,865,5.2,773,93,85,1414,653,21.3,38.7,0.9686,2004,7,12,1,22
2981,1.6,898,7.1,863,118,101,1493,777,20.9,39.4,0.9596,2004,7,12,1,23
2982,1.5,945,7.6,883,132,94,1563,1015,19.8,47.7,1.093,2004,7,13,2,0
2983,1.0,854,5.0,764,88,76,1476,922,19.3,51.4,1.1387,2004,7,13,2,1
2984,0.5,751,2.0,587,43,50,1353,678,18.4,53.4,1.117,2004,7,13,2,2
2985,0.4,723,1.5,544,141,96,1315,584,18.8,51.1,1.1,2004,7,13,2,3
2986,0.6,754,2.5,620,44,51,1372,725,16.3,59.8,1.1042,2004,7,13,2,4
2987,0.7,758,3.3,670,50,42,1365,688,16.6,56.8,1.0629,2004,7,13,2,5
2988,1.3,873,7.3,871,101,62,1528,887,16.2,57.4,1.0515,2004,7,13,2,6
2989,4.0,1176,23.8,1398,339,111,2120,1494,17.3,54.3,1.0631,2004,7,13,2,7
2990,5.0,1257,27.6,1495,379,129,2245,1647,19.2,48.8,1.0751,2004,7,13,2,8
2991,3.6,1137,16.7,1200,321,135,1821,1489,21.7,42.4,1.0859,2004,7,13,2,9
2992,2.8,1064,14.3,1126,272,139,1656,1361,26.4,29.9,1.0138,2004,7,13,2,10
2993,2.6,1026,13.3,1094,278,134,1629,1224,31.3,19.1,0.8634,2004,7,13,2,11
2994,2.7,986,14.5,1133,253,141,1619,1174,33.7,15.4,0.7913,2004,7,13,2,12
2995,2.3,908,11.5,1031,187,112,1469,901,34.5,13.3,0.7158,2004,7,13,2,13
2996,2.0,888,10.8,1007,149,105,1448,794,33.8,13.9,0.7172,2004,7,13,2,14
2997,1.3,843,6.4,830,89,72,1339,577,30.1,19.4,0.8157,2004,7,13,2,15
2998,1.7,905,8.8,931,124,90,1460,776,28.3,21.3,0.8054,2004,7,13,2,16
2999,2.8,1023,14.3,1127,206,126,1635,982,31.9,18.3,0.8523,2004,7,13,2,17
3000,3.8,1125,19.4,1279,241,154,1840,1256,32.0,20.1,0.9364,2004,7,13,2,18
3001,4.9,1211,27.1,1483,303,173,2092,1483,28.9,24.1,0.9495,2004,7,13,2,19
3002,4.3,1140,19.7,1289,294,162,1884,1390,27.3,27.1,0.967,2004,7,13,2,20
3003,2.6,1029,13.6,1105,203,128,1666,1195,26.0,28.5,0.9484,2004,7,13,2,21
3004,2.4,981,12.1,1054,176,120,1592,1135,25.2,28.6,0.9008,2004,7,13,2,22
3005,1.9,971,11.0,1014,155,111,1585,1115,24.3,31.1,0.9316,2004,7,13,2,23
3006,1.4,927,8.8,930,108,89,1522,1026,23.6,33.8,0.9685,2004,7,14,3,0
3007,1.1,868,6.7,846,72,69,1448,836,23.0,33.8,0.9406,2004,7,14,3,1
3008,0.9,863,6.3,824,65,70,1469,925,22.2,38.4,1.0126,2004,7,14,3,2
3009,0.7,820,4.1,716,141,96,1380,933,20.4,42.6,1.0083,2004,7,14,3,3
3010,0.5,777,2.9,645,39,59,1334,781,20.5,42.3,1.0091,2004,7,14,3,4
3011,0.8,855,5.0,762,79,73,1444,959,18.8,49.0,1.0505,2004,7,14,3,5
3012,1.3,960,9.9,973,140,89,1616,1155,18.8,49.4,1.0624,2004,7,14,3,6
3013,4.7,1310,27.5,1492,427,142,2194,1686,19.9,46.5,1.071,2004,7,14,3,7
3014,4.6,1339,30.4,1561,366,145,2357,1791,22.1,41.7,1.098,2004,7,14,3,8
3015,3.7,1211,19.8,1290,311,156,1913,1643,24.0,36.4,1.0706,2004,7,14,3,9
3016,2.8,1068,15.7,1171,275,148,1717,1360,30.2,22.8,0.9616,2004,7,14,3,10
3017,1.8,932,11.3,1026,195,122,1523,944,33.4,17.1,0.8627,2004,7,14,3,11
3018,1.9,949,12.6,1069,144,106,1547,905,35.1,15.0,0.8381,2004,7,14,3,12
3019,2.0,944,11.9,1045,162,106,1525,884,34.1,16.0,0.8408,2004,7,14,3,13
3020,2.0,966,14.4,1131,200,127,1612,968,35.7,13.6,0.7836,2004,7,14,3,14
3021,2.1,940,12.4,1063,176,113,1539,929,35.3,13.8,0.7767,2004,7,14,3,15
3022,2.1,934,11.7,1041,203,136,1496,936,32.3,16.7,0.7946,2004,7,14,3,16
3023,3.2,1052,18.4,1252,237,153,1729,1107,36.0,13.3,0.7773,2004,7,14,3,17
3024,4.0,1109,22.9,1374,263,172,1795,1225,35.8,13.7,0.7868,2004,7,14,3,18
3025,4.6,1169,25.0,1430,300,190,1901,1372,32.3,18.4,0.8753,2004,7,14,3,19
3026,3.0,1093,15.5,1163,189,160,1705,1139,29.7,25.0,1.0246,2004,7,14,3,20
3027,2.9,1084,16.7,1200,185,159,1753,1505,27.8,26.6,0.9748,2004,7,14,3,21
3028,1.9,970,11.2,1023,134,123,1552,1074,26.3,27.3,0.9238,2004,7,14,3,22
3029,1.4,951,9.0,939,96,101,1488,868,25.3,30.0,0.9508,2004,7,14,3,23
3030,2.1,1038,12.1,1053,122,116,1631,1095,24.0,34.9,1.0271,2004,7,15,4,0
3031,1.2,950,8.9,937,64,80,1566,989,23.4,38.6,1.0968,2004,7,15,4,1
3032,0.6,831,3.7,695,30,51,1355,658,23.5,38.3,1.0972,2004,7,15,4,2
3033,0.4,813,3.1,656,141,96,1332,603,22.0,42.6,1.1146,2004,7,15,4,3
3034,1.5,797,2.5,621,23,37,1303,562,21.6,44.0,1.1225,2004,7,15,4,4
3035,0.4,824,3.1,660,36,46,1342,618,21.4,45.6,1.1493,2004,7,15,4,5
3036,0.7,879,5.7,796,58,64,1454,747,21.1,47.1,1.1641,2004,7,15,4,6
3037,2.3,1132,15.6,1166,168,108,1827,1229,21.3,48.4,1.2119,2004,7,15,4,7
3038,4.0,1291,25.2,1434,306,151,2239,1494,22.9,47.9,1.3208,2004,7,15,4,8
3039,2.8,1193,15.4,1160,231,153,1927,1281,24.4,45.5,1.3721,2004,7,15,4,9
3040,1.6,1057,8.4,914,157,116,1665,954,27.6,38.0,1.3818,2004,7,15,4,10
3041,1.6,1027,8.0,899,132,116,1563,810,31.1,29.6,1.318,2004,7,15,4,11
3042,2.0,1084,12.1,1052,136,130,1677,882,33.4,24.7,1.2516,2004,7,15,4,12
3043,2.0,1032,12.6,1071,127,131,1619,840,35.7,18.9,1.0865,2004,7,15,4,13
3044,1.7,977,10.6,998,125,131,1554,743,36.2,18.1,1.0724,2004,7,15,4,14
3045,2.0,1039,12.6,1069,138,135,1646,880,37.1,17.7,1.094,2004,7,15,4,15
3046,2.2,1056,14.3,1127,163,152,1694,928,36.5,18.1,1.0887,2004,7,15,4,16
3047,3.2,1164,20.3,1306,259,198,1886,1218,35.5,19.1,1.0888,2004,7,15,4,17
3048,3.6,1124,20.5,1309,236,183,1845,1170,33.7,20.0,1.0275,2004,7,15,4,18
3049,3.8,1152,22.1,1355,245,175,1879,1620,30.5,22.7,0.9763,2004,7,15,4,19
3050,4.8,1223,23.8,1399,344,193,1940,1508,28.7,26.2,1.0144,2004,7,15,4,20
3051,2.8,1058,14.7,1139,188,140,1699,1318,26.7,28.9,0.9981,2004,7,15,4,21
3052,2.6,1049,15.1,1152,149,128,1730,1189,25.7,31.6,1.0285,2004,7,15,4,22
3053,1.9,1010,10.8,1006,102,100,1589,1000,24.5,35.7,1.0807,2004,7,15,4,23
3054,1.7,981,10.2,985,99,97,1572,1020,24.3,36.3,1.0852,2004,7,16,5,0
3055,1.0,886,6.5,834,48,67,1440,767,23.8,36.9,1.0748,2004,7,16,5,1
3056,0.7,821,3.9,706,36,58,1360,674,23.7,37.3,1.076,2004,7,16,5,2
3057,0.5,784,2.8,641,141,96,1319,588,22.2,40.6,1.0729,2004,7,16,5,3
3058,0.4,771,2.1,593,30,45,1291,545,21.6,42.2,1.0762,2004,7,16,5,4
3059,0.6,819,3.4,677,56,62,1379,685,20.3,46.8,1.1,2004,7,16,5,5
3060,0.7,836,4.7,747,51,59,1384,702,20.7,45.9,1.1088,2004,7,16,5,6
3061,2.4,1114,15.8,1174,172,102,1819,1188,20.5,47.7,1.1419,2004,7,16,5,7
3062,4.4,1319,26.6,1470,316,154,2276,1589,22.4,46.6,1.247,2004,7,16,5,8
3063,3.1,1211,14.8,1143,269,157,1860,1331,24.2,48.5,1.4452,2004,7,16,5,9
3064,2.0,1051,9.3,950,196,138,1593,1040,28.8,33.0,1.2825,2004,7,16,5,10
3065,2.1,1108,12.0,1049,206,142,1701,1137,32.8,25.2,1.2325,2004,7,16,5,11
3066,2.1,1014,10.9,1012,156,125,1548,851,34.4,19.9,1.0647,2004,7,16,5,12
3067,2.1,1003,11.9,1047,120,120,1578,782,36.5,16.7,1.0045,2004,7,16,5,13
3068,2.2,1021,13.2,1092,161,150,1606,908,37.5,14.3,0.9099,2004,7,16,5,14
3069,1.6,986,8.9,937,114,120,1473,806,38.0,15.5,1.0119,2004,7,16,5,15
3070,2.4,1098,13.0,1084,191,173,1648,985,38.1,16.5,1.0828,2004,7,16,5,16
3071,3.3,1157,18.2,1245,236,187,1782,1211,37.3,17.3,1.084,2004,7,16,5,17
3073,4.1,1183,21.6,1341,266,187,1881,1395,32.4,21.5,1.0303,2004,7,16,5,19
3074,4.2,1231,21.6,1341,274,170,1937,1578,30.3,25.6,1.0879,2004,7,16,5,20
3075,2.9,1102,16.5,1195,196,149,1762,1325,28.5,27.8,1.0665,2004,7,16,5,21
3076,2.3,1041,12.3,1060,144,124,1629,1185,26.9,30.5,1.0671,2004,7,16,5,22
3077,2.2,1090,13.6,1103,142,119,1686,1235,25.7,33.5,1.0918,2004,7,16,5,23
3078,2.1,1074,12.8,1078,124,108,1673,1317,24.7,36.9,1.1302,2004,7,17,6,0
3079,1.6,977,9.4,956,93,93,1581,1114,23.6,39.2,1.1306,2004,7,17,6,1
3080,1.2,949,8.3,910,71,77,1552,1015,22.2,43.0,1.1363,2004,7,17,6,2
3081,1.2,912,6.7,842,141,96,1489,1015,21.2,45.8,1.1353,2004,7,17,6,3
3082,0.9,863,4.6,746,56,76,1415,961,21.3,45.9,1.1471,2004,7,17,6,4
3083,0.6,834,3.6,689,46,58,1367,796,21.6,45.0,1.151,2004,7,17,6,5
3084,0.7,865,5.0,764,51,63,1430,826,21.3,46.5,1.1608,2004,7,17,6,6
3085,1.3,974,8.2,908,83,75,1546,1057,21.1,46.9,1.1585,2004,7,17,6,7
3086,2.0,1079,10.7,1004,175,111,1628,1302,22.8,43.0,1.1731,2004,7,17,6,8
3087,1.9,1084,10.3,990,148,116,1633,1284,25.0,38.3,1.198,2004,7,17,6,9
3088,2.2,1107,12.9,1080,167,138,1675,1348,30.9,26.9,1.1835,2004,7,17,6,10
3089,1.9,1040,11.0,1015,120,117,1543,1025,35.1,19.2,1.0664,2004,7,17,6,11
3090,1.5,1019,8.3,913,78,94,1428,759,36.9,17.2,1.0576,2004,7,17,6,12
3091,1.4,1003,8.2,907,76,91,1427,680,39.3,13.9,0.9715,2004,7,17,6,13
3092,1.0,925,5.2,772,45,60,1308,516,40.3,12.6,0.9302,2004,7,17,6,14
3093,1.0,910,4.6,743,54,66,1282,500,39.7,13.5,0.965,2004,7,17,6,15
3094,1.4,1012,7.2,868,70,87,1435,700,41.1,13.1,1.0124,2004,7,17,6,16
3095,1.6,1100,9.4,954,87,106,1512,1360,40.1,14.9,1.0828,2004,7,17,6,17
3096,1.6,1046,8.0,901,69,94,1464,722,37.4,17.0,1.0757,2004,7,17,6,18
3097,2.1,1083,10.7,1003,95,112,1524,842,34.0,19.2,1.0073,2004,7,17,6,19
3098,2.0,1050,9.6,962,107,120,1496,879,31.7,21.6,0.9959,2004,7,17,6,20
3099,1.9,1050,8.7,927,88,106,1475,836,29.7,24.2,0.9926,2004,7,17,6,21
3100,2.3,1142,11.6,1035,100,112,1611,1062,27.9,27.6,1.0252,2004,7,17,6,22
3101,2.4,1165,11.8,1043,125,120,1644,1188,26.8,29.9,1.0402,2004,7,17,6,23
3102,2.2,1136,10.5,995,132,114,1591,1236,25.8,33.0,1.0826,2004,7,18,7,0
3103,1.2,986,5.5,790,57,70,1422,853,26.3,33.1,1.1199,2004,7,18,7,1
3104,1.1,971,5.5,790,46,64,1447,875,24.3,38.1,1.1398,2004,7,18,7,2
3105,0.8,908,3.8,701,141,96,1381,704,24.7,36.4,1.1158,2004,7,18,7,3
3106,1.5,882,2.9,648,34,55,1338,666,23.3,39.5,1.1176,2004,7,18,7,4
3107,0.6,900,3.4,674,33,50,1355,679,21.1,45.6,1.1246,2004,7,18,7,5
3108,0.7,935,4.1,716,50,62,1415,877,20.2,48.5,1.1319,2004,7,18,7,6
3109,0.4,939,4.1,718,39,53,1395,826,21.3,45.5,1.1405,2004,7,18,7,7
3110,0.6,982,4.7,750,84,85,1417,881,22.6,31.0,0.8372,2004,7,18,7,8
3111,0.9,1088,7.1,862,93,102,1519,1110,25.7,34.8,1.1292,2004,7,18,7,9
3112,0.9,1065,7.4,872,82,97,1481,927,31.6,23.8,1.0842,2004,7,18,7,10
3113,0.8,1016,7.3,868,73,91,1407,665,36.3,16.3,0.9727,2004,7,18,7,11
3114,0.4,930,4.2,723,43,62,1263,474,37.9,15.0,0.9728,2004,7,18,7,12
3115,0.3,928,4.1,716,39,57,1252,459,39.4,13.7,0.9639,2004,7,18,7,13
3116,0.1,889,3.8,698,27,40,1234,437,40.2,12.3,0.8983,2004,7,18,7,14
3117,0.5,966,5.8,802,46,60,1383,607,41.3,11.9,0.9252,2004,7,18,7,15
3118,0.4,973,5.6,792,53,70,1356,620,41.4,11.8,0.9282,2004,7,18,7,16
3119,0.3,950,4.8,754,38,53,1325,551,40.1,13.6,0.9953,2004,7,18,7,17
3120,0.4,982,5.3,780,39,54,1374,532,37.6,16.4,1.0458,2004,7,18,7,18
3121,0.6,990,6.1,814,49,58,1399,578,33.9,20.3,1.0522,2004,7,18,7,19
3122,0.8,1017,7.4,873,68,73,1464,721,31.6,22.9,1.0469,2004,7,18,7,20
3123,1.2,1067,9.0,938,102,99,1520,912,29.7,24.8,1.016,2004,7,18,7,21
3124,1.6,1147,11.7,1040,123,102,1635,1155,29.0,27.0,1.063,2004,7,18,7,22
3125,1.2,1132,11.0,1014,106,101,1628,1279,27.9,30.4,1.1249,2004,7,18,7,23
3126,0.5,976,6.0,814,66,77,1448,1018,28.0,30.6,1.1396,2004,7,19,1,0
3127,0.3,920,4.3,730,43,55,1393,842,26.8,32.3,1.1235,2004,7,19,1,1
3128,0.1,879,2.8,642,33,51,1343,740,26.6,33.0,1.1338,2004,7,19,1,2
3129,1.5,854,2.3,604,141,96,1317,625,23.7,38.6,1.1159,2004,7,19,1,3
3130,0.1,880,2.9,649,33,50,1374,739,22.2,42.8,1.1317,2004,7,19,1,4
3131,0.3,925,4.1,717,75,75,1455,970,21.2,46.3,1.1501,2004,7,19,1,5
3132,0.8,1044,8.3,912,111,89,1604,1177,21.4,46.5,1.172,2004,7,19,1,6
3133,2.3,1279,16.6,1197,250,112,1906,1518,22.9,43.0,1.1826,2004,7,19,1,7
3134,3.4,1403,25.6,1443,313,142,2234,1811,25.2,38.6,1.2215,2004,7,19,1,8
3135,2.5,1282,17.7,1230,263,145,1924,1696,27.1,34.9,1.231,2004,7,19,1,9
3136,2.4,1262,16.2,1187,282,165,1842,1603,32.4,24.8,1.1886,2004,7,19,1,10
3137,2.1,1195,15.1,1153,226,159,1732,1370,36.8,18.0,1.0945,2004,7,19,1,11
3138,1.5,1173,14.3,1127,176,159,1678,1194,39.1,16.0,1.11,2004,7,19,1,12
3139,1.5,1102,10.8,1007,120,131,1534,880,39.2,16.4,1.1439,2004,7,19,1,13
3140,1.5,1076,10.1,982,96,123,1523,748,40.5,14.9,1.111,2004,7,19,1,14
3141,1.5,1078,10.9,1012,115,129,1523,868,41.4,13.8,1.0786,2004,7,19,1,15
3142,1.5,1100,11.0,1014,108,126,1533,959,40.5,14.9,1.114,2004,7,19,1,16
3143,1.5,1234,16.8,1205,142,149,1781,1160,39.6,17.0,1.2064,2004,7,19,1,17
3144,1.5,1323,20.7,1316,219,200,1911,1453,37.7,19.8,1.2715,2004,7,19,1,18
3145,1.5,1263,19.5,1283,193,174,1863,1400,34.3,24.2,1.2857,2004,7,19,1,19
3146,1.5,1216,14.6,1136,128,131,1737,1265,31.7,28.1,1.2912,2004,7,19,1,20
3147,1.5,1247,14.3,1127,127,135,1761,1366,30.2,30.8,1.3008,2004,7,19,1,21
3148,1.5,1264,15.9,1177,132,134,1820,1593,29.4,33.0,1.3343,2004,7,19,1,22
3149,1.5,1111,10.3,988,77,96,1619,1336,29.2,33.1,1.3202,2004,7,19,1,23
3150,1.5,1068,8.8,931,72,94,1576,1317,27.6,36.6,1.332,2004,7,20,2,0
3151,1.5,1015,6.8,850,57,79,1531,1173,27.2,36.9,1.3147,2004,7,20,2,1
3152,1.5,989,6.3,827,56,79,1513,1163,25.4,41.0,1.3079,2004,7,20,2,2
3153,1.5,930,3.9,708,141,96,1440,1012,25.2,41.5,1.3106,2004,7,20,2,3
3154,1.5,952,4.1,717,64,89,1481,1164,23.4,47.4,1.3475,2004,7,20,2,4
3155,1.5,981,4.7,747,52,69,1493,1090,25.1,44.0,1.3794,2004,7,20,2,5
3156,1.5,1138,9.9,974,122,91,1716,1338,23.9,46.5,1.3637,2004,7,20,2,6
3157,1.5,1472,24.8,1424,314,135,2257,1808,24.8,43.2,1.3387,2004,7,20,2,7
3159,1.5,1480,26.2,1460,357,189,2238,2028,29.4,33.6,1.3526,2004,7,20,2,9
3160,1.5,1367,21.6,1342,308,193,2002,1758,34.8,23.4,1.2781,2004,7,20,2,10
3161,1.5,1245,16.1,1181,184,164,1747,1350,38.1,18.5,1.2108,2004,7,20,2,11
3162,1.5,1194,13.0,1083,128,139,1632,1060,38.9,18.0,1.2318,2004,7,20,2,12
3163,1.5,1156,13.4,1096,125,130,1615,954,39.8,16.0,1.1444,2004,7,20,2,13
3164,1.5,1107,13.7,1106,135,129,1615,1024,41.7,12.5,0.9941,2004,7,20,2,14
3165,1.5,1127,14.0,1117,158,132,1625,1092,42.8,12.3,1.0326,2004,7,20,2,15
3166,1.5,1083,10.4,994,106,101,1544,927,41.4,14.2,1.1128,2004,7,20,2,16
3167,1.5,1289,17.5,1225,163,145,1796,1274,41.3,15.5,1.21,2004,7,20,2,17
3168,1.5,1209,12.9,1082,143,133,1662,978,38.3,19.4,1.2851,2004,7,20,2,18
3169,1.5,1221,14.9,1145,96,110,1753,1050,34.7,23.3,1.2653,2004,7,20,2,19
3170,1.5,1255,15.5,1164,127,126,1793,1301,32.6,26.3,1.2754,2004,7,20,2,20
3171,1.5,1163,11.2,1022,95,102,1644,1141,30.9,29.0,1.275,2004,7,20,2,21
3172,1.5,1234,14.3,1126,104,104,1782,1252,30.1,30.2,1.2711,2004,7,20,2,22
3173,1.5,1240,14.2,1124,131,112,1799,1300,29.0,33.4,1.3149,2004,7,20,2,23
3174,1.5,1128,10.0,978,92,89,1683,1193,28.3,36.8,1.3906,2004,7,21,3,0
3175,1.5,1057,7.6,881,53,67,1574,1081,27.6,38.2,1.3911,2004,7,21,3,1
3176,1.5,1026,5.8,801,45,63,1545,1094,25.8,43.1,1.4113,2004,7,21,3,2
3177,1.5,925,3.1,656,141,96,1440,917,27.4,39.1,1.4072,2004,7,21,3,3
3178,1.5,917,2.7,635,19,34,1421,727,26.3,40.9,1.3803,2004,7,21,3,4
3179,1.5,1011,5.4,782,75,73,1562,1116,23.3,50.1,1.41,2004,7,21,3,5
3180,1.5,1079,7.3,869,84,76,1634,1223,23.1,49.7,1.3863,2004,7,21,3,6
3181,1.5,1322,18.4,1250,160,102,1999,1556,24.2,46.4,1.3834,2004,7,21,3,7
3182,1.5,1526,27.7,1495,286,140,2405,1904,25.8,42.2,1.3774,2004,7,21,3,8
3183,1.5,1338,16.9,1207,212,150,1951,1697,28.1,37.3,1.3922,2004,7,21,3,9
3184,1.5,1421,22.1,1354,279,194,2063,1854,33.9,26.8,1.397,2004,7,21,3,10
3185,1.5,1197,17.0,1209,207,162,1770,1306,38.0,17.2,1.1227,2004,7,21,3,11
3186,1.5,1116,12.4,1063,140,138,1571,980,38.9,15.9,1.0896,2004,7,21,3,12
3187,1.5,1115,11.5,1031,110,123,1561,870,40.4,15.0,1.1125,2004,7,21,3,13
3188,1.5,1018,7.5,880,67,86,1421,613,40.1,15.2,1.1065,2004,7,21,3,14
3189,1.5,1109,10.3,989,98,107,1537,819,42.0,14.2,1.1517,2004,7,21,3,15
3190,1.5,1105,10.2,984,97,106,1532,868,42.7,14.4,1.2092,2004,7,21,3,16
3191,1.5,1128,11.5,1032,87,99,1576,876,41.6,14.5,1.1483,2004,7,21,3,17
3192,4.1,1301,17.0,1210,124,140,1813,1153,39.6,18.8,1.3413,2004,7,21,3,18
3193,3.8,1416,21.5,1339,165,163,1998,1492,36.1,25.5,1.4949,2004,7,21,3,19
3194,3.4,1301,18.6,1256,164,144,1914,1382,33.3,29.9,1.5079,2004,7,21,3,20
3195,2.9,1261,15.3,1158,122,120,1837,1303,31.2,33.2,1.4831,2004,7,21,3,21
3196,3.1,1295,17.0,1211,134,120,1917,1404,30.1,35.8,1.5034,2004,7,21,3,22
3197,3.5,1239,14.4,1129,121,106,1839,1308,28.9,39.1,1.537,2004,7,21,3,23
3198,2.4,1229,13.6,1103,112,95,1866,1320,27.8,43.3,1.5929,2004,7,22,4,0
3199,1.6,1125,9.6,963,62,70,1719,1179,26.9,46.1,1.608,2004,7,22,4,1
3200,1.3,1044,6.4,832,50,67,1580,1160,26.4,47.1,1.5947,2004,7,22,4,2
3201,0.9,976,4.8,754,141,96,1545,1070,25.2,51.4,1.621,2004,7,22,4,3
3202,1.0,1015,5.4,781,72,70,1595,1181,23.8,55.4,1.6073,2004,7,22,4,4
3203,0.8,954,4.1,715,48,50,1527,1010,24.9,50.6,1.5755,2004,7,22,4,5
3204,1.1,1032,6.3,826,58,60,1627,1075,25.0,49.2,1.5418,2004,7,22,4,6
3205,4.4,1518,26.9,1476,306,127,2388,1839,24.7,50.9,1.5593,2004,7,22,4,7
3207,1.5,1362,17.5,1225,252,158,2003,1826,28.1,42.0,1.5735,2004,7,22,4,9
3208,3.3,1394,19.9,1294,266,190,2031,1834,34.0,29.9,1.5614,2004,7,22,4,10
3209,2.1,1205,12.6,1070,159,127,1735,1268,37.3,22.9,1.4373,2004,7,22,4,11
3210,2.1,1210,14.0,1118,144,130,1742,1422,40.1,19.0,1.3849,2004,7,22,4,12
3211,2.0,1138,12.2,1055,117,125,1624,1028,42.0,15.8,1.2759,2004,7,22,4,13
3212,1.5,1079,11.1,1019,108,113,1559,929,42.8,14.3,1.2003,2004,7,22,4,14
3213,2.1,1158,14.3,1126,153,143,1654,1150,44.3,13.0,1.183,2004,7,22,4,15
3214,2.3,1186,15.1,1151,166,157,1686,1235,44.6,12.6,1.1684,2004,7,22,4,16
3215,2.8,1261,18.6,1258,179,170,1813,1315,43.4,14.8,1.2882,2004,7,22,4,17
3216,3.6,1339,22.0,1352,225,187,1990,1469,40.6,18.2,1.368,2004,7,22,4,18
3217,4.0,1342,23.0,1377,261,181,2017,1515,37.1,21.3,1.3223,2004,7,22,4,19
3218,3.7,1317,21.1,1327,228,158,1996,1510,34.5,25.5,1.368,2004,7,22,4,20
3219,2.5,1210,15.0,1148,137,112,1849,1327,32.2,30.4,1.4433,2004,7,22,4,21
3220,2.3,1220,13.6,1105,116,100,1838,1318,30.4,35.4,1.5144,2004,7,22,4,22
3221,2.5,1276,14.6,1135,143,105,1887,1436,29.4,38.7,1.5581,2004,7,22,4,23
3222,2.7,1270,16.3,1189,157,107,1917,1608,28.6,38.7,1.4921,2004,7,23,5,0
3223,1.3,1053,8.8,933,72,72,1658,1257,27.7,40.5,1.4835,2004,7,23,5,1
3224,0.8,956,6.0,813,42,59,1544,1094,28.0,39.8,1.4803,2004,7,23,5,2
3225,0.9,954,5.5,790,141,96,1564,1066,24.8,48.5,1.4953,2004,7,23,5,3
3226,0.5,912,3.9,706,34,55,1500,1022,25.6,45.8,1.4801,2004,7,23,5,4
3227,0.8,973,5.8,802,74,70,1597,1139,23.6,51.5,1.4852,2004,7,23,5,5
3228,1.0,1037,8.2,906,75,59,1707,1158,25.1,46.5,1.4615,2004,7,23,5,6
3229,2.9,1306,20.1,1299,199,95,2116,1602,24.5,48.3,1.4593,2004,7,23,5,7
3231,3.5,1335,21.6,1340,236,133,2141,1651,29.0,37.6,1.4866,2004,7,23,5,9
3232,2.4,1250,15.5,1166,186,133,1925,1435,34.2,28.5,1.5071,2004,7,23,5,10
3233,1.8,1142,11.2,1021,132,120,1670,1159,37.3,22.9,1.4369,2004,7,23,5,11
3234,2.1,1168,15.4,1160,140,132,1784,1193,40.1,17.5,1.2721,2004,7,23,5,12
3235,2.1,1125,14.6,1137,143,135,1696,1094,42.2,14.6,1.192,2004,7,23,5,13
3236,1.5,1083,12.5,1066,99,121,1621,912,41.9,15.2,1.2173,2004,7,23,5,14
3237,1.5,1080,12.3,1059,107,123,1622,908,43.1,13.8,1.1803,2004,7,23,5,15
3238,1.8,1085,13.2,1091,130,129,1638,1010,42.8,13.8,1.1681,2004,7,23,5,16
3239,2.1,1115,14.7,1140,133,129,1746,1020,41.1,16.5,1.2701,2004,7,23,5,17
3240,3.0,1259,19.9,1295,188,156,1990,1280,38.7,20.3,1.3743,2004,7,23,5,18
3241,2.8,1241,19.1,1271,155,131,1971,1287,35.8,24.1,1.3924,2004,7,23,5,19
3242,2.5,1156,14.8,1144,154,115,1832,1216,33.1,28.3,1.4121,2004,7,23,5,20
3243,1.4,1055,8.6,922,95,79,1634,990,30.1,33.9,1.4257,2004,7,23,5,21
3244,1.7,1144,11.0,1014,110,86,1744,1146,29.0,36.6,1.4431,2004,7,23,5,22
3245,1.8,1169,13.0,1084,116,91,1831,1273,28.5,38.4,1.468,2004,7,23,5,23
3246,2.4,1195,15.2,1156,153,99,1897,1346,27.8,39.9,1.4682,2004,7,24,6,0
3247,1.9,1158,12.1,1052,111,83,1785,1353,27.0,42.8,1.503,2004,7,24,6,1
3248,1.4,1075,9.9,973,79,74,1748,1231,26.4,44.5,1.5119,2004,7,24,6,2
3249,0.8,973,6.0,810,141,96,1599,1002,25.8,46.6,1.5269,2004,7,24,6,3
3250,0.7,989,6.3,825,47,64,1602,1126,25.1,48.5,1.5266,2004,7,24,6,4
3251,0.8,967,5.5,789,61,61,1597,995,24.6,52.2,1.5881,2004,7,24,6,5
3252,0.7,968,5.8,803,56,62,1586,1003,24.4,50.5,1.5243,2004,7,24,6,6
3253,1.0,1062,8.1,902,69,65,1715,1055,25.2,49.1,1.5546,2004,7,24,6,7
3254,1.7,1143,10.0,979,109,79,1829,1156,26.6,50.8,1.7419,2004,7,24,6,8
3255,1.9,1152,9.9,976,111,90,1800,1179,28.0,46.9,1.748,2004,7,24,6,9
3256,2.3,1238,13.1,1088,150,116,1883,1306,32.7,34.5,1.6798,2004,7,24,6,10
3257,1.7,1103,9.2,946,87,89,1686,934,36.6,26.5,1.599,2004,7,24,6,11
3258,1.3,1043,6.7,843,64,68,1628,689,37.8,26.3,1.6951,2004,7,24,6,12
3259,1.2,1058,6.5,833,47,53,1623,626,38.3,27.1,1.797,2004,7,24,6,13
3260,0.8,960,3.4,676,34,34,1488,488,35.4,32.4,1.837,2004,7,24,6,14
3261,0.9,972,3.8,699,37,38,1505,495,37.3,28.8,1.8087,2004,7,24,6,15
3262,1.1,1012,5.2,775,49,53,1547,562,36.6,28.2,1.697,2004,7,24,6,16
3263,1.2,1021,6.0,814,54,62,1545,615,35.1,29.6,1.6452,2004,7,24,6,17
3264,1.3,1034,6.0,812,70,82,1563,660,32.3,33.4,1.59,2004,7,24,6,18
3265,1.4,1026,5.6,791,76,88,1549,664,29.9,37.9,1.5745,2004,7,24,6,19
3266,1.2,966,4.4,735,59,70,1494,567,28.2,41.9,1.5776,2004,7,24,6,20
3267,0.9,948,3.7,697,44,53,1475,506,27.2,45.9,1.6316,2004,7,24,6,21
3268,1.1,984,5.0,762,47,57,1557,560,27.3,45.7,1.6308,2004,7,24,6,22
3269,1.5,1077,7.1,859,71,73,1673,724,27.0,47.1,1.6573,2004,7,24,6,23
3270,1.7,1163,7.9,893,90,83,1760,977,23.7,69.3,2.0042,2004,7,25,7,0
3271,0.9,965,3.7,692,45,52,1549,653,23.8,63.5,1.8495,2004,7,25,7,1
3272,0.7,941,3.6,687,44,52,1530,642,24.7,56.9,1.739,2004,7,25,7,2
3273,0.4,851,2.1,589,141,96,1432,501,25.0,53.1,1.6541,2004,7,25,7,3
3274,1.5,870,2.0,581,15,26,1463,450,24.1,59.6,1.7657,2004,7,25,7,4
3275,0.3,834,1.3,527,10,17,1458,427,22.5,69.1,1.8578,2004,7,25,7,5
3276,0.4,859,1.7,561,19,28,1476,470,23.4,64.4,1.835,2004,7,25,7,6
3277,0.4,843,1.5,544,20,29,1442,447,24.4,57.9,1.7476,2004,7,25,7,7
3278,0.5,851,1.6,551,30,37,1443,463,24.5,56.9,1.7225,2004,7,25,7,8
3279,0.5,853,1.7,557,24,31,1435,454,24.9,54.8,1.7063,2004,7,25,7,9
3280,0.7,908,2.7,632,35,46,1494,500,27.0,47.4,1.6661,2004,7,25,7,10
3281,0.9,928,3.6,687,48,66,1491,528,27.6,43.7,1.5877,2004,7,25,7,11
3282,0.8,905,3.0,652,41,54,1446,490,28.2,42.6,1.6062,2004,7,25,7,12
3283,0.8,901,2.9,646,37,50,1446,488,29.1,40.8,1.6203,2004,7,25,7,13
3284,0.7,869,2.5,619,32,44,1417,475,29.8,38.6,1.5911,2004,7,25,7,14
3285,0.8,891,3.1,655,43,52,1452,486,31.5,34.5,1.5666,2004,7,25,7,15
3286,0.7,855,2.3,606,28,37,1403,438,31.2,36.3,1.6217,2004,7,25,7,16
3287,0.8,911,3.0,654,38,51,1466,477,30.0,41.3,1.7259,2004,7,25,7,17
3288,1.2,989,4.0,713,72,78,1552,626,27.6,47.5,1.7266,2004,7,25,7,18
3289,1.6,1048,6.3,826,89,90,1637,747,28.8,41.3,1.6164,2004,7,25,7,19
3290,1.6,1049,6.6,839,103,110,1636,858,28.5,41.6,1.5959,2004,7,25,7,20
3291,1.5,1035,7.3,868,77,86,1653,775,27.7,43.4,1.5833,2004,7,25,7,21
3292,1.5,1034,6.8,850,84,88,1643,803,27.3,44.1,1.5751,2004,7,25,7,22
3293,1.5,1022,6.3,826,82,91,1627,777,26.9,45.5,1.5926,2004,7,25,7,23
3294,1.5,1007,5.9,809,81,93,1611,770,26.6,47.2,1.616,2004,7,26,1,0
3295,1.2,945,4.8,755,50,68,1553,663,26.0,48.0,1.5882,2004,7,26,1,1
3296,0.8,880,2.9,649,30,48,1465,529,26.2,45.7,1.5324,2004,7,26,1,2
3297,1.5,837,2.2,597,141,96,1414,478,25.9,46.3,1.524,2004,7,26,1,3
3298,1.5,822,1.8,569,14,22,1396,429,25.6,46.8,1.5111,2004,7,26,1,4
3299,1.5,860,2.5,623,51,59,1466,552,25.3,47.6,1.5159,2004,7,26,1,5
3300,1.5,1023,6.8,847,120,102,1663,916,25.4,48.5,1.5507,2004,7,26,1,6
3301,1.5,1150,11.2,1020,180,116,1842,1169,26.5,46.3,1.5768,2004,7,26,1,7
3302,1.5,1088,9.7,965,168,109,1744,1049,27.9,42.7,1.5754,2004,7,26,1,8
3303,1.5,993,7.2,866,111,98,1637,823,28.8,38.9,1.5184,2004,7,26,1,9
3304,1.5,962,6.8,849,111,97,1559,804,31.7,31.5,1.4487,2004,7,26,1,10
3305,1.5,974,8.1,905,97,97,1596,805,33.9,26.9,1.3964,2004,7,26,1,11
3306,1.5,998,8.3,913,90,90,1635,826,34.7,26.5,1.4408,2004,7,26,1,12
3307,1.5,964,8.6,923,87,92,1590,782,35.4,24.8,1.4017,2004,7,26,1,13
3308,1.5,903,5.3,780,67,76,1464,593,35.2,24.1,1.351,2004,7,26,1,14
3309,1.5,973,8.1,903,84,97,1563,698,36.3,22.8,1.3564,2004,7,26,1,15
3310,1.5,976,8.2,907,86,101,1546,719,35.4,23.8,1.3443,2004,7,26,1,16
3311,1.5,1026,12.0,1048,124,118,1651,912,34.6,23.5,1.2691,2004,7,26,1,17
3312,1.5,1163,17.6,1227,144,129,1931,1129,33.0,28.2,1.3921,2004,7,26,1,18
3313,1.5,1082,14.5,1134,130,131,1763,1089,32.5,27.9,1.3373,2004,7,26,1,19
3314,1.5,1029,11.8,1042,122,130,1697,1062,30.5,29.9,1.2875,2004,7,26,1,20
3315,1.5,991,9.4,953,82,106,1616,924,29.1,33.1,1.3126,2004,7,26,1,21
3316,1.5,950,7.0,856,62,92,1549,780,28.4,35.8,1.3665,2004,7,26,1,22
3317,1.5,997,8.0,898,65,97,1613,856,27.7,37.9,1.3842,2004,7,26,1,23
3318,1.5,912,6.0,810,52,80,1511,861,28.3,35.5,1.3414,2004,7,27,2,0
3319,1.5,861,4.3,729,22,40,1479,684,27.1,38.6,1.3632,2004,7,27,2,1
3320,1.5,838,4.1,719,27,49,1466,707,25.8,40.9,1.3377,2004,7,27,2,2
3321,1.5,784,2.0,587,141,96,1392,554,26.0,40.6,1.3467,2004,7,27,2,3
3322,1.5,800,2.4,615,29,46,1396,614,24.6,43.4,1.3248,2004,7,27,2,4
3323,1.5,825,2.7,634,29,37,1402,606,25.1,42.3,1.326,2004,7,27,2,5
3324,1.5,996,6.9,853,135,92,1621,1023,23.1,48.8,1.3638,2004,7,27,2,6
3325,1.5,1086,9.2,947,181,115,1724,1134,24.7,46.8,1.4337,2004,7,27,2,7
3326,1.5,1041,9.6,962,119,102,1694,936,24.6,45.1,1.3714,2004,7,27,2,8
3327,1.5,991,9.1,944,116,104,1608,868,26.2,38.5,1.2932,2004,7,27,2,9
3328,1.5,999,9.3,953,143,109,1600,879,29.3,31.0,1.2445,2004,7,27,2,10
3329,1.5,981,8.5,918,126,108,1572,785,31.2,26.6,1.192,2004,7,27,2,11
3330,1.5,926,6.9,853,94,90,1478,651,31.1,26.2,1.1619,2004,7,27,2,12
3331,1.5,939,6.9,853,96,81,1528,679,31.7,26.4,1.2153,2004,7,27,2,13
3332,1.5,915,6.4,828,90,87,1474,630,31.7,25.6,1.179,2004,7,27,2,14
3333,1.5,883,6.2,820,93,82,1413,594,32.6,22.5,1.0901,2004,7,27,2,15
3334,1.5,926,7.3,869,101,99,1470,655,32.8,22.2,1.0835,2004,7,27,2,16
3335,1.5,989,10.7,1004,123,119,1577,783,32.4,22.4,1.0701,2004,7,27,2,17
3336,1.5,1003,11.9,1045,136,128,1602,865,31.4,22.7,1.027,2004,7,27,2,18
3337,1.5,933,10.6,1001,109,111,1536,776,28.4,24.7,0.9404,2004,7,27,2,19
3338,1.5,912,9.3,951,124,114,1479,861,27.7,24.2,0.882,2004,7,27,2,20
3339,1.5,888,6.7,843,82,100,1438,729,26.1,28.3,0.9456,2004,7,27,2,21
3340,1.5,858,7.2,866,69,88,1421,715,25.3,28.4,0.9041,2004,7,27,2,22
3341,1.5,837,5.9,809,60,78,1355,615,25.2,27.7,0.874,2004,7,27,2,23
3342,1.5,902,8.7,929,90,101,1482,824,24.5,28.0,0.8489,2004,7,28,3,0
3343,1.5,860,6.8,847,58,77,1426,748,23.6,31.9,0.9195,2004,7,28,3,1
3344,1.5,794,3.8,698,53,78,1336,767,22.8,34.7,0.9514,2004,7,28,3,2
3345,1.5,742,2.2,602,141,96,1283,513,23.6,33.2,0.9577,2004,7,28,3,3
3346,1.5,779,3.2,663,45,65,1337,671,20.5,41.2,0.9802,2004,7,28,3,4
3347,1.5,798,3.9,706,61,74,1363,798,20.6,41.5,0.9982,2004,7,28,3,5
3348,1.5,851,6.3,827,76,83,1449,912,20.2,42.5,0.9949,2004,7,28,3,6
3349,1.5,1048,13.6,1105,144,96,1726,1151,20.9,40.4,0.9884,2004,7,28,3,7
3350,1.5,1210,26.7,1472,221,120,2112,1525,22.4,38.0,1.0201,2004,7,28,3,8
3351,1.5,1172,22.8,1372,282,147,1964,1465,26.0,29.7,0.9831,2004,7,28,3,9
3352,1.5,1026,16.2,1186,235,148,1662,1138,31.4,18.6,0.8398,2004,7,28,3,10
3353,1.5,914,10.4,994,113,91,1481,763,34.2,15.8,0.8371,2004,7,28,3,11
3354,1.5,938,11.3,1025,93,94,1517,753,35.4,15.3,0.8649,2004,7,28,3,12
3355,1.5,908,9.6,962,88,95,1409,665,34.6,15.5,0.8435,2004,7,28,3,13
3356,1.5,892,7.8,889,87,92,1383,597,33.9,16.2,0.8454,2004,7,28,3,14
3357,1.5,949,10.7,1003,109,113,1473,730,35.3,15.0,0.8463,2004,7,28,3,15
3358,1.5,956,10.8,1007,106,111,1464,730,36.8,13.7,0.8335,2004,7,28,3,16
3359,1.5,1070,17.3,1218,182,166,1697,1108,34.4,16.4,0.8761,2004,7,28,3,17
3360,1.5,1103,17.7,1232,141,96,1732,1085,35.3,16.8,0.9448,2004,7,28,3,18
3361,1.5,1074,15.5,1166,144,143,1713,1013,32.3,20.7,0.9875,2004,7,28,3,19
3362,1.5,1086,13.6,1105,144,131,1682,1109,29.6,26.1,1.0682,2004,7,28,3,20
3363,1.5,960,9.6,964,84,102,1532,913,28.6,27.2,1.048,2004,7,28,3,21
3364,1.5,974,9.5,958,74,94,1528,908,27.6,27.4,0.9926,2004,7,28,3,22
3365,1.5,939,8.5,918,80,96,1472,923,26.3,29.0,0.9807,2004,7,28,3,23
3366,1.5,954,9.0,940,78,88,1518,959,25.4,30.1,0.9602,2004,7,29,4,0
3367,1.5,925,7.8,890,50,72,1480,898,24.7,32.1,0.9878,2004,7,29,4,1
3368,1.5,797,2.6,624,18,33,1276,546,25.7,30.9,1.0048,2004,7,29,4,2
3369,1.5,787,2.4,610,141,96,1259,543,25.1,32.6,1.0203,2004,7,29,4,3
3370,1.5,774,1.9,577,21,33,1265,488,23.9,34.4,1.0079,2004,7,29,4,4
3371,1.5,838,3.7,693,62,60,1371,704,21.4,40.3,1.0157,2004,7,29,4,5
3372,1.5,918,7.1,860,74,72,1488,943,21.2,41.2,1.0246,2004,7,29,4,6
3373,1.5,1125,16.6,1199,171,97,1850,1304,21.6,40.9,1.0468,2004,7,29,4,7
3374,1.5,1281,26.6,1469,287,136,2179,1669,24.0,36.6,1.0763,2004,7,29,4,8
3375,1.5,1145,17.9,1238,230,140,1809,1507,26.8,29.5,1.0209,2004,7,29,4,9
3376,1.5,1088,17.9,1238,261,171,1709,1359,31.8,19.4,0.8936,2004,7,29,4,10
3377,1.5,1043,14.0,1117,178,150,1586,1076,34.4,16.6,0.8892,2004,7,29,4,11
3378,1.5,998,10.1,981,116,117,1480,797,35.3,16.7,0.9402,2004,7,29,4,12
3379,1.5,998,9.5,958,96,106,1484,677,36.4,16.8,1.0033,2004,7,29,4,13
3380,1.5,960,7.1,860,83,95,1417,559,34.8,19.5,1.0667,2004,7,29,4,14
3381,1.5,1062,12.3,1060,120,137,1601,830,38.6,16.1,1.0853,2004,7,29,4,15
3382,1.5,1050,11.7,1039,108,129,1558,734,38.5,16.5,1.1037,2004,7,29,4,16
3383,1.5,1096,12.8,1078,115,135,1600,801,37.4,18.1,1.1467,2004,7,29,4,17
3384,1.5,1081,14.0,1117,102,127,1668,828,35.7,19.8,1.1399,2004,7,29,4,18
3385,1.5,1096,13.9,1112,118,122,1694,865,32.0,24.9,1.1663,2004,7,29,4,19
3386,1.5,1051,11.7,1039,107,118,1641,916,29.7,28.1,1.1544,2004,7,29,4,20
3387,1.5,1106,13.8,1109,129,135,1752,1106,28.5,32.1,1.2296,2004,7,29,4,21
3388,1.5,1177,14.8,1142,133,134,1868,1226,27.6,40.5,1.4715,2004,7,29,4,22
3389,1.5,1111,11.9,1046,98,105,1754,1106,26.3,45.6,1.5349,2004,7,29,4,23
3390,1.5,1083,11.1,1019,110,104,1720,1087,25.7,46.1,1.5025,2004,7,30,5,0
3391,1.5,1005,8.0,900,62,81,1620,1000,25.1,46.3,1.4486,2004,7,30,5,1
3392,1.5,942,5.6,791,55,69,1551,859,23.5,51.3,1.467,2004,7,30,5,2
3393,1.5,907,7.1,863,141,96,1669,919,23.1,52.1,1.4518,2004,7,30,5,3
3394,1.5,867,3.5,680,35,51,1477,777,23.7,51.2,1.4795,2004,7,30,5,4
3395,1.5,882,4.1,716,52,52,1494,790,23.0,52.2,1.4516,2004,7,30,5,5
3396,1.5,894,4.9,761,36,48,1504,768,23.0,49.9,1.3849,2004,7,30,5,6
3397,1.5,1263,19.4,1279,182,105,2132,1388,23.0,50.9,1.4105,2004,7,30,5,7
3398,1.5,1380,26.3,1463,297,150,2322,1691,24.4,49.3,1.4814,2004,7,30,5,8
3399,1.5,1333,22.0,1350,237,160,2186,1655,26.8,46.6,1.6157,2004,7,30,5,9
3400,1.5,1264,18.1,1244,235,167,1972,1496,32.2,32.6,1.5412,2004,7,30,5,10
3401,1.5,1115,12.1,1053,158,141,1722,1086,34.8,26.0,1.4241,2004,7,30,5,11
3402,1.5,1078,9.4,956,89,104,1628,763,36.1,24.8,1.4628,2004,7,30,5,12
3403,1.5,1055,10.1,980,80,101,1610,688,37.7,21.8,1.3977,2004,7,30,5,13
3404,1.5,1031,10.5,995,93,118,1580,694,36.9,21.8,1.3384,2004,7,30,5,14
3405,1.5,1033,10.8,1006,96,121,1564,725,39.1,18.7,1.2884,2004,7,30,5,15
3406,1.5,1043,9.6,962,98,124,1554,686,39.3,18.9,1.318,2004,7,30,5,16
3407,1.5,1118,13.0,1084,104,127,1723,838,38.2,21.8,1.4312,2004,7,30,5,17
3408,1.5,1137,15.5,1165,121,137,1840,974,36.6,23.3,1.4042,2004,7,30,5,18
3409,1.5,1153,16.5,1194,116,137,1874,1038,33.3,28.7,1.4454,2004,7,30,5,19
3410,1.5,1145,14.5,1134,121,135,1828,1108,30.9,34.2,1.5064,2004,7,30,5,20
3411,1.5,1149,13.2,1092,114,118,1808,1135,29.1,38.9,1.5384,2004,7,30,5,21
3412,1.5,1149,14.8,1143,112,111,1827,1143,28.1,40.3,1.5086,2004,7,30,5,22
3413,1.5,1052,10.7,1002,81,85,1667,908,27.0,41.6,1.4596,2004,7,30,5,23
3414,1.5,1053,7.9,895,220,158,1446,942,17.2,48.6,0.9768,2004,7,31,6,0
3415,1.5,935,6.4,832,81,77,1566,778,25.7,46.8,1.523,2004,7,31,6,1
3416,1.5,935,5.5,787,43,56,1588,728,25.1,51.1,1.6044,2004,7,31,6,2
3417,1.5,930,5.2,772,141,96,1613,728,23.7,56.5,1.6341,2004,7,31,6,3
3418,1.5,880,3.9,704,26,37,1529,676,23.8,55.3,1.6068,2004,7,31,6,4
3419,0.8,916,4.7,748,40,49,1559,742,23.7,54.6,1.5823,2004,7,31,6,5
3420,1.2,975,7.3,871,72,71,1666,942,22.6,58.8,1.5903,2004,7,31,6,6
3421,1.0,948,6.4,829,68,71,1600,926,24.0,53.4,1.5748,2004,7,31,6,7
3422,1.5,1069,9.2,947,89,86,1763,1039,25.2,51.0,1.6131,2004,7,31,6,8
3423,2.8,1210,12.5,1067,151,125,1879,1158,27.3,47.1,1.6807,2004,7,31,6,9
3424,3.4,1272,15.7,1170,215,160,1957,1347,32.8,33.4,1.633,2004,7,31,6,10
3425,3.3,1240,15.9,1175,196,174,1895,1262,36.0,28.0,1.6304,2004,7,31,6,11
3426,2.9,1171,14.6,1135,161,146,1797,1073,38.5,23.8,1.5944,2004,7,31,6,12
3427,2.2,1072,11.7,1039,120,127,1611,817,39.8,20.5,1.4687,2004,7,31,6,13
3428,1.6,970,7.4,873,88,114,1423,606,38.1,22.0,1.4402,2004,7,31,6,14
3429,0.9,938,6.1,816,38,65,1418,506,40.0,20.0,1.4517,2004,7,31,6,15
3430,1.1,976,6.9,852,47,77,1467,559,40.4,19.8,1.4724,2004,7,31,6,16
3431,1.0,958,6.2,820,40,68,1452,530,39.1,20.7,1.427,2004,7,31,6,17
3432,1.3,1014,8.1,903,58,92,1554,612,37.3,24.3,1.5222,2004,7,31,6,18
3433,1.6,1091,10.2,987,71,104,1711,774,34.0,30.9,1.6158,2004,7,31,6,19
3434,1.8,1080,10.7,1004,90,114,1704,899,31.8,34.5,1.5911,2004,7,31,6,20
3435,2.2,1128,13.0,1082,95,105,1817,1066,30.1,37.7,1.5799,2004,7,31,6,21
3436,1.8,1105,11.4,1027,85,85,1758,1040,28.6,42.3,1.6251,2004,7,31,6,22
3437,2.3,1141,13.3,1095,119,92,1816,1139,27.7,44.6,1.6304,2004,7,31,6,23
3438,2.0,1104,11.2,1020,106,82,1771,1086,26.6,47.5,1.6265,2004,8,1,7,0
3439,1.8,1065,9.8,970,77,70,1724,1049,25.7,50.7,1.6491,2004,8,1,7,1
3440,0.9,971,6.2,821,28,40,1637,811,25.1,53.9,1.689,2004,8,1,7,2
3441,0.5,891,3.6,691,141,96,1553,629,24.8,58.7,1.8089,2004,8,1,7,3
3442,0.6,936,4.0,713,21,26,1584,723,23.5,63.6,1.8223,2004,8,1,7,4
3443,0.4,845,2.6,625,17,21,1513,646,24.3,59.4,1.7838,2004,8,1,7,5
3444,0.4,872,2.6,627,24,30,1530,670,23.3,62.0,1.7547,2004,8,1,7,6
3445,0.4,903,2.9,648,19,21,1559,603,24.1,63.1,1.8619,2004,8,1,7,7
3446,0.8,971,4.2,722,39,35,1624,687,25.0,60.7,1.892,2004,8,1,7,8
3447,0.8,1006,5.5,789,46,36,1657,733,27.3,52.4,1.8707,2004,8,1,7,9
3448,0.9,1012,5.8,804,53,48,1638,766,32.4,37.3,1.7808,2004,8,1,7,10
3449,0.7,975,4.5,737,32,39,1531,621,35.4,31.3,1.7736,2004,8,1,7,11
3450,0.6,944,4.3,730,30,34,1495,560,37.4,28.2,1.7808,2004,8,1,7,12
3451,0.5,857,3.5,685,24,33,1331,451,39.2,20.2,1.4104,2004,8,1,7,13
3452,0.6,824,3.5,683,34,42,1270,393,38.1,18.5,1.2141,2004,8,1,7,14
3453,0.7,868,3.9,707,63,85,1325,417,40.2,17.7,1.2989,2004,8,1,7,15
3454,0.9,908,4.7,748,69,92,1373,451,39.7,19.1,1.3646,2004,8,1,7,16
3455,0.9,912,5.3,776,61,84,1379,461,38.5,19.8,1.326,2004,8,1,7,17
3456,1.2,986,6.4,830,73,100,1482,536,36.6,24.6,1.4872,2004,8,1,7,18
3457,1.4,1037,8.0,900,75,95,1584,619,33.1,32.7,1.62,2004,8,1,7,19
3458,1.5,1088,9.2,948,69,77,1667,766,30.7,38.7,1.678,2004,8,1,7,20
3459,1.7,1093,9.1,944,71,85,1655,785,29.5,42.7,1.7316,2004,8,1,7,21
3460,1.7,1142,9.1,945,73,83,1736,793,27.8,52.6,1.9398,2004,8,1,7,22
3461,1.7,1170,9.5,959,86,88,1798,838,27.4,55.5,1.9998,2004,8,1,7,23
3462,1.9,1142,9.1,945,65,68,1775,799,27.3,57.1,2.0426,2004,8,2,1,0
3463,1.2,986,5.0,762,74,97,1573,553,26.7,60.1,2.067,2004,8,2,1,1
3464,0.7,942,3.7,696,45,51,1542,465,26.2,61.6,2.0575,2004,8,2,1,2
3465,0.3,882,2.2,595,141,96,1463,406,25.5,62.8,2.0236,2004,8,2,1,3
3466,0.2,854,1.6,553,2,5,1418,396,25.5,61.8,1.9831,2004,8,2,1,4
3467,0.4,910,2.7,630,29,35,1504,468,25.1,62.4,1.9602,2004,8,2,1,5
3468,0.8,1005,5.6,791,42,56,1650,638,24.6,62.7,1.9158,2004,8,2,1,6
3469,1.9,1193,13.0,1085,146,110,1947,1097,25.7,58.9,1.9156,2004,8,2,1,7
3470,1.5,1297,17.8,1233,141,96,2129,1248,27.1,54.4,1.9206,2004,8,2,1,8
3471,1.9,1180,11.5,1031,163,124,1866,1067,28.4,50.7,1.9329,2004,8,2,1,9
3472,1.9,1134,11.1,1017,144,115,1774,964,32.7,36.9,1.7953,2004,8,2,1,10
3473,1.9,1113,11.0,1013,125,119,1781,903,34.0,32.7,1.7146,2004,8,2,1,11
3474,1.7,1084,10.7,1004,90,107,1761,839,35.6,29.2,1.6684,2004,8,2,1,12
3475,1.4,1009,8.5,921,76,99,1635,692,37.1,25.6,1.5868,2004,8,2,1,13
3476,1.2,1002,8.7,928,73,95,1636,629,36.1,26.4,1.5505,2004,8,2,1,14
3477,1.4,1007,9.4,956,73,105,1654,666,37.9,23.8,1.5392,2004,8,2,1,15
3478,1.4,996,9.5,959,80,117,1636,684,38.0,22.2,1.4483,2004,8,2,1,16
3479,1.9,1050,12.9,1082,121,157,1731,816,36.9,22.7,1.3887,2004,8,2,1,17
3480,2.2,1100,13.7,1107,129,173,1801,876,35.5,25.7,1.4626,2004,8,2,1,18
3481,1.9,1085,12.2,1057,103,139,1775,836,32.8,32.2,1.5779,2004,8,2,1,19
3482,1.7,1079,11.8,1042,87,116,1773,846,30.5,38.2,1.6376,2004,8,2,1,20
3483,1.2,1086,9.9,974,58,91,1733,795,28.8,43.5,1.6989,2004,8,2,1,21
3484,0.3,1092,10.7,1005,64,98,1746,836,28.0,46.2,1.721,2004,8,2,1,22
3485,0.1,1097,9.4,956,58,93,1724,818,27.1,49.4,1.7398,2004,8,2,1,23
3486,0.1,1075,8.1,904,44,74,1692,777,26.4,52.2,1.7708,2004,8,3,2,0
3487,1.5,1008,6.6,838,28,50,1640,733,26.2,52.3,1.7561,2004,8,3,2,1
3488,1.5,895,3.3,672,19,36,1469,703,27.1,47.4,1.6809,2004,8,3,2,2
3489,1.5,838,1.7,559,141,96,1428,559,28.0,45.2,1.6832,2004,8,3,2,3
3490,1.5,866,2.3,603,48,55,1459,589,25.8,50.9,1.6605,2004,8,3,2,4
3491,1.5,872,2.5,617,77,86,1456,585,27.2,47.2,1.6803,2004,8,3,2,5
3492,1.5,922,3.2,664,110,137,1503,644,27.0,48.3,1.6946,2004,8,3,2,6
3493,1.5,1362,19.3,1277,282,140,2188,1392,25.9,51.5,1.7,2004,8,3,2,7
3494,1.5,1349,21.3,1333,275,142,2256,1533,27.4,48.6,1.7447,2004,8,3,2,8
3495,1.5,1298,17.2,1215,253,185,2068,1404,29.1,45.5,1.7998,2004,8,3,2,9
3496,1.5,1234,15.2,1154,211,173,1965,1204,32.8,36.9,1.803,2004,8,3,2,10
3497,1.5,1147,10.6,999,176,158,1788,915,34.7,32.1,1.741,2004,8,3,2,11
3498,1.5,1173,12.3,1061,153,127,1858,940,33.7,35.1,1.8022,2004,8,3,2,12
3499,1.5,1118,10.5,995,144,111,1779,863,35.1,32.4,1.7996,2004,8,3,2,13
3500,1.5,1078,9.3,951,127,114,1718,747,35.4,30.9,1.7505,2004,8,3,2,14
3501,1.5,1076,9.3,951,112,109,1675,704,36.5,28.7,1.7256,2004,8,3,2,15
3502,1.5,1103,11.0,1014,141,96,1749,791,38.0,24.7,1.6073,2004,8,3,2,16
3503,1.5,1117,12.1,1052,148,137,1780,824,37.5,24.4,1.5515,2004,8,3,2,17
3504,1.5,1166,13.7,1108,140,134,1854,913,35.5,28.9,1.6468,2004,8,3,2,18
3505,1.5,1157,12.9,1082,125,114,1854,907,31.9,37.5,1.7442,2004,8,3,2,19
3506,1.5,1136,10.3,990,111,100,1807,918,30.1,45.0,1.8891,2004,8,3,2,20
3507,1.5,1122,9.5,959,102,92,1798,914,28.8,48.9,1.9105,2004,8,3,2,21
3508,1.5,1121,10.3,989,108,97,1821,955,28.8,48.8,1.9039,2004,8,3,2,22
3509,1.5,1150,11.2,1020,132,111,1835,1063,28.0,49.0,1.8237,2004,8,3,2,23
3510,1.5,1074,9.2,949,104,89,1751,982,27.5,51.5,1.8664,2004,8,4,3,0
3511,1.5,1039,8.0,899,92,87,1717,914,27.3,51.5,1.844,2004,8,4,3,1
3512,1.5,963,5.8,804,78,69,1658,861,26.7,53.3,1.8366,2004,8,4,3,2
3513,1.5,889,4.0,710,141,96,1566,713,25.9,55.1,1.8117,2004,8,4,3,3
3514,1.5,868,3.0,652,141,96,1526,740,27.0,51.8,1.8147,2004,8,4,3,4
3515,1.5,877,3.0,654,141,96,1529,801,26.8,50.9,1.7693,2004,8,4,3,5
3516,1.5,1056,7.8,893,141,96,1743,1132,25.0,57.0,1.7792,2004,8,4,3,6
3517,1.5,1288,19.3,1278,141,96,2182,1473,26.2,52.8,1.7729,2004,8,4,3,7
3519,1.5,1113,10.6,1001,141,96,1783,1146,29.9,42.1,1.7474,2004,8,4,3,9
3520,1.5,1062,8.2,909,141,96,1687,867,33.0,35.4,1.7504,2004,8,4,3,10
3521,1.5,1094,9.9,976,141,96,1753,869,35.6,30.6,1.7493,2004,8,4,3,11
3522,1.5,1050,8.6,923,141,96,1662,744,37.1,27.9,1.7309,2004,8,4,3,12
3523,1.5,1056,8.7,926,141,96,1643,702,37.9,25.7,1.6651,2004,8,4,3,13
3524,1.5,944,6.0,814,141,96,1489,554,37.2,23.6,1.4764,2004,8,4,3,14
3525,1.5,1003,8.0,901,141,96,1589,661,39.1,21.7,1.5031,2004,8,4,3,15
3526,1.5,1018,7.6,881,141,96,1590,630,39.3,22.0,1.5366,2004,8,4,3,16
3527,1.5,1108,10.7,1003,141,96,1710,803,38.2,23.8,1.5666,2004,8,4,3,17
3528,1.5,1049,8.7,927,141,96,1659,727,34.0,33.2,1.7395,2004,8,4,3,18
3529,1.5,1078,8.0,897,141,96,1751,894,25.5,58.6,1.8891,2004,8,4,3,19
3530,1.5,999,7.2,867,141,96,1644,864,27.2,46.0,1.6376,2004,8,4,3,20
3531,1.5,943,5.7,798,141,96,1571,743,27.6,45.2,1.6479,2004,8,4,3,21
3532,1.5,987,5.5,790,141,96,1608,830,25.4,52.7,1.6867,2004,8,4,3,22
3533,1.5,939,4.6,743,141,96,1539,675,26.1,49.4,1.6491,2004,8,4,3,23
3534,1.5,1015,6.6,840,141,96,1664,839,25.0,53.6,1.6721,2004,8,5,4,0
3535,1.5,935,4.5,737,141,96,1548,758,25.4,52.9,1.698,2004,8,5,4,1
3536,1.5,908,3.8,700,141,96,1547,644,25.4,54.4,1.7384,2004,8,5,4,2
3537,1.5,853,2.3,605,141,96,1488,615,25.4,54.6,1.7432,2004,8,5,4,3
3538,1.5,851,2.1,592,141,96,1482,578,24.5,57.1,1.7327,2004,8,5,4,4
3539,1.5,957,3.9,705,141,96,1578,843,22.8,63.7,1.7392,2004,8,5,4,5
3540,1.5,1059,6.5,836,141,96,1675,1113,22.6,64.1,1.7358,2004,8,5,4,6
3541,1.5,1261,14.5,1134,141,96,2015,1388,24.3,58.0,1.7429,2004,8,5,4,7
3542,1.5,1215,15.1,1150,141,96,1962,1310,26.5,50.4,1.7215,2004,8,5,4,8
3543,1.5,1097,9.0,940,141,96,1727,1056,28.1,45.4,1.697,2004,8,5,4,9
3544,1.5,1135,11.4,1030,141,96,1789,1104,31.7,36.7,1.6843,2004,8,5,4,10
3545,1.5,1117,11.2,1020,104,115,1731,973,35.8,28.7,1.6626,2004,8,5,4,11
3546,1.5,1108,10.2,985,98,108,1708,1001,36.8,27.2,1.6623,2004,8,5,4,12
3547,1.5,1038,8.2,906,66,86,1567,747,38.3,24.5,1.622,2004,8,5,4,13
3548,1.5,985,6.6,838,60,84,1541,653,34.2,30.8,1.6299,2004,8,5,4,14
3549,1.5,1100,6.4,832,85,97,1695,934,28.7,51.4,1.9871,2004,8,5,4,15
3550,1.5,1067,7.0,855,90,102,1700,811,23.9,69.1,2.0202,2004,8,5,4,16
3551,1.5,1140,9.6,963,122,102,1815,918,21.5,78.8,1.9939,2004,8,5,4,17
3552,1.5,1113,9.4,954,117,99,1801,899,21.6,78.5,1.994,2004,8,5,4,18
3553,1.5,1124,10.2,984,115,97,1826,902,21.5,78.4,1.9818,2004,8,5,4,19
3554,1.5,1056,7.7,886,127,101,1721,900,20.8,80.9,1.9637,2004,8,5,4,20
3555,1.5,1002,5.4,783,79,92,1623,875,20.7,81.8,1.9717,2004,8,5,4,21
3556,1.5,971,5.5,789,61,70,1594,879,23.1,70.1,1.9582,2004,8,5,4,22
3557,1.5,1001,5.7,799,67,72,1619,859,22.7,68.4,1.8627,2004,8,5,4,23
3558,1.5,1058,7.2,867,93,80,1685,1048,22.1,72.6,1.9105,2004,8,6,5,0
3559,1.5,1030,6.8,848,77,71,1691,1048,21.8,74.1,1.915,2004,8,6,5,1
3560,1.5,950,5.0,762,60,69,1616,959,21.9,72.8,1.8944,2004,8,6,5,2
3561,1.5,912,4.1,716,141,96,1586,898,21.7,73.2,1.8763,2004,8,6,5,3
3562,1.5,893,3.4,676,45,55,1567,859,21.4,75.5,1.9033,2004,8,6,5,4
3563,0.7,938,4.4,734,65,57,1607,947,21.4,75.5,1.9069,2004,8,6,5,5
3564,1.2,1065,7.7,889,94,56,1760,1081,21.9,74.9,1.9396,2004,8,6,5,6
3565,2.3,1240,13.6,1102,205,72,1989,1257,22.0,75.9,1.9817,2004,8,6,5,7
3566,3.0,1307,19.1,1270,240,84,2191,1404,22.5,74.9,2.019,2004,8,6,5,8
3567,2.9,1229,16.3,1188,237,97,2033,1412,24.5,66.2,2.0011,2004,8,6,5,9
3568,2.6,1220,14.2,1122,245,107,1974,1428,25.6,61.2,1.9808,2004,8,6,5,10
3569,2.6,1218,15.6,1168,206,117,2000,1451,29.3,48.4,1.9367,2004,8,6,5,11
3570,2.6,1171,14.4,1129,156,120,1911,1346,33.5,36.0,1.8395,2004,8,6,5,12
3571,2.1,1067,10.5,995,126,110,1730,1093,35.6,29.8,1.7045,2004,8,6,5,13
3572,1.7,1054,10.2,985,108,104,1742,940,33.7,33.4,1.7186,2004,8,6,5,14
3573,1.9,1051,10.7,1003,102,110,1715,909,34.1,33.3,1.7509,2004,8,6,5,15
3574,2.5,1103,11.6,1035,110,111,1834,1005,31.5,43.5,1.9797,2004,8,6,5,16
3575,1.1,970,7.9,894,57,64,1649,756,32.5,40.6,1.9481,2004,8,6,5,17
3576,2.1,1100,11.7,1038,109,92,1873,1080,29.8,45.2,1.8642,2004,8,6,5,18
3577,2.6,1129,14.6,1137,151,114,1952,1220,27.7,49.9,1.8189,2004,8,6,5,19
3578,2.6,1126,13.2,1089,153,116,1886,1208,26.4,54.6,1.8459,2004,8,6,5,20
3579,1.7,1019,9.8,971,103,94,1760,1057,25.5,58.0,1.8611,2004,8,6,5,21
3580,1.5,1011,8.8,930,76,77,1723,1009,25.1,59.9,1.8797,2004,8,6,5,22
3581,1.8,1039,10.4,991,93,74,1820,1088,24.1,63.5,1.8828,2004,8,6,5,23
3582,1.4,974,8.5,920,75,62,1755,1062,23.8,65.0,1.8897,2004,8,7,6,0
3583,1.2,925,6.4,831,57,57,1662,975,23.4,64.9,1.843,2004,8,7,6,1
3584,0.7,810,3.4,674,32,45,1530,793,24.4,58.6,1.7714,2004,8,7,6,2
3585,0.6,800,2.6,627,141,96,1519,787,23.3,63.3,1.7895,2004,8,7,6,3
3586,0.7,813,2.9,645,42,49,1530,802,21.9,67.1,1.7414,2004,8,7,6,4
3587,0.5,788,2.3,604,37,45,1507,754,23.6,61.2,1.7588,2004,8,7,6,5
3588,0.6,815,3.3,670,44,44,1538,774,22.6,63.4,1.7136,2004,8,7,6,6
3589,0.9,868,5.1,771,51,43,1608,860,22.9,62.6,1.7253,2004,8,7,6,7
3590,1.2,951,7.7,886,74,51,1705,988,23.3,61.8,1.7504,2004,8,7,6,8
3591,2.0,1075,10.5,996,115,84,1838,1113,25.4,56.2,1.7961,2004,8,7,6,9
3592,1.9,1058,10.9,1012,109,96,1782,1063,30.6,41.9,1.8104,2004,8,7,6,10
3593,1.7,1012,8.4,914,80,88,1653,858,33.5,34.0,1.73,2004,8,7,6,11
3594,1.2,929,6.0,811,57,67,1541,642,35.5,29.8,1.7004,2004,8,7,6,12
3595,1.1,902,6.0,813,56,64,1518,588,37.5,24.7,1.5637,2004,8,7,6,13
3596,1.0,836,4.7,750,43,54,1390,484,35.1,25.2,1.402,2004,8,7,6,14
3597,1.0,858,5.3,776,43,56,1431,498,38.1,21.1,1.3863,2004,8,7,6,15
3598,1.0,886,5.8,803,51,68,1460,538,38.5,21.8,1.4653,2004,8,7,6,16
3599,1.2,974,6.5,833,46,67,1577,565,36.8,29.5,1.8037,2004,8,7,6,17
3600,1.6,1008,8.4,915,71,95,1643,672,34.9,33.4,1.8384,2004,8,7,6,18
3601,1.6,990,8.3,912,65,86,1648,689,32.2,37.4,1.7655,2004,8,7,6,19
3602,1.6,981,8.4,917,78,93,1649,714,29.7,41.7,1.7081,2004,8,7,6,20
3603,1.3,954,6.4,828,51,68,1589,631,27.7,47.4,1.7344,2004,8,7,6,21
3604,1.9,1030,10.3,988,84,95,1751,829,27.3,49.4,1.7602,2004,8,7,6,22
3605,1.9,1033,10.9,1011,89,93,1768,875,26.3,51.3,1.7251,2004,8,7,6,23
3606,1.5,963,7.4,872,65,69,1617,803,25.7,54.1,1.7546,2004,8,8,7,0
3607,1.1,918,5.8,805,43,55,1571,759,25.4,55.1,1.7628,2004,8,8,7,1
3608,0.8,868,4.5,736,32,39,1548,638,24.9,57.3,1.7822,2004,8,8,7,2
3609,0.9,886,4.6,744,141,96,1590,700,24.1,61.8,1.8339,2004,8,8,7,3
3610,0.6,813,2.4,609,22,33,1473,615,23.9,61.2,1.7871,2004,8,8,7,4
3611,0.6,815,2.4,616,21,29,1532,596,23.8,61.3,1.7881,2004,8,8,7,5
3612,0.7,815,2.6,627,27,36,1518,650,23.4,61.7,1.7495,2004,8,8,7,6
3613,0.6,835,2.8,638,31,38,1506,655,24.3,58.4,1.7508,2004,8,8,7,7
3614,1.0,921,4.5,738,46,47,1585,779,25.1,56.6,1.7798,2004,8,8,7,8
3615,1.2,963,5.2,774,62,64,1621,758,27.3,51.3,1.835,2004,8,8,7,9
3616,1.0,935,4.2,724,43,49,1574,598,29.5,45.9,1.8662,2004,8,8,7,10
3617,1.3,1007,4.8,751,53,64,1649,643,27.6,52.4,1.9055,2004,8,8,7,11
3618,1.4,1032,4.6,744,87,79,1695,778,25.4,68.0,2.1806,2004,8,8,7,12
3619,0.8,901,3.6,689,36,45,1543,522,32.2,40.3,1.8999,2004,8,8,7,13
3620,0.6,851,2.6,627,21,30,1433,419,31.6,38.9,1.7838,2004,8,8,7,14
3621,0.7,877,3.0,655,27,35,1471,444,33.0,37.3,1.8481,2004,8,8,7,15
3622,0.8,909,3.6,690,29,37,1488,474,35.1,32.1,1.7841,2004,8,8,7,16
3623,0.9,908,4.1,715,38,46,1479,495,35.0,31.1,1.7173,2004,8,8,7,17
3624,1.0,926,5.0,763,41,54,1491,504,33.8,32.1,1.6596,2004,8,8,7,18
3625,1.5,1010,6.5,836,66,79,1577,616,31.1,38.8,1.7295,2004,8,8,7,19
3626,1.5,1031,7.3,868,63,79,1634,690,29.0,46.1,1.8141,2004,8,8,7,20
3627,1.7,1070,8.1,905,88,98,1702,846,28.1,50.6,1.8969,2004,8,8,7,21
3628,1.9,1124,10.4,992,87,93,1791,1013,27.1,54.7,1.9284,2004,8,8,7,22
3629,1.7,1066,9.0,940,86,89,1744,978,26.6,56.4,1.9349,2004,8,8,7,23
3630,1.2,1001,6.5,836,49,57,1662,821,25.8,60.4,1.9759,2004,8,9,1,0
3631,1.1,967,6.3,824,40,51,1637,862,25.5,61.6,1.9804,2004,8,9,1,1
3632,0.8,901,4.4,733,27,39,1605,755,24.9,63.5,1.9647,2004,8,9,1,2
3633,0.5,835,2.8,638,141,96,1526,715,24.3,65.1,1.9475,2004,8,9,1,3
3634,1.5,820,2.2,598,23,30,1511,684,23.8,65.7,1.9079,2004,8,9,1,4
3635,0.7,896,3.7,694,58,46,1583,853,23.2,68.0,1.9045,2004,8,9,1,5
3636,1.2,996,7.4,872,87,55,1727,990,23.2,67.5,1.899,2004,8,9,1,6
3637,2.3,1159,15.1,1151,143,63,2005,1206,24.3,63.3,1.8929,2004,8,9,1,7
3638,2.5,1185,15.1,1152,96,42,2003,1274,25.5,59.7,1.9193,2004,8,9,1,8
3639,2.4,1168,14.7,1138,16,5,1946,1336,27.7,52.5,1.9138,2004,8,9,1,9
3640,1.4,1044,9.8,970,54,39,1751,1068,31.8,38.9,1.8005,2004,8,9,1,10
3641,1.2,983,8.0,897,42,39,1608,804,32.7,34.1,1.6592,2004,8,9,1,11
3642,1.6,1032,8.3,912,72,71,1661,826,34.3,31.5,1.6745,2004,8,9,1,12
3643,1.4,1019,7.7,889,54,65,1630,745,34.2,31.5,1.6675,2004,8,9,1,13
3644,1.2,982,6.7,844,52,71,1567,638,33.9,32.3,1.6809,2004,8,9,1,14
3645,1.5,1016,7.5,880,64,72,1617,684,34.4,31.9,1.7005,2004,8,9,1,15
3646,1.4,1053,7.9,895,70,76,1446,942,17.2,48.6,0.9768,2004,8,9,1,16
3647,1.5,1053,7.9,895,65,75,1446,942,17.2,48.6,0.9768,2004,8,9,1,17
3648,1.7,1053,7.9,895,80,86,1446,942,17.2,48.6,0.9768,2004,8,9,1,18
3649,2.2,1053,7.9,895,88,96,1446,942,17.2,48.6,0.9768,2004,8,9,1,19
3650,1.9,1091,8.6,925,81,95,1685,1020,29.8,41.7,1.7167,2004,8,9,1,20
3651,1.6,1109,9.7,965,59,74,1742,1100,28.8,45.9,1.7884,2004,8,9,1,21
3652,1.5,1098,9.1,944,69,76,1772,1086,28.2,51.1,1.9221,2004,8,9,1,22
3653,1.4,1088,9.1,945,58,66,1765,1060,27.5,54.4,1.9705,2004,8,9,1,23
3654,1.0,1035,7.0,859,33,49,1680,996,27.4,55.0,1.9827,2004,8,10,2,0
3655,0.7,942,4.9,758,17,29,1567,856,28.1,51.6,1.9269,2004,8,10,2,1
3656,0.5,902,3.5,680,6,11,1535,722,26.3,56.5,1.9027,2004,8,10,2,2
3657,0.5,919,3.9,704,141,96,1603,860,24.4,65.0,1.9612,2004,8,10,2,3
3658,0.5,875,3.2,665,20,25,1559,772,24.4,63.6,1.9218,2004,8,10,2,4
3659,0.7,927,4.7,747,58,34,1633,910,23.5,67.4,1.9305,2004,8,10,2,5
3660,1.2,1032,7.6,883,106,42,1742,1051,23.4,65.7,1.872,2004,8,10,2,6
3661,2.2,1193,14.7,1139,143,47,2009,1257,24.5,61.3,1.8522,2004,8,10,2,7
3662,2.9,1268,18.7,1259,167,62,2114,1410,26.0,55.8,1.8536,2004,8,10,2,8
3663,2.6,1238,14.8,1144,188,81,1939,1433,28.5,48.5,1.8607,2004,8,10,2,9
3664,2.6,1230,14.5,1133,164,90,1909,1413,33.6,35.7,1.8229,2004,8,10,2,10
3665,2.2,1161,12.7,1074,128,95,1777,1206,36.5,28.9,1.7359,2004,8,10,2,11
3666,1.5,1048,9.2,949,88,86,1607,831,39.0,23.7,1.6346,2004,8,10,2,12
3667,0.9,929,4.8,752,51,64,1385,544,38.8,23.7,1.6093,2004,8,10,2,13
3668,1.0,950,5.4,783,52,62,1443,525,38.0,24.0,1.5686,2004,8,10,2,14
3669,1.1,1013,7.2,864,59,75,1544,644,40.5,23.3,1.7416,2004,8,10,2,15
3670,1.2,1034,6.7,845,67,88,1566,702,39.8,25.4,1.8213,2004,8,10,2,16
3671,1.8,1082,9.7,965,105,126,1649,844,39.6,23.3,1.6535,2004,8,10,2,17
3672,1.8,1110,10.9,1012,91,96,1725,905,38.8,24.7,1.6772,2004,8,10,2,18
3673,1.7,1118,10.6,999,69,79,1766,878,34.7,35.9,1.9528,2004,8,10,2,19
3674,1.7,1136,9.7,967,65,67,1801,927,32.3,43.6,2.07,2004,8,10,2,20
3675,1.6,1106,8.6,924,58,62,1757,910,30.7,48.1,2.0821,2004,8,10,2,21
3676,1.7,1151,10.2,984,67,64,1823,1024,29.5,50.6,2.0492,2004,8,10,2,22
3677,1.8,1144,10.5,997,64,63,1816,1021,28.8,52.0,2.0297,2004,8,10,2,23
3678,1.5,1118,8.8,930,65,60,1748,1027,28.2,55.0,2.0697,2004,8,11,3,0
3679,1.2,1066,6.6,839,47,49,1700,993,27.2,59.1,2.0997,2004,8,11,3,1
3680,0.8,991,5.3,778,29,36,1665,910,26.7,60.7,2.0977,2004,8,11,3,2
3681,0.5,906,3.0,650,141,96,1581,768,26.9,60.3,2.1074,2004,8,11,3,3
3682,0.5,903,3.2,662,16,24,1590,760,26.4,61.6,2.0931,2004,8,11,3,4
3683,0.7,941,3.5,685,50,32,1632,834,25.9,63.6,2.102,2004,8,11,3,5
3684,1.1,1074,7.2,866,78,42,1768,1075,26.1,63.7,2.117,2004,8,11,3,6
3685,1.4,1114,9.5,958,89,42,1836,1167,26.8,60.5,2.1008,2004,8,11,3,7
3686,1.7,1162,11.1,1019,97,51,1904,1178,27.9,56.5,2.0895,2004,8,11,3,8
3687,1.8,1165,9.7,967,93,58,1825,1120,29.8,51.1,2.1054,2004,8,11,3,9
3688,1.8,1179,9.5,957,105,67,1819,1131,33.6,41.0,2.0995,2004,8,11,3,10
3689,1.7,1144,8.3,913,89,68,1782,972,35.1,38.1,2.1144,2004,8,11,3,11
3690,1.3,1066,6.0,813,63,56,1657,764,36.2,34.9,2.0578,2004,8,11,3,12
3691,1.3,1056,5.8,802,52,47,1620,670,38.0,30.7,2.0022,2004,8,11,3,13
3692,1.0,995,5.1,769,48,46,1576,615,36.6,30.8,1.8617,2004,8,11,3,14
3693,1.0,967,4.5,740,50,50,1526,557,38.8,25.4,1.7282,2004,8,11,3,15
3694,1.4,1048,6.6,839,80,65,1607,700,38.7,25.8,1.7426,2004,8,11,3,16
3695,1.6,1092,8.0,901,78,69,1691,734,37.4,29.9,1.8848,2004,8,11,3,17
3696,1.4,1056,7.6,883,64,63,1672,684,36.2,31.1,1.8371,2004,8,11,3,18
3697,1.7,1100,10.1,982,84,69,1760,823,33.8,34.5,1.7788,2004,8,11,3,19
3698,1.4,1057,7.8,890,72,57,1701,801,31.4,40.7,1.8377,2004,8,11,3,20
3699,1.5,1068,8.4,917,70,59,1728,916,30.8,45.0,1.9733,2004,8,11,3,21
3700,1.4,1050,7.7,887,59,54,1696,820,29.4,50.0,2.0181,2004,8,11,3,22
3701,1.5,1074,7.6,884,63,57,1726,838,28.1,54.1,2.029,2004,8,11,3,23
3702,1.6,1053,7.9,895,58,46,1727,882,27.3,57.8,2.0646,2004,8,12,4,0
3703,1.2,1003,6.3,825,68,65,1716,801,26.7,60.6,2.0942,2004,8,12,4,1
3704,0.9,933,3.8,701,57,62,1638,690,25.9,64.5,2.1247,2004,8,12,4,2
3705,0.6,869,2.4,614,141,96,1565,674,25.6,63.5,2.0566,2004,8,12,4,3
3706,1.5,864,2.5,617,15,25,1561,622,26.7,61.0,2.101,2004,8,12,4,4
3707,0.7,931,4.2,721,47,37,1651,799,25.8,64.6,2.1195,2004,8,12,4,5
3708,0.7,921,4.5,738,39,41,1623,818,26.5,60.6,2.063,2004,8,12,4,6
3709,1.7,1139,11.0,1013,87,60,1932,1034,26.4,61.7,2.0929,2004,8,12,4,7
3710,2.2,1205,14.1,1118,122,65,2019,1189,27.5,60.1,2.1719,2004,8,12,4,8
3711,1.9,1126,9.5,957,122,71,1841,1034,29.4,53.1,2.1362,2004,8,12,4,9
3712,1.5,1066,6.9,855,101,61,1712,929,33.4,39.9,2.0177,2004,8,12,4,10
3713,1.6,1069,7.2,867,92,65,1717,880,33.2,39.2,1.9642,2004,8,12,4,11
3714,1.3,975,5.5,788,70,54,1629,701,34.5,35.1,1.8856,2004,8,12,4,12
3715,1.1,955,5.1,766,58,58,1597,620,37.1,30.5,1.8962,2004,8,12,4,13
3716,1.0,949,5.0,764,44,56,1579,573,35.9,32.1,1.8697,2004,8,12,4,14
3717,1.0,941,5.6,792,44,60,1582,544,37.3,28.0,1.7537,2004,8,12,4,15
3718,1.1,942,5.7,800,52,69,1567,581,38.1,26.3,1.7252,2004,8,12,4,16
3719,1.3,974,7.0,855,53,67,1607,610,37.1,27.2,1.6844,2004,8,12,4,17
3720,1.5,1012,8.1,904,65,79,1653,695,35.2,31.2,1.7485,2004,8,12,4,18
3721,1.6,1017,8.7,929,67,86,1702,709,32.1,38.7,1.819,2004,8,12,4,19
3722,1.5,1006,7.9,896,67,79,1697,736,30.3,45.1,1.9129,2004,8,12,4,20
3723,1.3,1008,7.5,878,53,67,1691,722,29.3,50.2,2.0127,2004,8,12,4,21
3724,1.2,989,6.0,814,53,65,1657,680,28.6,53.7,2.0691,2004,8,12,4,22
3725,1.6,1080,8.5,920,60,67,1761,772,27.8,57.4,2.1107,2004,8,12,4,23
3726,1.4,1033,7.0,856,60,62,1736,769,27.4,59.4,2.1395,2004,8,13,5,0
3727,1.1,968,5.6,794,39,48,1688,654,27.2,59.3,2.1059,2004,8,13,5,1
3728,0.7,853,2.6,626,22,33,1557,516,26.7,61.0,2.1005,2004,8,13,5,2
3729,0.4,810,1.5,544,141,96,1485,447,26.0,62.7,2.0737,2004,8,13,5,3
3730,0.5,817,1.7,558,7,11,1485,452,25.4,63.1,2.0184,2004,8,13,5,4
3731,0.5,840,2.0,586,25,34,1499,492,26.1,60.3,2.012,2004,8,13,5,5
3732,0.8,940,4.0,709,47,52,1641,588,25.2,67.1,2.1164,2004,8,13,5,6
3733,1.6,1076,8.6,924,101,80,1806,909,26.0,61.9,2.0511,2004,8,13,5,7
3734,1.6,1086,10.1,981,100,86,1818,1007,27.0,57.5,2.0183,2004,8,13,5,8
3735,1.4,1031,8.7,929,79,77,1722,809,30.5,44.4,1.9076,2004,8,13,5,9
3736,1.5,1016,7.9,896,91,93,1704,820,33.4,35.1,1.781,2004,8,13,5,10
3737,1.2,953,5.8,801,83,109,1573,657,35.7,29.0,1.6716,2004,8,13,5,11
3738,1.1,918,5.3,779,65,89,1537,551,35.8,27.7,1.6041,2004,8,13,5,12
3739,0.8,892,4.2,724,55,71,1490,511,36.3,27.4,1.6264,2004,8,13,5,13
3740,0.7,841,3.3,673,40,56,1394,451,33.6,28.8,1.4695,2004,8,13,5,14
3741,0.7,799,4.0,709,48,68,1332,462,35.2,20.5,1.1418,2004,8,13,5,15
3742,0.7,838,4.3,726,46,61,1382,440,35.0,22.4,1.2371,2004,8,13,5,16
3743,1.0,870,4.6,745,54,70,1400,472,34.0,25.2,1.314,2004,8,13,5,17
3744,1.0,892,5.1,771,55,76,1465,494,32.0,28.2,1.3204,2004,8,13,5,18
3745,1.2,926,5.9,805,60,78,1511,524,29.4,34.4,1.3899,2004,8,13,5,19
3746,1.1,919,5.7,796,62,80,1538,560,28.1,41.1,1.535,2004,8,13,5,20
3747,1.0,932,4.7,746,51,71,1528,534,26.9,47.5,1.6595,2004,8,13,5,21
3748,1.2,957,5.1,767,57,74,1534,577,26.6,50.4,1.724,2004,8,13,5,22
3749,1.4,994,5.9,806,72,90,1580,674,25.9,52.9,1.7478,2004,8,13,5,23
3750,1.3,984,5.6,795,63,78,1570,676,25.4,54.6,1.7483,2004,8,14,6,0
3751,1.0,919,4.5,737,49,63,1534,611,25.1,55.7,1.7471,2004,8,14,6,1
3752,0.6,847,2.5,618,30,42,1442,529,25.1,55.3,1.733,2004,8,14,6,2
3753,0.4,802,1.7,559,141,96,1414,478,25.0,56.0,1.7428,2004,8,14,6,3
3754,0.4,795,1.8,569,18,27,1426,497,25.2,55.0,1.7405,2004,8,14,6,4
3755,0.4,809,1.9,578,22,29,1445,513,25.6,53.5,1.7291,2004,8,14,6,5
3756,0.5,835,2.6,626,39,41,1471,563,24.7,55.9,1.7114,2004,8,14,6,6
3757,1.1,967,6.3,826,68,61,1639,822,24.0,57.2,1.6835,2004,8,14,6,7
3758,1.2,969,6.8,849,84,68,1626,890,25.0,53.2,1.663,2004,8,14,6,8
3759,0.9,913,4.7,749,54,58,1535,742,28.0,43.4,1.6162,2004,8,14,6,9
3760,0.9,933,4.7,748,51,52,1551,629,31.6,35.5,1.6269,2004,8,14,6,10
3761,1.0,922,4.0,712,52,57,1494,609,35.0,29.0,1.6017,2004,8,14,6,11
3762,0.8,914,4.3,726,44,51,1496,534,35.3,27.6,1.5512,2004,8,14,6,12
3763,0.8,873,3.8,699,47,53,1413,528,36.2,24.1,1.4235,2004,8,14,6,13
3764,0.7,831,3.4,676,37,49,1350,463,34.8,24.5,1.3373,2004,8,14,6,14
3765,0.7,840,3.6,685,33,44,1339,462,38.2,19.6,1.2915,2004,8,14,6,15
3766,0.7,874,3.6,686,36,48,1402,501,38.9,20.3,1.382,2004,8,14,6,16
3767,0.7,896,3.6,687,33,46,1438,493,36.9,27.1,1.6683,2004,8,14,6,17
3768,0.9,964,5.1,769,40,56,1546,572,35.2,32.1,1.7898,2004,8,14,6,18
3769,1.2,1001,6.6,838,56,73,1614,668,32.0,38.2,1.788,2004,8,14,6,19
3770,1.4,1005,7.3,868,71,85,1633,771,29.8,41.8,1.7269,2004,8,14,6,20
3771,1.2,979,6.1,818,57,72,1590,732,28.2,45.9,1.7272,2004,8,14,6,21
3772,1.0,935,5.2,774,43,53,1562,687,27.1,48.2,1.7075,2004,8,14,6,22
3773,0.9,939,4.9,758,40,47,1544,664,26.7,49.5,1.7048,2004,8,14,6,23
3774,0.7,878,3.5,684,26,37,1475,588,26.1,50.8,1.6917,2004,8,15,7,0
3775,0.5,848,3.0,650,24,34,1479,610,25.7,52.5,1.7077,2004,8,15,7,1
3776,0.5,826,2.7,631,24,33,1473,593,24.8,55.4,1.7054,2004,8,15,7,2
3777,0.4,804,2.2,597,141,96,1454,566,23.8,57.5,1.6723,2004,8,15,7,3
3778,1.5,789,2.0,584,18,27,1457,571,22.4,62.2,1.6648,2004,8,15,7,4
3779,0.4,785,2.4,612,18,27,1443,614,22.5,61.8,1.6654,2004,8,15,7,5
3780,0.4,772,2.0,584,19,27,1414,566,22.7,59.2,1.6139,2004,8,15,7,6
3781,0.5,796,2.5,623,22,28,1425,594,23.0,58.4,1.6223,2004,8,15,7,7
3782,0.7,875,3.5,682,34,36,1457,611,23.9,56.3,1.6489,2004,8,15,7,8
3783,1.1,955,6.0,811,61,59,1562,759,26.3,50.1,1.6889,2004,8,15,7,9
3784,1.0,938,5.3,778,46,56,1520,700,32.1,34.0,1.6039,2004,8,15,7,10
3785,1.2,954,6.3,826,56,70,1531,691,35.8,25.7,1.4861,2004,8,15,7,11
3786,1.1,875,4.8,753,31,36,1402,579,38.3,19.8,1.3067,2004,8,15,7,12
3787,0.6,810,3.2,664,11,17,1312,478,37.3,20.5,1.286,2004,8,15,7,13
3788,0.4,746,2.6,624,8,14,1209,410,36.3,18.4,1.0976,2004,8,15,7,14
3789,0.4,738,2.4,610,14,24,1204,404,36.8,16.9,1.0347,2004,8,15,7,15
3790,0.5,771,3.0,652,21,36,1239,440,37.9,15.9,1.0296,2004,8,15,7,16
3791,0.6,799,3.1,658,26,43,1254,461,36.7,17.1,1.0398,2004,8,15,7,17
3792,0.8,831,3.4,679,37,60,1291,526,33.8,21.9,1.1303,2004,8,15,7,18
3793,1.0,885,4.6,743,53,81,1379,647,32.6,24.6,1.1885,2004,8,15,7,19
3794,1.1,883,4.4,731,56,87,1384,693,30.6,28.4,1.2247,2004,8,15,7,20
3795,1.1,906,5.5,790,51,85,1430,729,29.4,30.5,1.2288,2004,8,15,7,21
3796,1.6,982,8.2,906,79,91,1561,1002,28.4,34.4,1.314,2004,8,15,7,22
3797,0.9,892,5.0,766,38,55,1399,797,28.3,34.1,1.2951,2004,8,15,7,23
3798,0.7,841,4.0,711,25,42,1367,685,27.8,35.2,1.2968,2004,8,16,1,0
3799,0.7,859,3.7,693,24,43,1377,710,25.3,39.7,1.2656,2004,8,16,1,1
3800,0.5,810,3.1,657,11,20,1337,629,24.5,41.5,1.2589,2004,8,16,1,2
3801,0.4,759,1.8,566,141,96,1267,503,24.8,39.8,1.2231,2004,8,16,1,3
3802,0.3,749,1.5,543,16,23,1244,462,23.3,41.9,1.1856,2004,8,16,1,4
3803,0.4,766,2.4,616,43,43,1306,530,21.5,45.6,1.1558,2004,8,16,1,5
3804,0.9,865,5.4,783,86,68,1446,838,21.3,47.0,1.1793,2004,8,16,1,6
3805,1.3,924,8.5,920,92,62,1534,946,22.2,45.0,1.1867,2004,8,16,1,7
3806,1.6,973,10.9,1010,102,65,1616,1014,23.6,40.8,1.1746,2004,8,16,1,8
3807,2.1,1028,12.0,1048,171,93,1624,1135,27.1,32.4,1.1462,2004,8,16,1,9
3808,2.0,979,10.6,999,148,110,1515,1027,33.4,20.1,1.0142,2004,8,16,1,10
3809,1.4,892,7.4,874,119,106,1369,749,35.3,17.0,0.9546,2004,8,16,1,11
3810,1.4,892,7.3,869,71,77,1363,632,37.4,14.7,0.9295,2004,8,16,1,12
3811,0.9,836,4.6,741,53,60,1277,479,38.6,14.6,0.9821,2004,8,16,1,13
3812,0.8,824,4.0,708,61,67,1256,463,35.8,17.8,1.0274,2004,8,16,1,14
3813,0.8,825,3.8,702,53,57,1267,458,38.4,16.4,1.0957,2004,8,16,1,15
3814,1.0,871,5.0,761,61,60,1346,520,39.7,15.3,1.0963,2004,8,16,1,16
3815,1.3,903,6.9,853,72,69,1420,606,38.8,15.8,1.0706,2004,8,16,1,17
3816,1.3,944,7.0,857,67,77,1463,631,35.2,22.3,1.2467,2004,8,16,1,18
3817,1.3,969,6.8,850,70,77,1503,695,31.7,28.2,1.2962,2004,8,16,1,19
3818,1.6,1005,8.5,919,81,87,1543,871,30.4,30.9,1.3219,2004,8,16,1,20
3819,1.4,972,8.0,898,79,88,1508,879,29.5,32.1,1.3005,2004,8,16,1,21
3820,1.3,960,5.7,798,73,84,1459,780,28.0,34.9,1.2989,2004,8,16,1,22
3821,1.0,946,5.1,767,57,65,1443,728,28.2,36.6,1.3722,2004,8,16,1,23
3822,0.9,959,5.5,787,45,54,1460,821,26.5,40.7,1.3873,2004,8,17,2,0
3823,0.6,877,3.1,658,25,37,1349,663,28.3,36.7,1.3878,2004,8,17,2,1
3824,0.5,867,2.9,645,23,36,1385,656,25.7,43.8,1.4233,2004,8,17,2,2
3825,0.5,836,2.6,626,141,96,1397,639,24.3,49.0,1.4666,2004,8,17,2,3
3826,0.4,820,2.2,597,18,29,1346,603,24.3,48.3,1.4449,2004,8,17,2,4
3827,0.4,828,2.5,618,23,25,1354,560,23.6,49.2,1.4153,2004,8,17,2,5
3828,1.0,929,5.6,791,59,41,1493,789,22.2,53.9,1.4201,2004,8,17,2,6
3829,2.2,1118,12.9,1079,135,68,1761,1145,22.5,52.3,1.41,2004,8,17,2,7
3830,2.5,1155,16.0,1181,167,82,1850,1302,24.3,47.8,1.4321,2004,8,17,2,8
3831,2.3,1112,12.2,1058,190,137,1695,1297,27.3,40.7,1.4548,2004,8,17,2,9
3832,2.0,1094,10.0,979,142,119,1633,1192,33.3,28.2,1.4189,2004,8,17,2,10
3833,1.5,1022,7.8,890,141,96,1499,862,35.3,23.1,1.2989,2004,8,17,2,11
3834,1.5,968,5.9,805,141,96,1391,649,36.1,21.3,1.2502,2004,8,17,2,12
3835,1.5,978,6.6,840,141,96,1422,694,38.5,18.0,1.2055,2004,8,17,2,13
3836,1.5,947,4.8,751,141,96,1358,595,36.5,20.8,1.2446,2004,8,17,2,14
3837,1.5,997,5.9,808,141,96,1447,662,38.8,19.1,1.3035,2004,8,17,2,15
3838,1.5,1026,6.0,813,141,96,1463,692,38.8,19.8,1.3513,2004,8,17,2,16
3839,1.5,973,5.0,764,141,96,1373,619,38.1,19.7,1.2928,2004,8,17,2,17
3840,1.5,925,4.2,721,141,96,1317,484,36.1,20.7,1.2151,2004,8,17,2,18
3841,1.5,957,5.0,766,141,96,1380,516,32.8,24.3,1.1894,2004,8,17,2,19
3842,1.5,1029,7.5,877,141,96,1489,776,30.4,29.8,1.2712,2004,8,17,2,20
3843,1.5,1109,9.3,952,141,96,1601,1041,29.1,33.6,1.3314,2004,8,17,2,21
3844,1.5,1105,10.0,977,141,96,1618,1138,28.6,35.7,1.3726,2004,8,17,2,22
3845,1.5,1039,8.2,906,141,96,1545,1091,28.0,36.1,1.3425,2004,8,17,2,23
3846,1.5,965,6.4,832,141,96,1455,978,25.8,39.5,1.2949,2004,8,18,3,0
3847,1.5,955,6.0,812,141,96,1464,936,25.1,40.1,1.2544,2004,8,18,3,1
3848,1.5,935,5.4,782,141,96,1428,867,24.4,42.5,1.2854,2004,8,18,3,2
3849,1.5,902,4.4,735,141,96,1410,781,23.0,46.2,1.2783,2004,8,18,3,3
3850,1.5,875,4.1,714,141,96,1379,746,22.5,46.7,1.261,2004,8,18,3,4
3851,1.5,884,4.3,729,141,96,1389,837,22.9,45.7,1.2621,2004,8,18,3,5
3852,1.5,942,6.3,825,141,96,1450,995,23.8,41.8,1.2149,2004,8,18,3,6
3853,1.5,1077,10.9,1012,141,96,1633,1138,24.4,42.6,1.2866,2004,8,18,3,7
3854,1.5,1040,11.2,1022,141,96,1624,998,27.3,36.8,1.3189,2004,8,18,3,8
3855,1.5,982,6.5,836,141,96,1498,696,29.6,35.4,1.4426,2004,8,18,3,9
3856,1.5,995,5.7,800,141,96,1501,615,34.6,28.3,1.5338,2004,8,18,3,10
3857,1.5,1024,7.0,859,141,96,1576,710,33.1,32.6,1.6188,2004,8,18,3,11
3858,1.5,1029,5.6,791,141,96,1567,651,33.3,33.1,1.6642,2004,8,18,3,12
3859,1.5,1003,5.5,787,141,96,1518,636,34.6,30.1,1.6296,2004,8,18,3,13
3860,1.5,987,5.4,782,141,96,1514,593,34.9,29.5,1.6275,2004,8,18,3,14
3861,1.5,1023,7.0,859,141,96,1590,684,35.6,28.5,1.6293,2004,8,18,3,15
3862,1.4,1023,7.4,875,83,71,1590,711,36.4,27.1,1.6226,2004,8,18,3,16
3863,1.7,1064,9.1,942,94,78,1650,801,36.8,26.2,1.5984,2004,8,18,3,17
3864,1.5,1042,8.9,936,84,72,1630,770,36.4,26.8,1.6038,2004,8,18,3,18
3865,1.7,1059,9.2,947,90,74,1671,813,33.3,32.8,1.6527,2004,8,18,3,19
3866,1.6,1050,8.5,921,91,70,1683,851,31.3,39.5,1.7798,2004,8,18,3,20
3867,1.4,1025,7.9,896,70,55,1693,823,29.9,44.7,1.8511,2004,8,18,3,21
3868,1.4,1029,6.1,816,75,54,1624,778,29.1,48.4,1.9186,2004,8,18,3,22
3869,1.4,1055,6.4,831,72,53,1686,827,28.0,52.9,1.964,2004,8,18,3,23
3870,1.2,1001,5.7,799,59,46,1642,753,27.7,53.0,1.9423,2004,8,19,4,0
3871,0.9,936,4.4,730,48,38,1551,726,27.7,52.6,1.9202,2004,8,19,4,1
3872,0.6,863,2.3,608,41,30,1465,597,28.3,49.5,1.8782,2004,8,19,4,2
3873,0.4,834,1.8,565,141,96,1444,473,28.8,49.0,1.9112,2004,8,19,4,3
3874,0.5,841,1.9,578,11,16,1464,463,27.7,52.5,1.923,2004,8,19,4,4
3875,0.5,871,2.4,611,11,12,1494,526,27.5,53.0,1.9097,2004,8,19,4,5
3876,0.8,962,4.7,747,37,38,1605,712,27.1,54.4,1.9168,2004,8,19,4,6
3877,1.4,1083,7.8,889,72,56,1734,918,27.6,52.1,1.8936,2004,8,19,4,7
3878,1.2,1061,7.8,891,53,57,1697,894,29.0,48.5,1.9133,2004,8,19,4,8
3879,1.0,1012,6.3,824,31,39,1612,710,31.0,42.9,1.8909,2004,8,19,4,9
3880,1.2,1031,6.5,834,47,47,1640,737,32.5,39.4,1.8982,2004,8,19,4,10
3881,1.1,1011,6.1,816,33,35,1614,680,36.9,30.9,1.8934,2004,8,19,4,11
3882,1.2,1009,6.3,824,35,44,1606,670,36.2,30.6,1.8105,2004,8,19,4,12
3883,1.1,980,5.6,793,32,43,1549,654,37.7,27.7,1.778,2004,8,19,4,13
3884,1.0,961,5.8,803,23,34,1552,618,37.1,27.2,1.6874,2004,8,19,4,14
3885,1.0,966,5.4,784,27,36,1530,652,39.5,24.3,1.7216,2004,8,19,4,15
3886,1.2,1022,6.8,849,32,44,1583,732,39.9,23.8,1.7127,2004,8,19,4,16
3887,1.7,1091,9.3,953,51,63,1688,853,39.6,24.3,1.7255,2004,8,19,4,17
3888,1.7,1063,8.5,919,46,60,1676,821,37.2,29.1,1.8185,2004,8,19,4,18
3889,1.7,1116,9.3,952,62,66,1759,895,33.9,37.1,1.9264,2004,8,19,4,19
3890,1.7,1101,7.4,875,65,68,1748,927,31.6,43.6,1.9944,2004,8,19,4,20
3891,1.5,1072,6.4,831,141,96,1677,857,30.3,47.3,2.0034,2004,8,19,4,21
3892,1.5,1080,7.8,890,141,96,1702,869,29.8,49.1,2.0248,2004,8,19,4,22
3893,1.5,1005,5.6,792,141,96,1638,725,29.0,51.7,2.0375,2004,8,19,4,23
3894,1.5,998,5.3,776,141,96,1608,665,28.5,52.1,2.0036,2004,8,20,5,0
3895,1.5,1000,5.0,763,141,96,1619,680,27.7,53.7,1.9661,2004,8,20,5,1
3896,1.5,932,4.2,720,141,96,1562,605,27.4,53.5,1.9267,2004,8,20,5,2
3897,1.5,808,1.4,539,141,96,1383,427,28.5,48.7,1.872,2004,8,20,5,3
3898,1.5,795,1.0,494,141,96,1353,400,28.9,48.4,1.8982,2004,8,20,5,4
3899,1.5,886,2.4,613,141,96,1484,522,27.1,54.8,1.9309,2004,8,20,5,5
3900,1.5,974,4.5,740,141,96,1595,703,26.1,59.0,1.9669,2004,8,20,5,6
3901,1.5,1112,8.9,936,141,96,1792,965,26.7,58.0,2.0023,2004,8,20,5,7
3902,1.5,1175,12.9,1080,141,96,1931,1102,27.9,54.9,2.0353,2004,8,20,5,8
3903,1.5,1091,8.6,925,141,96,1753,1058,29.7,50.5,2.0767,2004,8,20,5,9
3904,1.5,1066,7.8,890,141,96,1690,906,32.2,41.4,1.9624,2004,8,20,5,10
3905,1.5,1031,7.7,887,141,96,1665,844,35.6,32.2,1.8408,2004,8,20,5,11
3906,1.5,1004,7.3,868,141,96,1632,763,35.7,31.4,1.8025,2004,8,20,5,12
3907,1.5,927,3.8,698,141,96,1537,555,35.5,34.9,1.9841,2004,8,20,5,13
3908,1.5,924,3.3,673,141,96,1522,520,35.0,35.5,1.962,2004,8,20,5,14
3909,1.5,912,3.3,671,141,96,1508,508,35.1,34.6,1.9255,2004,8,20,5,15
3910,1.5,976,4.8,752,141,96,1561,545,36.8,30.5,1.8572,2004,8,20,5,16
3911,1.5,989,5.7,798,141,96,1607,584,34.5,34.7,1.8667,2004,8,20,5,17
3912,1.5,986,5.6,794,141,96,1619,590,33.0,38.1,1.8813,2004,8,20,5,18
3913,1.5,984,5.7,800,141,96,1607,610,30.8,43.1,1.8761,2004,8,20,5,19
3914,1.5,1000,7.0,857,141,96,1634,689,29.1,46.9,1.8652,2004,8,20,5,20
3915,1.5,996,6.8,848,141,96,1657,713,28.2,49.8,1.8795,2004,8,20,5,21
3916,1.5,1013,8.3,913,141,96,1685,785,27.5,50.4,1.823,2004,8,20,5,22
3917,1.5,1004,6.9,851,141,96,1632,754,27.3,49.1,1.7503,2004,8,20,5,23
3918,1.5,949,6.0,814,141,96,1563,653,26.7,46.7,1.6121,2004,8,21,6,0
3919,1.5,895,5.4,783,141,96,1502,575,26.0,45.0,1.4913,2004,8,21,6,1
3920,1.5,863,3.9,707,141,96,1407,537,25.0,47.3,1.4771,2004,8,21,6,2
3921,1.5,786,2.0,587,141,96,1300,413,25.3,44.3,1.4032,2004,8,21,6,3
3922,1.5,792,2.2,597,141,96,1320,417,24.3,46.3,1.3857,2004,8,21,6,4
3923,1.5,816,3.0,653,141,96,1332,486,24.8,43.4,1.3347,2004,8,21,6,5
3924,1.5,826,3.5,682,141,96,1342,532,24.5,40.6,1.2327,2004,8,21,6,6
3925,1.5,826,3.8,698,141,96,1331,542,25.7,36.9,1.1991,2004,8,21,6,7
3926,1.5,809,3.2,664,141,96,1323,459,26.8,35.0,1.2175,2004,8,21,6,8
3927,1.5,809,2.6,624,141,96,1309,415,28.0,34.9,1.3008,2004,8,21,6,9
3928,1.5,853,3.5,681,141,96,1368,457,29.0,34.1,1.3445,2004,8,21,6,10
3929,1.5,814,3.1,657,141,96,1332,429,30.4,30.8,1.3155,2004,8,21,6,11
3930,1.5,807,3.1,658,141,96,1328,428,32.4,26.3,1.2523,2004,8,21,6,12
3931,1.5,811,3.0,653,141,96,1336,423,31.0,28.9,1.277,2004,8,21,6,13
3932,1.5,796,2.2,601,141,96,1314,410,29.3,33.1,1.322,2004,8,21,6,14
3933,1.5,833,3.0,649,141,96,1354,437,26.9,35.2,1.2334,2004,8,21,6,15
3934,1.5,856,3.5,684,141,96,1368,520,28.1,34.2,1.2802,2004,8,21,6,16
3935,1.5,830,3.7,696,141,96,1328,461,28.5,29.4,1.1298,2004,8,21,6,17
3936,1.5,883,5.4,782,141,96,1395,571,27.3,31.0,1.111,2004,8,21,6,18
3937,1.5,965,8.9,936,141,96,1535,866,25.4,36.2,1.1562,2004,8,21,6,19
3938,1.5,931,7.8,890,141,96,1474,841,24.6,38.0,1.158,2004,8,21,6,20
3939,1.5,885,5.6,791,141,96,1425,706,24.3,41.6,1.2467,2004,8,21,6,21
3940,1.5,900,5.2,773,141,96,1426,703,24.9,40.8,1.2696,2004,8,21,6,22
3941,1.5,904,6.7,845,141,96,1483,775,23.8,44.7,1.3019,2004,8,21,6,23
3942,1.5,944,8.0,900,141,96,1549,830,22.8,49.8,1.367,2004,8,22,7,0
3943,1.5,907,6.4,832,141,96,1492,808,22.8,49.4,1.3568,2004,8,22,7,1
3944,1.5,886,5.2,774,141,96,1486,815,20.9,57.4,1.4037,2004,8,22,7,2
3945,1.5,882,5.1,767,141,96,1492,897,20.5,60.6,1.447,2004,8,22,7,3
3946,1.5,843,4.0,713,141,96,1426,836,19.6,63.7,1.4396,2004,8,22,7,4
3947,1.5,825,3.7,694,141,96,1415,774,19.4,64.5,1.4394,2004,8,22,7,5
3948,1.5,791,2.8,638,141,96,1389,698,18.6,67.4,1.4302,2004,8,22,7,6
3949,1.5,856,4.5,735,141,96,1455,800,19.6,63.7,1.4419,2004,8,22,7,7
3950,1.5,861,4.7,746,141,96,1448,771,21.7,56.4,1.4496,2004,8,22,7,8
3951,1.5,924,6.0,814,141,96,1519,798,25.2,47.4,1.4978,2004,8,22,7,9
3952,1.5,941,5.8,805,141,96,1512,755,30.4,34.1,1.4577,2004,8,22,7,10
3953,1.5,879,5.2,775,141,96,1407,657,33.4,25.1,1.2665,2004,8,22,7,11
3954,1.5,816,4.6,742,141,96,1305,537,35.5,18.2,1.0376,2004,8,22,7,12
3955,1.5,715,2.1,589,141,96,1127,390,35.1,15.7,0.8757,2004,8,22,7,13
3956,1.5,717,1.8,570,141,96,1110,368,33.3,17.1,0.8592,2004,8,22,7,14
3957,1.5,711,2.8,640,141,96,1084,391,36.6,11.8,0.7107,2004,8,22,7,15
3958,1.5,731,3.6,686,141,96,1104,413,38.3,10.0,0.6591,2004,8,22,7,16
3959,1.5,752,4.0,713,141,96,1144,435,37.3,10.9,0.6846,2004,8,22,7,17
3960,1.5,879,5.3,779,141,96,1347,535,34.6,20.0,1.0817,2004,8,22,7,18
3961,1.5,922,7.4,874,141,96,1447,663,30.4,28.2,1.204,2004,8,22,7,19
3962,1.5,958,8.0,900,141,96,1493,830,28.1,34.3,1.2821,2004,8,22,7,20
3963,1.5,949,7.4,876,141,96,1500,911,26.5,36.6,1.2484,2004,8,22,7,21
3964,1.5,922,6.1,818,141,96,1454,848,25.7,38.5,1.2548,2004,8,22,7,22
3965,1.5,902,5.5,790,141,96,1428,799,24.7,41.6,1.2751,2004,8,22,7,23
3966,1.5,932,6.2,820,141,96,1462,921,23.6,45.4,1.3067,2004,8,23,1,0
3967,1.5,870,4.4,733,141,96,1392,762,23.4,46.3,1.3134,2004,8,23,1,1
3968,1.5,812,3.4,675,141,96,1348,661,21.6,51.6,1.3171,2004,8,23,1,2
3969,1.5,773,2.4,613,141,96,1321,597,21.2,53.3,1.328,2004,8,23,1,3
3970,1.5,769,2.0,582,141,96,1306,616,20.6,55.1,1.3237,2004,8,23,1,4
3971,1.5,763,2.0,583,141,96,1288,596,22.1,49.6,1.3022,2004,8,23,1,5
3972,1.5,809,3.8,701,141,96,1384,649,21.1,51.6,1.2784,2004,8,23,1,6
3973,1.5,893,7.6,881,141,96,1486,792,21.8,48.6,1.2556,2004,8,23,1,7
3974,1.5,1028,14.9,1146,141,96,1766,1080,21.7,49.1,1.2602,2004,8,23,1,8
3975,2.0,1011,12.0,1051,111,96,1659,1087,25.3,41.7,1.3243,2004,8,23,1,9
3976,1.5,994,9.2,947,141,96,1572,983,30.3,30.9,1.3096,2004,8,23,1,10
3977,1.6,937,8.2,908,86,83,1466,826,32.9,24.9,1.2269,2004,8,23,1,11
3978,1.3,902,5.9,808,57,64,1408,632,34.4,23.5,1.2541,2004,8,23,1,12
3979,1.0,860,4.7,748,39,50,1344,532,34.3,22.5,1.1974,2004,8,23,1,13
3980,0.9,843,4.1,716,41,53,1305,496,33.4,21.6,1.0927,2004,8,23,1,14
3981,1.0,872,4.9,760,47,57,1314,513,36.1,18.4,1.0827,2004,8,23,1,15
3982,1.1,857,5.2,775,45,55,1258,512,37.3,15.4,0.9692,2004,8,23,1,16
3983,1.5,922,7.5,878,60,70,1363,615,36.8,16.2,0.9922,2004,8,23,1,17
3984,1.5,951,7.4,875,51,68,1406,600,34.9,20.9,1.1463,2004,8,23,1,18
3985,1.6,962,7.8,891,53,73,1442,634,30.8,26.5,1.1603,2004,8,23,1,19
3986,1.7,957,8.6,926,72,92,1480,830,28.9,28.3,1.1078,2004,8,23,1,20
3987,1.4,928,6.5,837,62,80,1410,871,27.0,30.7,1.079,2004,8,23,1,21
3988,1.2,895,6.8,846,41,60,1371,787,26.6,30.6,1.0459,2004,8,23,1,22
3989,1.1,902,5.7,797,32,49,1355,841,26.0,33.1,1.0955,2004,8,23,1,23
3990,1.1,904,5.8,801,44,53,1400,862,24.1,37.9,1.1204,2004,8,24,2,0
3991,1.2,919,5.7,799,29,50,1409,881,22.2,43.1,1.1396,2004,8,24,2,1
3992,0.7,812,3.2,663,18,34,1265,709,22.8,41.3,1.1284,2004,8,24,2,2
3993,0.5,776,2.1,590,141,96,1245,602,21.2,43.8,1.088,2004,8,24,2,3
3994,0.4,762,1.7,563,12,21,1208,492,21.7,42.6,1.0907,2004,8,24,2,4
3995,0.7,786,2.8,642,39,48,1270,592,20.2,47.1,1.1021,2004,8,24,2,5
3996,1.1,868,5.7,798,83,71,1392,824,20.1,47.8,1.1093,2004,8,24,2,6
3997,1.6,965,10.0,977,149,94,1515,1014,20.6,45.5,1.0925,2004,8,24,2,7
3998,2.3,1049,14.5,1133,216,118,1662,1208,22.4,41.1,1.0979,2004,8,24,2,8
3999,1.6,1008,9.9,973,153,105,1509,1178,25.0,36.6,1.143,2004,8,24,2,9
4000,2.0,1008,11.2,1021,177,122,1549,1176,29.9,26.2,1.0891,2004,8,24,2,10
4001,1.6,973,8.3,911,126,121,1441,891,32.9,21.8,1.0714,2004,8,24,2,11
4002,1.6,964,9.5,959,96,115,1438,731,35.0,17.9,0.99,2004,8,24,2,12
4003,1.3,923,7.1,862,92,107,1363,626,34.6,18.2,0.9832,2004,8,24,2,13
4004,1.0,934,6.0,811,75,86,1343,553,33.8,22.8,1.1781,2004,8,24,2,14
4005,1.6,1036,9.1,943,109,118,1509,770,36.3,19.5,1.1539,2004,8,24,2,15
4006,2.0,1076,10.4,994,133,129,1549,938,38.3,17.9,1.181,2004,8,24,2,16
4007,1.7,1055,8.7,927,87,90,1520,716,36.9,20.9,1.2864,2004,8,24,2,17
4008,1.7,1081,9.0,938,80,87,1568,714,33.9,30.0,1.56,2004,8,24,2,18
4009,1.4,1072,6.8,850,70,65,1604,702,29.8,43.4,1.7988,2004,8,24,2,19
4010,1.3,1038,5.2,773,67,61,1568,687,27.5,50.4,1.8274,2004,8,24,2,20
4011,1.3,1059,5.7,800,66,62,1604,739,27.5,50.4,1.8284,2004,8,24,2,21
4012,1.6,1070,6.9,852,97,85,1639,867,28.1,48.0,1.7933,2004,8,24,2,22
4013,1.8,1093,7.8,893,90,83,1678,927,26.9,49.6,1.7299,2004,8,24,2,23
4014,1.5,1016,6.8,849,99,84,1609,872,26.0,48.0,1.5899,2004,8,25,3,0
4015,1.3,988,6.3,825,71,71,1559,848,24.9,50.6,1.5747,2004,8,25,3,1
4016,1.1,930,4.7,749,59,62,1464,777,23.7,53.2,1.5418,2004,8,25,3,2
4017,0.5,815,2.0,584,141,96,1363,513,24.5,50.9,1.5416,2004,8,25,3,3
4018,0.6,884,3.6,686,26,40,1439,651,22.9,56.1,1.5492,2004,8,25,3,4
4019,0.7,913,4.4,730,47,50,1493,774,23.3,55.5,1.5636,2004,8,25,3,5
4020,1.1,994,6.4,829,108,78,1581,982,23.6,54.2,1.5583,2004,8,25,3,6
4021,1.9,1173,11.9,1047,160,89,1815,1175,24.9,52.9,1.643,2004,8,25,3,7
4022,3.5,1314,21.0,1325,204,106,2143,1390,26.4,50.8,1.7166,2004,8,25,3,8
4023,2.9,1252,15.6,1168,193,107,1938,1352,28.1,47.4,1.7753,2004,8,25,3,9
4024,2.2,1151,12.1,1053,146,93,1835,1152,30.2,43.2,1.823,2004,8,25,3,10
4025,2.0,1122,9.3,951,126,95,1729,1022,31.2,41.9,1.871,2004,8,25,3,11
4026,1.7,1111,8.7,927,90,78,1715,922,33.9,36.0,1.8692,2004,8,25,3,12
4027,1.6,1058,7.9,894,84,76,1648,825,33.9,34.1,1.7754,2004,8,25,3,13
4028,1.3,972,6.2,820,60,66,1535,630,34.4,30.6,1.6402,2004,8,25,3,14
4029,1.3,985,6.3,826,66,71,1544,621,35.3,28.5,1.6034,2004,8,25,3,15
4030,1.3,1004,6.0,814,57,61,1520,602,36.3,28.3,1.6851,2004,8,25,3,16
4031,1.6,1030,7.9,897,71,73,1592,668,35.3,29.4,1.6577,2004,8,25,3,17
4032,1.3,965,5.8,802,51,54,1504,564,32.5,34.1,1.6453,2004,8,25,3,18
4033,1.4,987,6.3,824,49,53,1541,581,29.1,42.1,1.6695,2004,8,25,3,19
4034,1.4,923,6.0,811,59,69,1434,604,27.8,35.6,1.3116,2004,8,25,3,20
4035,1.3,872,6.3,824,66,77,1346,590,27.0,30.0,1.0542,2004,8,25,3,21
4036,1.4,939,6.8,849,72,83,1479,650,26.3,37.3,1.2555,2004,8,25,3,22
4037,1.5,954,7.0,855,89,94,1474,745,25.2,40.8,1.2877,2004,8,25,3,23
4038,1.5,969,7.0,857,75,84,1485,821,24.3,43.3,1.2973,2004,8,26,4,0
4039,0.9,882,5.0,763,38,55,1388,656,23.3,45.3,1.2794,2004,8,26,4,1
4040,0.6,805,2.8,637,24,35,1276,520,24.1,44.0,1.3034,2004,8,26,4,2
4041,0.5,790,2.1,590,141,96,1257,493,23.8,44.8,1.3061,2004,8,26,4,3
4042,1.5,779,1.7,560,19,31,1231,487,23.0,47.7,1.3232,2004,8,26,4,4
4043,0.5,842,2.8,640,40,45,1293,595,23.7,46.7,1.3501,2004,8,26,4,5
4044,1.0,1053,7.9,895,63,59,1446,942,17.2,48.6,0.9768,2004,8,26,4,6
4045,1.9,1053,7.9,895,121,83,1446,942,17.2,48.6,0.9768,2004,8,26,4,7
4046,2.6,1053,7.9,895,143,90,1446,942,17.2,48.6,0.9768,2004,8,26,4,8
4047,1.7,1053,7.9,895,104,87,1446,942,17.2,48.6,0.9768,2004,8,26,4,9
4048,1.7,1053,7.9,895,111,83,1446,942,17.2,48.6,0.9768,2004,8,26,4,10
4049,1.4,1053,7.9,895,83,71,1446,942,17.2,48.6,0.9768,2004,8,26,4,11
4050,1.6,1053,7.9,895,90,77,1446,942,17.2,48.6,0.9768,2004,8,26,4,12
4051,1.3,1053,7.9,895,82,75,1446,942,17.2,48.6,0.9768,2004,8,26,4,13
4052,0.9,1053,7.9,895,48,52,1446,942,17.2,48.6,0.9768,2004,8,26,4,14
4053,1.4,1053,7.9,895,89,76,1446,942,17.2,48.6,0.9768,2004,8,26,4,15
4054,1.0,1053,7.9,895,58,60,1446,942,17.2,48.6,0.9768,2004,8,26,4,16
4055,2.2,1053,7.9,895,129,99,1446,942,17.2,48.6,0.9768,2004,8,26,4,17
4056,1.9,1053,7.9,895,103,88,1446,942,17.2,48.6,0.9768,2004,8,26,4,18
4057,2.1,1053,7.9,895,115,91,1446,942,17.2,48.6,0.9768,2004,8,26,4,19
4058,1.7,1053,7.9,895,108,91,1446,942,17.2,48.6,0.9768,2004,8,26,4,20
4059,1.0,1053,7.9,895,60,68,1446,942,17.2,48.6,0.9768,2004,8,26,4,21
4060,1.1,1053,7.9,895,68,71,1446,942,17.2,48.6,0.9768,2004,8,26,4,22
4061,0.7,1053,7.9,895,36,49,1446,942,17.2,48.6,0.9768,2004,8,26,4,23
4062,1.3,1053,7.9,895,81,71,1446,942,17.2,48.6,0.9768,2004,8,27,5,0
4063,1.3,1053,7.9,895,91,76,1446,942,17.2,48.6,0.9768,2004,8,27,5,1
4064,1.0,1053,7.9,895,65,67,1446,942,17.2,48.6,0.9768,2004,8,27,5,2
4065,0.7,1053,7.9,895,141,96,1446,942,17.2,48.6,0.9768,2004,8,27,5,3
4066,0.6,1053,7.9,895,46,58,1446,942,17.2,48.6,0.9768,2004,8,27,5,4
4067,0.7,1053,7.9,895,71,53,1446,942,17.2,48.6,0.9768,2004,8,27,5,5
4068,1.1,1053,7.9,895,92,52,1446,942,17.2,48.6,0.9768,2004,8,27,5,6
4069,2.4,1053,7.9,895,201,68,1446,942,17.2,48.6,0.9768,2004,8,27,5,7
4070,2.4,1053,7.9,895,169,69,1446,942,17.2,48.6,0.9768,2004,8,27,5,8
4071,2.3,1053,7.9,895,158,83,1446,942,17.2,48.6,0.9768,2004,8,27,5,9
4072,2.2,1053,7.9,895,147,99,1446,942,17.2,48.6,0.9768,2004,8,27,5,10
4073,1.8,1053,7.9,895,119,101,1446,942,17.2,48.6,0.9768,2004,8,27,5,11
4074,2.0,1053,7.9,895,114,104,1446,942,17.2,48.6,0.9768,2004,8,27,5,12
4075,1.5,1053,7.9,895,92,89,1446,942,17.2,48.6,0.9768,2004,8,27,5,13
4076,1.4,1053,7.9,895,82,88,1446,942,17.2,48.6,0.9768,2004,8,27,5,14
4077,1.5,1053,7.9,895,85,89,1446,942,17.2,48.6,0.9768,2004,8,27,5,15
4078,1.6,1053,7.9,895,96,92,1446,942,17.2,48.6,0.9768,2004,8,27,5,16
4079,1.9,1053,7.9,895,104,109,1446,942,17.2,48.6,0.9768,2004,8,27,5,17
4080,2.0,1053,7.9,895,101,107,1446,942,17.2,48.6,0.9768,2004,8,27,5,18
4081,2.3,1053,7.9,895,128,116,1446,942,17.2,48.6,0.9768,2004,8,27,5,19
4082,2.4,1053,7.9,895,147,124,1446,942,17.2,48.6,0.9768,2004,8,27,5,20
4083,1.8,1053,7.9,895,115,112,1446,942,17.2,48.6,0.9768,2004,8,27,5,21
4084,1.7,1053,7.9,895,97,99,1446,942,17.2,48.6,0.9768,2004,8,27,5,22
4085,1.2,1053,7.9,895,74,85,1446,942,17.2,48.6,0.9768,2004,8,27,5,23
4086,0.8,1053,7.9,895,50,69,1446,942,17.2,48.6,0.9768,2004,8,28,6,0
4087,0.7,1053,7.9,895,41,58,1446,942,17.2,48.6,0.9768,2004,8,28,6,1
4088,0.6,1053,7.9,895,36,49,1446,942,17.2,48.6,0.9768,2004,8,28,6,2
4089,0.6,835,3.8,699,141,96,1361,796,19.8,59.3,1.3505,2004,8,28,6,3
4090,0.6,792,2.5,621,40,56,1322,714,20.0,59.3,1.3681,2004,8,28,6,4
4091,0.4,749,1.7,559,25,33,1255,584,22.5,48.6,1.3077,2004,8,28,6,5
4092,0.5,803,3.4,676,38,39,1303,676,19.5,57.0,1.2739,2004,8,28,6,6
4093,0.7,818,4.3,726,38,43,1330,685,19.6,56.1,1.2651,2004,8,28,6,7
4094,1.2,932,7.1,861,75,62,1483,894,20.7,53.3,1.287,2004,8,28,6,8
4095,1.7,977,8.3,913,104,81,1512,977,24.7,41.8,1.2839,2004,8,28,6,9
4096,1.8,1011,9.1,945,134,102,1570,1034,29.9,30.5,1.2616,2004,8,28,6,10
4097,1.5,975,7.7,887,85,86,1478,737,32.3,27.2,1.2933,2004,8,28,6,11
4098,1.2,958,7.2,867,30,37,1468,660,34.3,24.5,1.3021,2004,8,28,6,12
4099,1.1,903,5.8,805,49,64,1361,581,33.4,22.5,1.1398,2004,8,28,6,13
4100,1.5,854,3.5,684,141,96,1294,456,32.7,22.8,1.1069,2004,8,28,6,14
4101,1.5,890,4.7,749,141,96,1332,483,34.5,20.5,1.1028,2004,8,28,6,15
4102,1.5,962,6.7,845,141,96,1379,575,35.9,20.3,1.18,2004,8,28,6,16
4103,1.5,1028,8.9,934,141,96,1481,707,35.8,23.0,1.3323,2004,8,28,6,17
4104,1.5,1031,8.0,901,141,96,1502,628,33.5,29.0,1.4797,2004,8,28,6,18
4105,1.5,1087,9.0,938,141,96,1613,747,29.8,39.6,1.6324,2004,8,28,6,19
4106,1.5,1029,7.1,862,141,96,1539,733,27.9,43.1,1.6004,2004,8,28,6,20
4107,1.5,1070,8.8,932,141,96,1648,847,27.3,44.5,1.5885,2004,8,28,6,21
4108,1.5,1059,8.4,914,141,96,1617,895,26.0,47.6,1.5806,2004,8,28,6,22
4109,1.5,1125,9.3,952,141,96,1690,995,25.3,52.9,1.6765,2004,8,28,6,23
4110,1.5,1062,6.4,829,141,96,1592,846,24.5,56.3,1.7026,2004,8,29,7,0
4111,1.5,1049,6.9,853,141,96,1605,882,23.5,59.8,1.7141,2004,8,29,7,1
4112,1.5,999,7.3,871,141,96,1580,909,22.6,62.6,1.6945,2004,8,29,7,2
4113,1.5,947,5.9,808,141,96,1537,851,21.8,64.6,1.6721,2004,8,29,7,3
4114,1.5,904,4.8,753,141,96,1529,766,21.0,66.9,1.6454,2004,8,29,7,4
4115,1.5,894,3.5,681,141,96,1476,765,21.2,66.4,1.6468,2004,8,29,7,5
4116,1.5,875,3.0,654,141,96,1463,752,21.0,66.5,1.6344,2004,8,29,7,6
4117,1.5,870,2.8,637,141,96,1445,716,21.3,64.1,1.6043,2004,8,29,7,7
4118,1.5,952,4.8,756,141,96,1518,825,22.7,58.1,1.5856,2004,8,29,7,8
4119,1.5,949,3.9,705,141,96,1460,691,25.1,51.8,1.6304,2004,8,29,7,9
4120,1.5,1028,6.9,854,141,96,1561,761,29.5,39.0,1.5868,2004,8,29,7,10
4121,1.5,1003,6.8,849,141,96,1511,710,32.3,31.8,1.5128,2004,8,29,7,11
4122,1.5,934,5.0,763,141,96,1435,567,33.6,28.9,1.4792,2004,8,29,7,12
4123,1.5,872,4.0,710,141,96,1377,493,31.9,28.2,1.3116,2004,8,29,7,13
4124,1.5,852,3.5,684,141,96,1343,477,32.5,25.9,1.2437,2004,8,29,7,14
4125,1.5,881,4.1,715,141,96,1352,502,34.1,23.4,1.2307,2004,8,29,7,15
4126,1.5,942,5.4,783,141,96,1397,568,36.2,21.4,1.2664,2004,8,29,7,16
4127,1.5,1038,8.6,925,141,96,1534,714,35.6,22.6,1.2984,2004,8,29,7,17
4128,1.5,1042,8.8,932,141,96,1530,717,33.6,25.7,1.3101,2004,8,29,7,18
4129,1.5,1181,13.7,1107,141,96,1807,935,29.9,35.2,1.4603,2004,8,29,7,19
4130,1.5,1116,11.8,1044,141,96,1694,954,28.3,39.2,1.4826,2004,8,29,7,20
4131,1.5,1062,8.6,923,141,96,1602,839,27.0,43.0,1.5118,2004,8,29,7,21
4132,1.5,1085,9.2,948,141,96,1635,880,26.2,46.8,1.5669,2004,8,29,7,22
4133,1.5,1161,12.2,1057,141,96,1764,1026,25.1,51.5,1.621,2004,8,29,7,23
4134,1.5,1053,7.8,891,141,96,1589,898,24.1,55.3,1.6363,2004,8,30,1,0
4135,1.5,956,4.5,740,141,96,1474,717,23.8,57.8,1.677,2004,8,30,1,1
4136,1.5,859,2.9,646,141,96,1376,607,23.7,56.2,1.6255,2004,8,30,1,2
4137,1.5,813,1.8,566,141,96,1328,501,24.8,52.2,1.6086,2004,8,30,1,3
4138,1.5,815,1.7,565,141,96,1350,541,22.9,59.4,1.6353,2004,8,30,1,4
4139,1.5,902,3.9,706,141,96,1463,708,22.0,62.3,1.6266,2004,8,30,1,5
4140,1.5,1017,7.6,885,141,96,1609,884,21.5,64.0,1.6256,2004,8,30,1,6
4141,1.5,1336,23.3,1385,141,96,2133,1357,22.6,60.3,1.6287,2004,8,30,1,7
4143,1.5,1271,20.4,1308,141,96,2007,1411,25.7,50.6,1.6475,2004,8,30,1,9
4144,1.5,1169,13.7,1107,141,96,1818,1175,27.8,45.4,1.6751,2004,8,30,1,10
4145,1.5,1143,11.8,1043,141,96,1747,1079,29.9,39.6,1.6397,2004,8,30,1,11
4146,1.5,1084,10.1,980,141,96,1653,923,31.6,34.7,1.589,2004,8,30,1,12
4147,1.5,1051,9.3,950,141,96,1644,748,31.5,34.4,1.5665,2004,8,30,1,13
4148,1.5,1020,7.6,882,141,96,1553,635,31.2,35.0,1.5669,2004,8,30,1,14
4149,1.5,1111,13.1,1088,141,96,1719,884,33.0,31.4,1.5583,2004,8,30,1,15
4150,1.5,1125,12.2,1056,141,96,1716,929,33.8,29.2,1.5143,2004,8,30,1,16
4151,1.5,1099,11.9,1048,141,96,1711,779,33.0,29.5,1.4613,2004,8,30,1,17
4152,1.5,1132,14.1,1121,141,96,1757,906,32.3,30.2,1.4347,2004,8,30,1,18
4153,1.5,1077,11.3,1025,141,96,1677,772,28.4,38.4,1.4616,2004,8,30,1,19
4154,1.5,1076,10.3,988,141,96,1649,883,26.9,43.2,1.5052,2004,8,30,1,20
4155,1.5,1070,10.8,1008,141,96,1649,963,26.0,43.6,1.4407,2004,8,30,1,21
4156,1.5,1052,9.4,956,141,96,1581,987,25.0,47.6,1.4872,2004,8,30,1,22
4157,1.5,988,7.1,862,141,96,1539,893,24.6,50.9,1.5508,2004,8,30,1,23
4158,1.5,926,5.1,769,141,96,1467,801,24.0,55.6,1.6381,2004,8,31,2,0
4159,1.5,925,4.7,749,141,96,1482,739,23.5,58.3,1.6672,2004,8,31,2,1
4160,1.5,869,2.9,648,141,96,1401,644,22.7,60.8,1.6519,2004,8,31,2,2
4161,1.5,832,2.1,593,141,96,1347,558,24.1,55.5,1.6481,2004,8,31,2,3
4162,1.5,854,2.9,645,141,96,1399,602,22.5,60.9,1.6424,2004,8,31,2,4
4163,1.5,913,4.3,726,141,96,1487,737,22.0,64.5,1.6847,2004,8,31,2,5
4164,1.5,976,6.6,840,141,96,1555,885,22.3,62.9,1.6754,2004,8,31,2,6
4165,1.5,1309,21.0,1323,141,96,2098,1360,23.1,60.0,1.6711,2004,8,31,2,7
4167,1.5,1209,16.1,1182,141,96,1911,1255,27.7,46.1,1.6852,2004,8,31,2,9
4168,1.5,1180,15.3,1157,141,96,1874,1202,29.8,38.8,1.6029,2004,8,31,2,10
4169,1.5,1204,16.5,1196,141,96,1884,1250,31.5,32.6,1.478,2004,8,31,2,11
4170,1.5,1143,14.1,1119,141,96,1770,1103,31.8,30.5,1.4083,2004,8,31,2,12
4171,1.5,1120,12.2,1058,141,96,1716,1049,31.4,31.8,1.441,2004,8,31,2,13
4172,2.9,1030,8.9,935,141,96,1583,791,32.5,28.7,1.3796,2004,8,31,2,14
4173,1.9,1058,11.0,1016,209,101,1625,832,33.8,25.8,1.3338,2004,8,31,2,15
4174,1.4,1040,7.6,882,132,71,1560,635,34.5,28.6,1.5393,2004,8,31,2,16
4175,2.0,1093,10.1,981,166,82,1676,733,32.7,33.0,1.5987,2004,8,31,2,17
4176,2.7,1184,14.1,1119,243,104,1806,912,31.4,35.4,1.5972,2004,8,31,2,18
4177,2.8,1180,14.1,1121,247,105,1816,947,27.7,43.5,1.592,2004,8,31,2,19
4178,2.0,1079,10.3,988,165,87,1694,899,26.2,47.8,1.5979,2004,8,31,2,20
4179,2.1,1095,11.5,1032,187,98,1730,984,25.7,48.7,1.5825,2004,8,31,2,21
4180,2.0,1073,10.9,1009,206,105,1655,955,25.2,50.1,1.58,2004,8,31,2,22
4181,1.8,1063,10.4,991,200,104,1672,966,24.4,53.4,1.6031,2004,8,31,2,23
4182,1.9,1046,9.5,960,189,96,1637,899,23.7,55.4,1.6031,2004,9,1,3,0
4183,1.3,953,7.0,858,136,79,1544,780,22.8,58.5,1.5992,2004,9,1,3,1
4184,0.7,864,3.3,673,83,61,1412,636,22.8,58.5,1.5985,2004,9,1,3,2
4185,0.5,829,2.6,628,141,96,1378,577,22.3,59.7,1.5889,2004,9,1,3,3
4186,0.5,838,2.8,639,72,48,1391,596,20.8,64.9,1.571,2004,9,1,3,4
4187,0.6,913,4.3,728,121,63,1418,887,19.7,66.8,1.5184,2004,9,1,3,5
4188,1.3,1039,8.5,921,268,92,1556,1115,19.8,64.3,1.4678,2004,9,1,3,6
4189,3.6,1252,20.9,1320,451,99,2001,1374,20.6,62.3,1.4915,2004,9,1,3,7
4191,3.9,1217,18.7,1261,487,142,1941,1375,26.3,43.1,1.4542,2004,9,1,3,9
4192,2.2,1114,12.8,1077,319,121,1705,1199,29.1,35.4,1.4008,2004,9,1,3,10
4193,1.9,1026,11.2,1020,269,122,1603,992,30.0,31.6,1.3176,2004,9,1,3,11
4194,2.2,1051,13.3,1094,224,108,1675,966,32.4,26.3,1.2594,2004,9,1,3,12
4195,2.0,1027,11.3,1024,162,80,1588,814,31.3,29.1,1.3054,2004,9,1,3,13
4196,1.7,996,10.4,992,189,93,1580,727,31.1,28.6,1.2718,2004,9,1,3,14
4197,2.0,1028,12.3,1060,213,108,1601,806,33.3,24.4,1.232,2004,9,1,3,15
4198,2.1,1030,12.3,1060,245,118,1588,852,35.5,21.2,1.2022,2004,9,1,3,16
4199,3.2,1133,19.4,1280,341,149,1791,1093,34.6,22.0,1.189,2004,9,1,3,17
4200,4.0,1180,21.5,1339,382,171,1868,1211,33.3,23.6,1.1842,2004,9,1,3,18
4201,4.4,1261,25.7,1446,358,154,2061,1346,30.0,28.5,1.1896,2004,9,1,3,19
4202,3.0,1093,14.5,1133,288,122,1708,1200,28.0,33.0,1.2264,2004,9,1,3,20
4203,2.2,1068,11.4,1029,252,126,1612,1192,27.2,37.4,1.3279,2004,9,1,3,21
4204,1.7,1031,9.5,958,201,121,1560,1074,26.6,39.9,1.3657,2004,9,1,3,22
4205,1.9,1055,11.6,1037,225,125,1632,1161,25.3,41.7,1.3247,2004,9,1,3,23
4206,2.0,1060,11.4,1029,242,126,1663,1210,24.3,44.7,1.3432,2004,9,2,4,0
4207,1.5,962,7.5,880,167,96,1484,1050,24.4,45.6,1.3779,2004,9,2,4,1
4208,0.8,874,5.3,776,99,73,1416,873,23.1,49.9,1.3891,2004,9,2,4,2
4209,0.6,832,3.1,661,141,96,1312,766,22.7,51.3,1.3977,2004,9,2,4,3
4210,0.6,834,4.0,709,87,65,1348,835,21.8,54.1,1.4004,2004,9,2,4,4
4211,0.7,865,4.6,745,164,90,1394,901,21.0,56.9,1.3999,2004,9,2,4,5
4212,0.8,903,5.8,803,87,58,1471,853,21.8,55.5,1.4323,2004,9,2,4,6
4213,2.9,1236,20.0,1297,93,27,1997,1321,21.6,57.2,1.4607,2004,9,2,4,7
4215,3.3,1258,18.7,1261,406,96,1940,1603,26.2,45.0,1.5098,2004,9,2,4,9
4216,1.5,1203,15.8,1174,141,96,1824,1426,30.8,34.8,1.5165,2004,9,2,4,10
4217,1.5,1156,14.3,1127,141,96,1767,1295,34.1,28.8,1.5105,2004,9,2,4,11
4218,1.5,1106,14.4,1130,141,96,1726,1093,35.9,24.7,1.437,2004,9,2,4,12
4219,1.5,1008,11.6,1037,141,96,1587,803,33.7,25.1,1.2915,2004,9,2,4,13
4220,1.5,1011,11.1,1017,141,96,1569,738,34.4,24.0,1.279,2004,9,2,4,14
4221,1.5,1049,13.5,1100,141,96,1635,870,36.4,20.3,1.214,2004,9,2,4,15
4222,1.5,1053,13.7,1108,141,96,1570,873,38.7,17.3,1.1729,2004,9,2,4,16
4223,1.5,1088,15.3,1159,141,96,1626,889,37.2,18.9,1.1774,2004,9,2,4,17
4224,1.5,1248,26.0,1454,141,96,1917,1599,36.1,20.0,1.1767,2004,9,2,4,18
4225,1.5,1374,28.6,1517,141,96,2069,1704,32.8,29.4,1.4344,2004,9,2,4,19
4226,1.5,1213,17.0,1210,141,96,1809,1424,30.0,35.9,1.4958,2004,9,2,4,20
4227,1.5,1108,12.0,1051,141,96,1616,1199,28.7,38.2,1.4794,2004,9,2,4,21
4228,1.5,1071,10.1,982,141,96,1557,1099,28.1,40.4,1.512,2004,9,2,4,22
4229,1.5,1044,9.7,967,141,96,1540,1133,27.4,41.4,1.4877,2004,9,2,4,23
4230,1.5,1045,9.6,964,141,96,1554,1140,26.4,44.0,1.4919,2004,9,3,5,0
4231,1.5,1004,8.5,921,141,96,1495,1092,24.9,47.9,1.4855,2004,9,3,5,1
4232,1.5,944,5.7,796,141,96,1407,1021,24.0,50.3,1.476,2004,9,3,5,2
4233,1.5,868,3.1,657,141,96,1356,764,25.2,47.9,1.5129,2004,9,3,5,3
4234,1.5,850,2.7,632,141,96,1316,803,24.2,50.6,1.5011,2004,9,3,5,4
4235,1.5,873,3.3,668,141,96,1354,744,23.1,55.0,1.5357,2004,9,3,5,5
4236,1.5,905,5.1,766,141,96,1438,818,22.9,56.2,1.5522,2004,9,3,5,6
4237,1.5,1249,18.0,1239,141,96,1953,1285,22.0,59.3,1.5523,2004,9,3,5,7
4239,1.5,1300,20.0,1296,141,96,1989,1639,26.7,45.7,1.5747,2004,9,3,5,9
4240,1.5,1311,18.9,1267,141,96,1941,1662,31.4,34.5,1.5599,2004,9,3,5,10
4241,1.5,1232,17.0,1210,141,96,1832,1478,34.5,28.5,1.5324,2004,9,3,5,11
4242,1.5,1113,13.4,1096,141,96,1636,1050,36.4,23.6,1.4064,2004,9,3,5,12
4243,1.5,1048,11.2,1021,141,96,1570,846,35.1,23.2,1.2884,2004,9,3,5,13
4244,1.5,1054,11.6,1036,141,96,1585,830,35.7,22.2,1.2765,2004,9,3,5,14
4245,1.5,1104,13.5,1102,141,96,1609,1480,37.6,19.6,1.2534,2004,9,3,5,15
4246,1.5,1130,13.9,1113,141,96,1623,1127,38.8,17.6,1.1979,2004,9,3,5,16
4247,4.6,1229,21.9,1348,141,96,1830,1445,39.3,16.0,1.1138,2004,9,3,5,17
4248,4.3,1347,23.2,1382,141,96,1961,1543,37.0,23.6,1.4639,2004,9,3,5,18
4249,4.9,1424,24.5,1417,141,96,2092,1674,33.2,30.1,1.5095,2004,9,3,5,19
4250,4.0,1305,16.3,1188,141,96,1843,1524,31.0,33.1,1.462,2004,9,3,5,20
4251,2.6,1180,13.1,1088,141,96,1662,1339,29.5,33.4,1.3562,2004,9,3,5,21
4252,1.3,1029,8.1,904,141,96,1460,992,29.1,36.7,1.4502,2004,9,3,5,22
4253,1.5,1080,8.1,902,141,96,1516,1048,27.8,40.7,1.5002,2004,9,3,5,23
4254,2.2,1197,11.4,1029,141,96,1628,1362,26.0,45.3,1.4999,2004,9,4,6,0
4255,1.2,1006,6.7,845,141,96,1430,978,25.8,45.4,1.487,2004,9,4,6,1
4256,0.9,987,6.2,820,141,96,1400,935,25.4,45.9,1.4684,2004,9,4,6,2
4257,0.8,958,4.5,735,141,96,1409,906,25.2,46.4,1.464,2004,9,4,6,3
4258,0.8,962,4.7,747,141,96,1431,913,23.0,52.7,1.4568,2004,9,4,6,4
4259,0.8,958,4.6,744,141,96,1419,903,22.1,54.5,1.4337,2004,9,4,6,5
4260,1.0,976,5.3,780,141,96,1467,898,22.5,53.6,1.4422,2004,9,4,6,6
4261,1.7,1088,9.1,945,141,96,1613,1165,22.0,55.4,1.4436,2004,9,4,6,7
4262,1.9,1159,11.0,1016,141,96,1681,1260,23.4,51.6,1.4639,2004,9,4,6,8
4263,2.0,1156,10.3,988,141,96,1634,1250,26.7,43.0,1.4808,2004,9,4,6,9
4264,2.2,1202,11.2,1021,141,96,1644,1226,31.3,32.9,1.4771,2004,9,4,6,10
4265,2.3,1226,12.9,1080,141,96,1697,1188,34.8,27.1,1.4837,2004,9,4,6,11
4266,2.3,1181,13.2,1091,141,96,1637,1072,38.3,21.5,1.4263,2004,9,4,6,12
4267,1.8,1062,9.8,969,141,96,1459,782,37.1,21.2,1.3107,2004,9,4,6,13
4268,1.4,1013,7.9,897,141,96,1351,594,37.3,20.3,1.2771,2004,9,4,6,14
4269,1.6,1029,8.3,913,141,96,1373,607,38.3,19.3,1.2736,2004,9,4,6,15
4270,2.3,1144,11.9,1046,141,96,1564,879,40.7,17.0,1.2793,2004,9,4,6,16
4271,2.4,1159,12.3,1059,141,96,1580,945,39.5,18.5,1.3076,2004,9,4,6,17
4272,2.1,1113,10.0,978,141,96,1538,946,36.6,22.6,1.3664,2004,9,4,6,18
4273,1.8,1100,9.1,944,141,96,1524,882,32.8,28.2,1.3842,2004,9,4,6,19
4274,1.7,1037,7.8,890,141,96,1408,735,30.7,30.7,1.3338,2004,9,4,6,20
4275,1.9,1055,10.3,988,141,96,1490,874,30.1,28.7,1.2052,2004,9,4,6,21
4276,1.6,980,8.0,901,141,96,1369,731,29.7,25.4,1.044,2004,9,4,6,22
4277,2.6,1083,13.3,1094,141,96,1537,926,29.6,24.3,0.9889,2004,9,4,6,23
4278,5.8,1399,30.3,1558,141,96,2052,1652,28.0,29.1,1.0846,2004,9,5,7,0
4279,3.0,1194,18.5,1255,141,96,1694,1452,27.2,33.3,1.1788,2004,9,5,7,1
4280,1.5,970,7.3,870,141,96,1376,943,27.5,30.9,1.1155,2004,9,5,7,2
4281,0.9,898,4.2,721,141,96,1264,594,27.1,33.3,1.1762,2004,9,5,7,3
4282,1.1,929,5.1,769,141,96,1335,607,26.4,35.1,1.1919,2004,9,5,7,4
4283,0.9,913,4.4,734,141,96,1338,646,25.6,37.6,1.2131,2004,9,5,7,5
4284,0.7,854,2.2,600,141,96,1252,542,25.4,38.6,1.2352,2004,9,5,7,6
4285,0.6,881,2.9,647,141,96,1250,550,25.5,38.2,1.2296,2004,9,5,7,7
4286,0.7,867,2.5,618,141,96,1231,488,27.0,34.3,1.2089,2004,9,5,7,8
4287,0.8,885,2.8,638,141,96,1248,484,29.9,29.6,1.2296,2004,9,5,7,9
4288,0.9,899,3.0,654,141,96,1254,481,31.9,26.8,1.2477,2004,9,5,7,10
4289,1.0,886,2.7,633,141,96,1214,453,33.0,23.5,1.1583,2004,9,5,7,11
4290,0.9,864,3.0,651,141,96,1193,443,34.5,19.3,1.0369,2004,9,5,7,12
4291,0.7,822,2.4,611,141,96,1138,403,33.2,19.0,0.9533,2004,9,5,7,13
4292,0.6,810,2.2,597,141,96,1106,361,32.2,20.5,0.9699,2004,9,5,7,14
4293,0.6,784,1.9,576,141,96,1060,342,32.6,17.5,0.8467,2004,9,5,7,15
4294,0.8,823,2.7,633,141,96,1103,366,33.0,17.5,0.8683,2004,9,5,7,16
4295,0.9,863,3.4,678,141,96,1139,434,32.9,17.5,0.8622,2004,9,5,7,17
4296,1.1,880,4.3,728,141,96,1167,514,31.6,18.0,0.8243,2004,9,5,7,18
4297,1.7,951,7.0,859,141,96,1267,718,29.3,20.4,0.8162,2004,9,5,7,19
4298,1.5,942,5.5,786,141,96,1245,705,27.8,24.4,0.9002,2004,9,5,7,20
4299,1.6,988,7.0,859,141,96,1341,799,27.1,26.9,0.9524,2004,9,5,7,21
4300,1.7,1008,6.7,845,141,96,1349,856,26.3,29.5,0.9959,2004,9,5,7,22
4301,1.3,965,5.1,769,141,96,1315,667,25.9,32.9,1.0826,2004,9,5,7,23
4302,1.3,957,4.1,717,141,96,1322,579,25.3,36.9,1.1764,2004,9,6,1,0
4303,1.0,921,3.2,666,141,96,1288,480,24.8,40.1,1.2378,2004,9,6,1,1
4304,0.6,854,1.7,562,141,96,1224,400,24.3,42.9,1.2906,2004,9,6,1,2
4305,0.5,826,1.0,504,141,96,1204,385,24.0,45.5,1.3404,2004,9,6,1,3
4306,1.5,828,1.0,501,141,96,1189,385,23.9,47.4,1.3881,2004,9,6,1,4
4307,0.4,892,1.9,580,141,96,1271,516,23.5,49.1,1.3991,2004,9,6,1,5
4308,0.7,954,3.1,660,141,96,1342,728,23.7,49.2,1.4195,2004,9,6,1,6
4309,1.8,1120,7.8,890,141,96,1546,1035,23.6,49.6,1.4247,2004,9,6,1,7
4310,1.9,1096,8.5,921,141,96,1534,988,24.3,45.4,1.365,2004,9,6,1,8
4311,1.7,1058,8.0,898,141,96,1470,977,26.3,38.3,1.2932,2004,9,6,1,9
4312,1.3,977,5.7,800,141,96,1372,778,27.6,34.2,1.2464,2004,9,6,1,10
4313,1.4,977,6.6,840,141,96,1390,736,29.2,29.1,1.1586,2004,9,6,1,11
4314,1.3,943,5.3,777,141,96,1333,632,29.2,28.6,1.1423,2004,9,6,1,12
4315,1.4,964,6.0,814,141,96,1369,689,29.4,28.3,1.1434,2004,9,6,1,13
4316,1.2,953,5.4,781,141,96,1356,641,29.8,28.0,1.1558,2004,9,6,1,14
4317,1.3,967,6.1,814,141,96,1385,703,30.1,26.7,1.1217,2004,9,6,1,15
4318,1.5,996,6.7,843,141,96,1394,765,30.1,27.2,1.1406,2004,9,6,1,16
4319,2.3,1091,11.7,1039,141,96,1586,923,29.6,27.5,1.1229,2004,9,6,1,17
4320,2.6,1114,13.5,1101,141,96,1632,1057,29.6,27.7,1.1278,2004,9,6,1,18
4321,2.9,1133,13.5,1101,141,96,1669,1105,28.0,30.1,1.1226,2004,9,6,1,19
4322,1.8,1031,8.5,921,141,96,1490,897,26.8,33.8,1.1723,2004,9,6,1,20
4323,1.3,952,5.5,787,141,96,1342,723,25.7,35.8,1.16,2004,9,6,1,21
4324,1.3,949,5.8,804,141,96,1365,740,25.4,35.2,1.1255,2004,9,6,1,22
4325,1.2,932,4.8,752,141,96,1310,687,25.0,37.3,1.1614,2004,9,6,1,23
4326,1.2,966,5.2,774,141,96,1352,644,24.6,40.5,1.2362,2004,9,7,2,0
4327,0.8,888,3.0,653,141,96,1272,497,24.2,43.8,1.3057,2004,9,7,2,1
4328,0.6,847,2.7,634,141,96,1258,525,24.0,43.7,1.2876,2004,9,7,2,2
4329,0.6,856,3.6,687,141,96,1260,726,21.9,48.3,1.2522,2004,9,7,2,3
4330,0.6,881,4.4,735,141,96,1308,783,22.4,47.2,1.2593,2004,9,7,2,4
4331,0.7,882,4.0,711,141,96,1310,741,22.9,46.5,1.2861,2004,9,7,2,5
4332,1.3,1016,7.7,888,169,64,1485,1040,23.1,47.0,1.3122,2004,9,7,2,6
4333,2.5,1228,13.9,1113,231,72,1719,1324,23.7,46.2,1.3376,2004,9,7,2,7
4334,3.4,1311,22.0,1350,232,73,1957,1486,25.8,41.9,1.3688,2004,9,7,2,8
4335,2.1,1081,10.2,983,145,64,1546,1079,27.3,38.3,1.3669,2004,9,7,2,9
4336,2.2,1104,10.4,993,170,74,1539,1081,31.0,29.1,1.2885,2004,9,7,2,10
4337,1.7,991,8.0,898,214,89,1412,806,31.6,25.5,1.1638,2004,9,7,2,11
4338,2.1,1008,10.1,980,141,96,1465,825,32.5,21.2,1.0173,2004,9,7,2,12
4339,2.2,986,10.7,1005,141,96,1439,907,31.7,20.5,0.9428,2004,9,7,2,13
4340,1.4,948,7.9,893,141,96,1374,768,31.5,21.5,0.9768,2004,9,7,2,14
4341,1.4,919,7.1,862,141,96,1293,697,31.6,20.8,0.9562,2004,9,7,2,15
4342,1.6,958,9.0,940,141,96,1380,728,32.4,19.4,0.9279,2004,9,7,2,16
4343,2.3,1037,11.2,1021,141,96,1451,786,31.7,20.3,0.9336,2004,9,7,2,17
4344,3.3,1120,16.0,1181,141,96,1604,1028,31.1,21.0,0.9337,2004,9,7,2,18
4345,4.1,1205,19.9,1294,141,96,1744,1317,28.9,25.4,0.9933,2004,9,7,2,19
4346,3.3,1172,15.3,1159,141,96,1653,1290,27.4,30.8,1.1112,2004,9,7,2,20
4347,2.2,1088,11.1,1019,141,96,1554,1165,26.3,34.1,1.1453,2004,9,7,2,21
4348,1.5,1055,10.0,979,141,96,1517,1086,25.4,35.2,1.1288,2004,9,7,2,22
4349,1.5,1053,7.9,895,141,96,1446,942,17.2,48.6,0.9768,2004,9,7,2,23
4350,1.5,1053,7.9,895,141,96,1446,942,17.2,48.6,0.9768,2004,9,8,3,0
4351,1.5,1053,7.9,895,141,96,1446,942,17.2,48.6,0.9768,2004,9,8,3,1
4352,1.5,1053,7.9,895,141,96,1446,942,17.2,48.6,0.9768,2004,9,8,3,2
4353,1.5,1053,7.9,895,141,96,1446,942,17.2,48.6,0.9768,2004,9,8,3,3
4354,1.5,1053,7.9,895,141,96,1446,942,17.2,48.6,0.9768,2004,9,8,3,4
4355,1.5,1053,7.9,895,141,96,1446,942,17.2,48.6,0.9768,2004,9,8,3,5
4356,1.5,1053,7.9,895,141,96,1446,942,17.2,48.6,0.9768,2004,9,8,3,6
4357,1.5,1053,7.9,895,141,96,1446,942,17.2,48.6,0.9768,2004,9,8,3,7
4358,1.5,1053,7.9,895,141,96,1446,942,17.2,48.6,0.9768,2004,9,8,3,8
4359,1.5,1297,34.5,1654,141,96,1366,1611,22.7,33.0,0.8987,2004,9,8,3,9
4360,1.5,1053,7.9,895,141,96,1446,942,17.2,48.6,0.9768,2004,9,8,3,10
4361,1.5,1053,7.9,895,141,96,1446,942,17.2,48.6,0.9768,2004,9,8,3,11
4362,1.5,1053,7.9,895,141,96,1446,942,17.2,48.6,0.9768,2004,9,8,3,12
4363,1.5,1053,7.9,895,141,96,1446,942,17.2,48.6,0.9768,2004,9,8,3,13
4364,1.5,1053,7.9,895,141,96,1446,942,17.2,48.6,0.9768,2004,9,8,3,14
4365,1.5,1053,7.9,895,141,96,1446,942,17.2,48.6,0.9768,2004,9,8,3,15
4366,1.5,1053,7.9,895,141,96,1446,942,17.2,48.6,0.9768,2004,9,8,3,16
4367,3.4,1053,7.9,895,141,96,1446,942,17.2,48.6,0.9768,2004,9,8,3,17
4368,4.0,1325,18.9,1266,477,188,1441,1543,32.4,19.8,0.9484,2004,9,8,3,18
4369,4.7,1383,24.1,1406,502,176,1582,1678,29.9,22.3,0.9235,2004,9,8,3,19
4370,3.8,1254,18.1,1241,420,163,1463,1431,28.2,24.8,0.936,2004,9,8,3,20
4371,2.8,1221,15.8,1174,344,155,1481,1413,26.8,28.9,1.0019,2004,9,8,3,21
4372,2.6,1226,14.6,1138,307,146,1481,1419,25.1,32.3,1.0131,2004,9,8,3,22
4373,2.0,1100,10.6,999,251,131,1361,1145,25.4,30.5,0.9722,2004,9,8,3,23
4374,1.4,999,7.5,879,180,119,1261,960,24.9,28.3,0.8775,2004,9,9,4,0
4375,1.2,980,7.4,873,141,98,1258,949,23.2,30.5,0.8558,2004,9,9,4,1
4376,0.6,859,3.8,698,105,89,1157,819,22.3,33.6,0.8959,2004,9,9,4,2
4377,0.3,814,2.3,606,141,96,1131,745,23.0,33.0,0.9184,2004,9,9,4,3
4378,0.2,806,2.3,605,74,68,1132,725,21.4,35.7,0.8982,2004,9,9,4,4
4379,0.4,813,2.7,631,91,65,1108,710,21.7,33.4,0.8545,2004,9,9,4,5
4380,0.6,889,4.9,760,143,81,1213,806,20.3,35.5,0.8342,2004,9,9,4,6
4381,3.0,1200,18.2,1246,553,136,1574,1416,19.7,37.5,0.8501,2004,9,9,4,7
4382,3.2,1289,21.4,1335,542,130,1681,1521,21.0,35.6,0.8736,2004,9,9,4,8
4383,3.5,1355,21.3,1333,590,157,1691,1605,25.0,28.9,0.9025,2004,9,9,4,9
4384,3.1,1277,19.9,1292,590,171,1626,1481,31.0,21.9,0.9708,2004,9,9,4,10
4385,2.2,1156,14.8,1142,387,143,1490,1188,34.9,18.5,1.0189,2004,9,9,4,11
4386,1.7,1054,12.6,1071,252,116,1380,940,37.1,15.0,0.9297,2004,9,9,4,12
4387,2.0,1096,13.0,1083,310,129,1430,986,35.0,17.3,0.9542,2004,9,9,4,13
4388,2.5,1160,16.2,1185,396,168,1522,1162,35.1,17.5,0.9733,2004,9,9,4,14
4389,2.4,1148,15.0,1149,329,152,1473,1047,35.4,16.6,0.9385,2004,9,9,4,15
4390,2.9,1166,16.2,1186,393,175,1500,1180,38.4,13.8,0.9221,2004,9,9,4,16
4393,4.3,1329,22.3,1360,435,175,1768,1894,31.2,25.5,1.1379,2004,9,9,4,19
4394,3.6,1299,16.6,1197,407,165,1688,1606,29.3,30.7,1.229,2004,9,9,4,20
4395,2.0,1123,11.0,1015,255,136,1470,1297,28.3,30.1,1.1392,2004,9,9,4,21
4396,1.5,1089,11.3,1024,180,111,1452,1182,27.4,31.5,1.133,2004,9,9,4,22
4397,1.5,1081,9.3,950,186,114,1434,1138,26.2,35.7,1.1929,2004,9,9,4,23
4398,1.2,1031,7.3,871,147,96,1393,972,25.2,38.1,1.2049,2004,9,10,5,0
4399,1.0,969,5.5,787,101,75,1350,799,24.4,39.1,1.1784,2004,9,10,5,1
4400,0.5,881,3.5,680,69,58,1251,630,23.7,39.1,1.1289,2004,9,10,5,2
4401,0.5,869,2.8,638,141,96,1213,586,24.2,38.5,1.1491,2004,9,10,5,3
4402,0.4,866,2.9,644,49,41,1218,629,24.5,38.5,1.1688,2004,9,10,5,4
4403,0.5,895,3.6,689,91,55,1250,709,22.4,43.5,1.1624,2004,9,10,5,5
4404,0.7,933,5.5,786,144,73,1306,858,22.3,43.8,1.1631,2004,9,10,5,6
4405,2.4,1209,15.5,1163,430,108,1606,1300,21.4,45.8,1.1515,2004,9,10,5,7
4406,4.1,1417,28.3,1511,606,147,1975,1676,22.9,41.3,1.1383,2004,9,10,5,8
4407,3.0,1227,17.8,1233,519,150,1594,1384,26.6,30.3,1.0378,2004,9,10,5,9
4408,2.0,1093,12.8,1076,353,131,1457,1125,30.3,23.0,0.977,2004,9,10,5,10
4409,2.5,1135,15.7,1170,429,144,1523,1189,32.8,18.9,0.9234,2004,9,10,5,11
4410,2.4,1112,15.4,1161,345,151,1499,1088,34.3,17.7,0.9416,2004,9,10,5,12
4411,2.6,1147,15.6,1168,417,165,1492,1118,33.3,18.9,0.9536,2004,9,10,5,13
4412,1.9,1086,12.6,1070,276,135,1423,924,33.0,20.1,0.9959,2004,9,10,5,14
4413,2.1,1077,12.2,1056,280,143,1406,935,33.6,19.6,1.0029,2004,9,10,5,15
4414,2.5,1110,13.4,1098,365,153,1450,1009,34.9,18.4,1.0106,2004,9,10,5,16
4415,2.7,1146,14.3,1125,363,149,1511,1016,33.4,20.3,1.027,2004,9,10,5,17
4416,3.3,1211,16.5,1194,393,164,1599,1188,31.6,22.7,1.041,2004,9,10,5,18
4417,3.2,1218,17.4,1221,385,180,1599,1290,29.2,26.9,1.0709,2004,9,10,5,19
4418,2.6,1136,12.9,1082,307,159,1478,1130,27.7,30.1,1.0991,2004,9,10,5,20
4419,1.4,1017,8.2,908,194,119,1354,880,27.1,31.0,1.0991,2004,9,10,5,21
4420,1.6,1063,9.2,946,205,127,1391,996,26.0,33.4,1.1071,2004,9,10,5,22
4421,1.7,1083,9.3,951,223,131,1393,1054,25.1,35.7,1.1222,2004,9,10,5,23
4422,1.6,1077,10.4,994,176,101,1429,1081,24.3,38.5,1.1525,2004,9,11,6,0
4423,1.5,968,6.2,823,141,96,1343,828,23.4,40.7,1.1551,2004,9,11,6,1
4424,1.5,898,4.2,720,141,96,1259,661,23.2,41.2,1.1561,2004,9,11,6,2
4425,1.5,859,3.1,656,141,96,1213,582,23.6,40.5,1.1667,2004,9,11,6,3
4426,1.5,849,2.3,607,141,96,1190,544,23.5,40.9,1.1677,2004,9,11,6,4
4427,1.5,886,3.1,658,141,96,1234,647,20.5,48.4,1.1557,2004,9,11,6,5
4428,1.5,932,4.0,708,141,96,1285,720,20.7,48.4,1.1663,2004,9,11,6,6
4429,1.5,1144,10.8,1006,141,96,1535,1207,19.9,50.8,1.1694,2004,9,11,6,7
4430,1.5,1222,13.0,1083,141,96,1624,1273,21.3,47.2,1.1825,2004,9,11,6,8
4431,1.5,1202,10.3,989,141,96,1506,1303,24.0,40.8,1.1993,2004,9,11,6,9
4432,1.5,1323,16.3,1190,141,96,1702,1479,28.7,30.3,1.1769,2004,9,11,6,10
4433,1.5,1219,12.7,1074,141,96,1532,1191,31.9,24.7,1.1477,2004,9,11,6,11
4434,1.5,1121,9.7,965,141,96,1386,932,33.8,21.9,1.1331,2004,9,11,6,12
4435,1.5,1096,9.1,942,141,96,1366,826,32.7,22.7,1.1044,2004,9,11,6,13
4436,1.5,1019,7.0,858,141,96,1270,631,33.0,21.3,1.0512,2004,9,11,6,14
4437,1.5,1045,7.0,857,141,96,1308,598,33.9,21.2,1.0989,2004,9,11,6,15
4438,1.5,1147,9.5,959,141,96,1387,796,35.9,20.3,1.1845,2004,9,11,6,16
4439,1.5,1145,9.8,971,141,96,1418,759,34.2,22.6,1.197,2004,9,11,6,17
4440,1.5,1202,11.7,1040,141,96,1506,886,32.0,27.3,1.2752,2004,9,11,6,18
4441,1.5,1283,13.9,1112,141,96,1583,1071,29.3,32.6,1.3105,2004,9,11,6,19
4442,1.5,1148,8.7,929,141,96,1443,826,27.2,38.0,1.347,2004,9,11,6,20
4443,1.5,1229,10.9,1012,141,96,1562,1103,26.1,41.1,1.3705,2004,9,11,6,21
4444,1.5,1287,12.3,1060,141,96,1595,1221,25.3,44.6,1.4161,2004,9,11,6,22
4445,1.5,1285,12.4,1062,141,96,1583,1449,24.6,47.2,1.4424,2004,9,11,6,23
4446,1.5,1251,12.1,1055,141,96,1602,1364,24.1,48.8,1.4412,2004,9,12,7,0
4447,1.5,1120,8.0,900,141,96,1462,1111,23.6,50.4,1.447,2004,9,12,7,1
4448,1.5,1108,8.4,917,141,96,1495,1129,22.0,55.8,1.4585,2004,9,12,7,2
4449,1.5,961,4.9,759,141,96,1375,799,22.4,53.6,1.4379,2004,9,12,7,3
4450,1.5,950,4.2,719,141,96,1372,771,21.6,55.8,1.4228,2004,9,12,7,4
4451,1.5,901,2.3,608,141,96,1299,646,21.8,55.2,1.4184,2004,9,12,7,5
4452,1.5,903,2.5,619,141,96,1315,705,21.7,55.4,1.4192,2004,9,12,7,6
4453,1.5,1024,4.9,757,141,96,1423,908,20.6,59.8,1.435,2004,9,12,7,7
4454,1.5,1093,6.6,837,141,96,1480,1047,22.1,55.3,1.4495,2004,9,12,7,8
4455,1.5,1097,6.5,833,141,96,1470,1015,24.8,48.2,1.4883,2004,9,12,7,9
4456,1.5,1126,6.4,830,141,96,1528,938,27.9,43.4,1.6017,2004,9,12,7,10
4457,1.5,1139,5.6,794,141,96,1456,849,30.1,38.5,1.6212,2004,9,12,7,11
4458,1.5,1178,6.4,832,141,96,1542,844,28.2,48.6,1.8253,2004,9,12,7,12
4459,1.5,1243,7.6,883,141,96,1660,1036,24.8,70.4,2.1766,2004,9,12,7,13
4460,1.5,1017,3.5,680,141,96,1421,729,27.8,49.4,1.8209,2004,9,12,7,14
4461,1.5,1048,3.3,672,141,96,1438,556,25.4,59.9,1.9168,2004,9,12,7,15
4462,1.5,1254,6.6,840,141,96,1602,846,26.1,66.8,2.231,2004,9,12,7,16
4463,1.5,1287,8.3,911,141,96,1664,942,28.0,53.2,1.981,2004,9,12,7,17
4464,1.5,1215,8.0,900,141,96,1604,902,27.4,51.4,1.8404,2004,9,12,7,18
4465,1.5,1363,12.6,1071,141,96,1763,1178,25.7,55.8,1.8149,2004,9,12,7,19
4466,1.5,1436,17.5,1224,141,96,1886,1426,24.6,60.3,1.8363,2004,9,12,7,20
4467,1.5,1365,14.8,1143,141,96,1796,1394,24.2,61.6,1.8381,2004,9,12,7,21
4469,1.5,1227,12.2,1055,141,96,1772,1360,23.0,64.8,1.802,2004,9,12,7,23
4470,1.5,1038,7.2,866,141,96,1570,1061,23.0,63.3,1.7589,2004,9,13,1,0
4471,1.5,934,4.6,744,141,96,1473,870,22.8,63.3,1.7355,2004,9,13,1,1
4472,1.5,900,3.8,699,141,96,1452,799,21.0,68.6,1.6873,2004,9,13,1,2
4473,1.5,870,3.7,692,141,96,1443,779,20.4,70.7,1.6734,2004,9,13,1,3
4474,1.5,875,4.0,713,141,96,1436,809,19.4,73.4,1.6417,2004,9,13,1,4
4475,1.5,940,5.5,789,141,96,1473,914,19.5,72.0,1.6118,2004,9,13,1,5
4476,1.5,1053,8.3,913,141,96,1578,1033,19.7,70.3,1.5925,2004,9,13,1,6
4479,1.5,1313,17.7,1231,141,96,1889,1455,23.0,60.2,1.6652,2004,9,13,1,9
4480,3.1,1372,18.4,1251,475,138,1890,1588,25.4,53.0,1.6963,2004,9,13,1,10
4481,2.9,1320,16.3,1190,395,138,1825,1482,30.0,41.6,1.7324,2004,9,13,1,11
4482,3.0,1346,18.2,1246,353,138,1907,1458,32.6,34.8,1.6872,2004,9,13,1,12
4483,3.0,1307,17.9,1236,397,137,1869,1356,32.2,34.2,1.6145,2004,9,13,1,13
4484,2.2,1157,12.6,1069,274,120,1653,1100,32.1,33.5,1.569,2004,9,13,1,14
4486,2.3,1172,14.9,1145,275,128,1676,1049,35.2,25.2,1.4111,2004,9,13,1,16
4487,3.1,1241,18.5,1254,360,145,1735,1149,34.3,24.7,1.3154,2004,9,13,1,17
4488,1.5,1379,25.2,1433,141,96,1982,1370,31.5,29.9,1.3638,2004,9,13,1,18
4489,6.2,1570,35.9,1684,597,168,2289,1716,29.0,36.6,1.4452,2004,9,13,1,19
4490,4.7,1418,26.7,1471,728,177,2064,1600,27.1,42.2,1.4949,2004,9,13,1,20
4491,3.0,1317,19.9,1295,891,172,1883,1592,26.1,46.4,1.5445,2004,9,13,1,21
4492,2.1,1204,14.6,1136,346,112,1782,1491,25.1,49.4,1.548,2004,9,13,1,22
4493,1.0,1014,6.9,853,98,39,1499,1084,26.0,46.4,1.5375,2004,9,13,1,23
4494,0.8,956,5.6,794,144,68,1456,1007,24.7,49.2,1.5116,2004,9,14,2,0
4495,0.7,891,3.9,708,110,51,1382,823,24.8,49.0,1.5092,2004,9,14,2,1
4496,1.5,856,3.2,665,141,96,1375,788,23.5,52.6,1.5035,2004,9,14,2,2
4497,1.5,863,3.9,703,141,96,1403,791,20.8,62.1,1.5044,2004,9,14,2,3
4498,1.5,911,4.6,745,141,96,1428,924,19.9,65.5,1.5078,2004,9,14,2,4
4499,1.5,936,5.0,765,141,96,1462,941,20.6,62.9,1.5088,2004,9,14,2,5
4500,1.5,1087,9.6,964,141,96,1633,1103,21.3,59.4,1.4918,2004,9,14,2,6
4503,1.5,1409,20.9,1322,141,96,2004,1601,26.5,50.2,1.713,2004,9,14,2,9
4504,1.5,1219,11.8,1042,141,96,1750,1253,29.0,45.5,1.7976,2004,9,14,2,10
4505,1.5,1286,15.8,1172,141,96,1870,1295,30.1,42.0,1.7602,2004,9,14,2,11
4506,1.5,1228,15.8,1174,141,96,1788,1192,32.3,35.9,1.7067,2004,9,14,2,12
4507,1.5,1140,14.0,1117,141,96,1690,1046,33.2,33.8,1.69,2004,9,14,2,13
4508,1.5,1052,8.2,906,141,96,1516,803,34.0,33.6,1.7591,2004,9,14,2,14
4509,1.5,1282,13.7,1107,141,96,1791,1116,29.9,45.6,1.8942,2004,9,14,2,15
4510,1.5,1378,19.5,1282,141,96,2010,1347,27.7,53.7,1.967,2004,9,14,2,16
4512,1.5,1310,18.7,1259,141,96,1926,1240,28.6,48.2,1.8616,2004,9,14,2,18
4513,1.5,1204,13.9,1114,141,96,1807,1092,24.8,61.6,1.9067,2004,9,14,2,19
4514,1.5,1071,6.7,842,141,96,1575,740,20.3,77.2,1.8204,2004,9,14,2,20
4515,1.5,967,4.2,719,141,96,1490,670,19.7,82.5,1.8674,2004,9,14,2,21
4516,1.5,947,3.6,689,141,96,1454,640,20.6,78.8,1.8885,2004,9,14,2,22
4517,1.5,1011,4.4,734,141,96,1497,918,19.2,87.2,1.9195,2004,9,14,2,23
4518,1.5,971,4.2,722,141,96,1472,804,20.5,81.5,1.936,2004,9,15,3,0
4519,1.5,886,2.6,627,141,96,1405,694,21.4,74.0,1.8683,2004,9,15,3,1
4520,1.5,908,3.1,657,141,96,1460,796,20.5,78.2,1.8678,2004,9,15,3,2
4521,1.5,901,3.0,652,141,96,1468,804,20.7,77.8,1.8764,2004,9,15,3,3
4522,1.5,915,3.4,674,141,96,1481,829,20.5,78.0,1.8636,2004,9,15,3,4
4523,1.5,940,4.0,712,141,96,1499,848,20.6,76.2,1.8272,2004,9,15,3,5
4524,1.5,1048,7.8,891,141,96,1654,992,20.1,77.4,1.802,2004,9,15,3,6
4525,1.5,1298,16.1,1181,141,96,1962,1256,20.9,73.3,1.787,2004,9,15,3,7
4527,1.5,1327,17.8,1233,141,96,1968,1403,22.5,68.9,1.8511,2004,9,15,3,9
4528,1.5,1363,18.5,1255,141,96,1989,1497,23.7,64.5,1.8682,2004,9,15,3,10
4529,1.5,1393,21.6,1340,141,96,2080,1500,23.2,68.4,1.9243,2004,9,15,3,11
4530,1.5,1361,21.0,1324,141,96,2044,1549,23.5,69.2,1.9776,2004,9,15,3,12
4531,1.5,1289,17.2,1217,141,96,1975,1374,24.1,65.5,1.9371,2004,9,15,3,13
4532,1.5,1265,16.1,1184,141,96,1930,1270,24.2,65.6,1.9501,2004,9,15,3,14
4533,1.5,1339,18.6,1257,141,96,2031,1360,24.6,63.9,1.9459,2004,9,15,3,15
4534,1.5,1269,17.2,1215,141,96,1939,1296,26.3,56.5,1.9018,2004,9,15,3,16
4535,3.3,1299,17.3,1220,341,112,1929,1319,26.9,53.1,1.8557,2004,9,15,3,17
4536,6.1,1546,28.6,1519,622,170,2265,1649,26.5,50.8,1.7334,2004,9,15,3,18
4537,6.7,1571,31.8,1593,615,173,2409,1686,25.1,55.8,1.7511,2004,9,15,3,19
4538,4.4,1312,20.1,1299,443,135,2016,1380,23.9,58.9,1.7276,2004,9,15,3,20
4539,1.9,1074,9.2,946,219,93,1635,1079,23.1,62.8,1.7562,2004,9,15,3,21
4540,1.8,1127,10.3,989,203,74,1724,1096,22.1,67.3,1.7671,2004,9,15,3,22
4541,1.5,1040,8.6,923,165,69,1640,1049,22.1,66.5,1.7441,2004,9,15,3,23
4542,1.6,1060,8.6,925,339,109,1649,1161,21.1,70.1,1.7366,2004,9,16,4,0
4543,0.8,911,4.8,753,103,55,1496,865,21.9,67.1,1.7394,2004,9,16,4,1
4544,0.5,853,2.6,623,74,49,1421,768,21.7,67.4,1.7262,2004,9,16,4,2
4545,0.7,915,4.3,725,141,96,1485,845,20.2,73.8,1.7229,2004,9,16,4,3
4546,0.6,897,4.5,738,72,42,1471,843,19.1,76.0,1.6668,2004,9,16,4,4
4547,0.9,976,6.6,840,180,50,1562,964,19.4,75.4,1.6802,2004,9,16,4,5
4548,1.4,1066,10.1,982,239,53,1699,1065,19.7,74.4,1.6829,2004,9,16,4,6
4549,4.2,1435,23.4,1387,664,86,2140,1467,19.9,74.3,1.7083,2004,9,16,4,7
4550,4.1,1420,25.0,1430,525,81,2194,1510,20.4,72.8,1.7198,2004,9,16,4,8
4551,3.6,1365,21.6,1341,543,96,2033,1518,21.6,67.7,1.7254,2004,9,16,4,9
4552,2.5,1171,13.0,1083,390,96,1758,1276,22.9,59.1,1.633,2004,9,16,4,10
4553,1.3,982,6.8,850,217,79,1505,873,18.7,73.1,1.5608,2004,9,16,4,11
4554,1.7,1021,10.0,979,248,95,1580,958,21.1,58.3,1.4444,2004,9,16,4,12
4555,2.1,1044,11.7,1039,333,127,1609,1076,23.3,47.1,1.3281,2004,9,16,4,13
4556,1.7,1005,9.8,972,279,102,1514,952,22.9,47.9,1.3208,2004,9,16,4,14
4557,1.9,1021,10.2,985,339,107,1524,977,23.3,46.2,1.301,2004,9,16,4,15
4558,2.3,1064,12.0,1048,315,110,1574,1059,23.7,45.4,1.315,2004,9,16,4,16
4559,3.3,1167,17.7,1231,365,124,1745,1199,23.8,46.1,1.3373,2004,9,16,4,17
4560,3.5,1167,18.8,1263,338,113,1790,1212,23.0,49.3,1.3689,2004,9,16,4,18
4561,3.6,1164,17.6,1227,318,104,1800,1193,21.9,53.1,1.3787,2004,9,16,4,19
4562,2.9,1092,13.8,1110,302,117,1641,1105,21.3,54.8,1.3742,2004,9,16,4,20
4563,2.0,997,9.4,955,214,94,1528,926,21.2,55.2,1.3699,2004,9,16,4,21
4564,1.9,966,9.6,964,141,96,1560,1231,21.4,54.8,1.3813,2004,9,16,4,22
4565,1.5,969,8.5,922,141,96,1488,995,20.8,57.2,1.3925,2004,9,16,4,23
4566,1.1,944,10.7,1005,363,109,1633,1094,21.3,55.8,1.3974,2004,9,17,5,0
4567,0.8,834,6.1,817,178,72,1408,774,21.4,52.1,1.3125,2004,9,17,5,1
4568,0.5,796,3.2,667,55,40,1295,558,20.6,56.6,1.3583,2004,9,17,5,2
4569,0.4,777,2.0,585,141,96,1266,510,20.0,59.1,1.3694,2004,9,17,5,3
4570,0.3,752,1.2,521,32,23,1247,471,19.7,61.9,1.4017,2004,9,17,5,4
4571,0.3,755,1.3,528,35,24,1234,471,19.6,59.1,1.3346,2004,9,17,5,5
4572,0.5,800,2.2,598,84,41,1278,529,19.8,56.7,1.2941,2004,9,17,5,6
4573,2.4,1147,14.6,1136,456,99,1708,1114,20.2,55.6,1.3043,2004,9,17,5,7
4574,2.2,1036,9.7,965,342,91,1544,987,19.7,57.8,1.3112,2004,9,17,5,8
4575,1.4,926,6.7,845,239,81,1398,851,20.2,53.1,1.2442,2004,9,17,5,9
4576,1.6,961,7.6,881,337,95,1417,901,22.0,47.0,1.2259,2004,9,17,5,10
4577,1.6,951,8.6,926,351,113,1460,949,23.5,41.6,1.1884,2004,9,17,5,11
4578,1.6,962,9.0,940,209,89,1441,855,22.8,41.8,1.1417,2004,9,17,5,12
4579,2.1,1004,10.7,1004,257,88,1490,911,23.4,40.4,1.15,2004,9,17,5,13
4580,1.1,893,6.3,828,169,81,1357,672,23.2,42.8,1.2017,2004,9,17,5,14
4581,1.6,990,9.4,956,216,82,1476,826,23.6,43.2,1.2433,2004,9,17,5,15
4582,2.4,1071,12.5,1068,303,115,1556,988,23.9,40.8,1.1937,2004,9,17,5,16
4583,2.9,1140,15.2,1155,320,112,1660,1105,23.6,42.8,1.23,2004,9,17,5,17
4584,2.7,1103,14.8,1143,310,116,1647,1089,23.2,43.3,1.2161,2004,9,17,5,18
4585,3.1,1082,15.9,1178,341,129,1605,1077,22.8,42.5,1.1608,2004,9,17,5,19
4586,2.2,991,10.0,977,272,110,1448,923,22.3,42.2,1.1209,2004,9,17,5,20
4587,1.5,935,6.9,852,229,105,1344,824,22.1,43.0,1.1271,2004,9,17,5,21
4588,1.2,908,5.5,790,168,90,1317,717,22.2,42.7,1.1237,2004,9,17,5,22
4589,1.3,927,6.3,826,173,94,1331,734,22.1,42.8,1.1265,2004,9,17,5,23
4590,1.4,936,6.7,844,186,96,1365,776,22.1,43.5,1.1443,2004,9,18,6,0
4591,0.9,847,3.7,694,112,70,1240,594,21.5,45.6,1.1528,2004,9,18,6,1
4592,0.7,812,3.2,664,79,57,1215,518,21.1,44.5,1.098,2004,9,18,6,2
4593,0.6,804,2.4,616,141,96,1189,496,20.4,47.1,1.1178,2004,9,18,6,3
4594,1.5,793,2.7,636,62,45,1195,514,20.6,45.9,1.0993,2004,9,18,6,4
4595,0.5,775,2.3,609,58,42,1190,468,20.2,46.7,1.0899,2004,9,18,6,5
4596,0.8,835,3.6,690,122,71,1257,621,20.1,47.8,1.1144,2004,9,18,6,6
4597,1.2,913,6.4,830,173,82,1371,757,20.0,50.7,1.1724,2004,9,18,6,7
4598,1.1,903,5.0,765,176,81,1317,712,20.7,49.7,1.197,2004,9,18,6,8
4599,1.6,982,7.9,895,233,89,1413,859,24.3,39.5,1.1842,2004,9,18,6,9
4600,1.4,925,6.6,838,210,83,1324,728,25.4,34.8,1.1119,2004,9,18,6,10
4601,1.2,895,5.2,776,178,82,1274,640,26.6,30.7,1.0501,2004,9,18,6,11
4602,1.4,930,6.6,838,189,78,1319,680,27.7,28.1,1.0272,2004,9,18,6,12
4603,1.6,953,7.6,881,210,79,1339,704,27.6,28.7,1.0406,2004,9,18,6,13
4604,1.1,885,5.0,765,162,78,1268,619,27.6,29.2,1.0594,2004,9,18,6,14
4605,1.1,903,5.3,779,137,73,1278,583,28.1,28.6,1.0715,2004,9,18,6,15
4606,1.3,927,5.3,781,165,73,1267,594,29.1,26.8,1.0648,2004,9,18,6,16
4607,1.5,979,6.5,835,204,100,1338,700,28.4,28.3,1.0798,2004,9,18,6,17
4608,2.0,1050,9.2,947,266,122,1447,912,26.6,32.1,1.102,2004,9,18,6,18
4609,2.4,1091,11.6,1037,299,132,1512,1038,25.3,35.3,1.1262,2004,9,18,6,19
4610,2.0,1040,9.2,946,234,116,1424,952,24.7,37.1,1.1397,2004,9,18,6,20
4611,1.5,997,7.5,879,181,109,1404,887,23.5,40.6,1.1588,2004,9,18,6,21
4612,1.7,1042,9.0,938,210,109,1456,1004,22.8,43.4,1.1915,2004,9,18,6,22
4613,2.5,1191,12.1,1055,304,116,1563,1221,22.2,47.9,1.2626,2004,9,18,6,23
4614,2.2,1149,10.5,996,255,104,1534,1177,21.3,50.5,1.2652,2004,9,19,7,0
4615,1.4,973,7.1,862,149,81,1436,957,20.6,53.2,1.2742,2004,9,19,7,1
4616,1.2,940,6.2,823,112,64,1415,853,19.6,56.6,1.2797,2004,9,19,7,2
4617,1.2,949,7.8,890,141,96,1484,884,18.8,59.8,1.2847,2004,9,19,7,3
4618,0.9,830,3.8,699,90,54,1339,736,18.8,59.5,1.2758,2004,9,19,7,4
4619,0.5,773,2.3,609,46,35,1256,590,19.3,57.0,1.2603,2004,9,19,7,5
4620,0.6,811,2.9,644,76,44,1289,655,18.2,60.8,1.2567,2004,9,19,7,6
4621,1.0,901,4.8,754,139,62,1351,854,16.8,66.8,1.2721,2004,9,19,7,7
4622,1.3,969,7.7,886,179,68,1451,953,18.6,60.0,1.2757,2004,9,19,7,8
4623,1.7,1027,8.8,933,224,85,1465,1050,22.2,48.0,1.2678,2004,9,19,7,9
4624,2.2,1094,10.6,1002,272,110,1536,1114,26.5,35.7,1.2149,2004,9,19,7,10
4625,2.1,1083,10.2,984,251,115,1485,1049,30.0,28.5,1.1883,2004,9,19,7,11
4626,2.2,1098,11.0,1015,250,129,1508,996,32.2,24.7,1.1696,2004,9,19,7,12
4627,2.0,1059,11.9,1047,178,106,1549,841,29.6,28.6,1.1628,2004,9,19,7,13
4628,2.0,1021,10.8,1009,137,87,1545,769,29.8,28.5,1.1809,2004,9,19,7,14
4629,1.2,925,5.1,768,119,70,1289,541,31.1,26.1,1.163,2004,9,19,7,15
4630,1.8,1045,8.3,910,193,106,1385,742,34.6,22.4,1.212,2004,9,19,7,16
4631,4.3,1303,20.7,1317,329,151,1816,1196,33.2,25.4,1.2722,2004,9,19,7,17
4632,3.8,1254,16.8,1204,413,179,1655,1338,30.0,31.4,1.3074,2004,9,19,7,18
4633,4.4,1345,20.4,1306,489,188,1806,1416,27.5,38.1,1.3756,2004,9,19,7,19
4634,3.8,1273,15.3,1159,470,187,1704,1341,26.2,42.5,1.423,2004,9,19,7,20
4635,1.9,1096,8.8,931,228,121,1506,1019,24.7,46.4,1.4206,2004,9,19,7,21
4636,1.7,1077,8.5,920,169,99,1509,935,23.6,50.0,1.4383,2004,9,19,7,22
4637,1.8,1084,8.7,929,189,100,1517,1081,22.7,53.6,1.4632,2004,9,19,7,23
4638,1.1,980,5.7,800,100,79,1407,903,22.7,53.8,1.4666,2004,9,20,1,0
4639,0.8,882,4.0,713,71,57,1343,731,22.8,53.0,1.4577,2004,9,20,1,1
4640,0.7,851,3.0,655,52,43,1301,625,21.4,57.6,1.4469,2004,9,20,1,2
4641,0.6,819,2.2,597,141,96,1281,613,19.9,62.3,1.4363,2004,9,20,1,3
4642,0.5,804,2.2,601,57,50,1281,646,19.5,63.5,1.4269,2004,9,20,1,4
4643,0.5,823,2.7,631,69,47,1304,671,20.2,60.8,1.4243,2004,9,20,1,5
4644,0.9,903,4.7,748,126,60,1373,801,19.4,63.5,1.4139,2004,9,20,1,6
4645,3.5,1310,21.7,1344,376,91,2026,1353,18.7,65.6,1.4039,2004,9,20,1,7
4647,5.7,1479,27.5,1490,737,159,2146,1749,23.5,49.7,1.4156,2004,9,20,1,9
4648,3.5,1285,18.1,1243,481,173,1815,1582,26.4,41.9,1.4237,2004,9,20,1,10
4649,3.7,1262,18.6,1258,425,174,1835,1484,29.9,34.0,1.4096,2004,9,20,1,11
4650,3.1,1225,17.6,1227,330,165,1774,1321,31.5,30.8,1.4017,2004,9,20,1,12
4651,3.0,1162,16.3,1188,303,136,1681,1125,30.2,30.2,1.2744,2004,9,20,1,13
4652,2.6,1103,11.8,1044,283,125,1523,967,30.5,29.3,1.2612,2004,9,20,1,14
4653,2.4,1120,11.9,1045,264,122,1563,975,31.8,27.4,1.2673,2004,9,20,1,15
4654,2.6,1169,15.5,1163,280,124,1639,1025,34.3,23.2,1.2326,2004,9,20,1,16
4655,5.0,1386,28.8,1522,505,184,1990,1469,34.1,23.0,1.2081,2004,9,20,1,17
4656,5.6,1426,31.1,1577,566,200,2080,1648,30.5,29.2,1.2585,2004,9,20,1,18
4658,4.1,1167,19.5,1282,448,168,1685,1371,26.5,31.7,1.0787,2004,9,20,1,20
4659,2.1,1032,11.7,1039,231,118,1455,1071,24.8,33.7,1.0377,2004,9,20,1,21
4660,2.0,1034,9.9,972,230,115,1437,1118,23.9,38.1,1.1123,2004,9,20,1,22
4661,1.4,986,7.7,885,146,94,1407,931,23.0,43.0,1.1897,2004,9,20,1,23
4662,0.8,908,4.4,732,77,62,1311,722,23.5,44.7,1.2755,2004,9,21,2,0
4663,0.8,891,4.1,714,82,68,1295,773,22.3,47.7,1.2643,2004,9,21,2,1
4664,0.6,843,3.1,656,55,50,1271,665,22.1,49.8,1.3094,2004,9,21,2,2
4665,0.5,822,2.4,612,141,96,1254,594,21.8,51.4,1.3272,2004,9,21,2,3
4666,0.4,814,2.1,589,42,36,1246,565,20.8,55.9,1.3581,2004,9,21,2,4
4667,0.6,869,3.3,673,102,53,1307,688,18.8,63.0,1.3582,2004,9,21,2,5
4668,1.4,1013,8.1,905,231,79,1499,974,18.3,65.5,1.3686,2004,9,21,2,6
4669,5.6,1515,31.4,1584,699,133,2288,1591,18.2,66.1,1.3679,2004,9,21,2,7
4670,7.3,1587,41.2,1795,738,148,2531,1820,19.6,60.7,1.3713,2004,9,21,2,8
4671,5.3,1490,27.3,1487,665,161,2115,1807,22.6,51.4,1.392,2004,9,21,2,9
4672,4.4,1435,24.2,1408,598,191,1991,1704,25.8,44.2,1.4512,2004,9,21,2,10
4673,3.1,1246,17.0,1209,340,158,1792,1270,28.5,39.0,1.4928,2004,9,21,2,11
4674,3.3,1266,17.7,1231,374,157,1768,1265,30.1,35.1,1.4782,2004,9,21,2,12
4675,3.8,1277,19.3,1277,401,188,1846,1226,29.4,36.4,1.4718,2004,9,21,2,13
4676,2.3,1142,12.7,1073,275,143,1635,987,29.2,37.9,1.5116,2004,9,21,2,14
4677,2.6,1207,14.6,1136,278,152,1696,1024,30.5,34.9,1.5015,2004,9,21,2,15
4678,3.2,1252,17.8,1233,342,168,1759,1127,31.5,31.4,1.431,2004,9,21,2,16
4682,4.4,1308,20.0,1297,428,173,1899,1454,24.8,49.0,1.5092,2004,9,21,2,20
4683,2.4,1137,11.9,1047,229,123,1620,1138,23.6,53.6,1.5374,2004,9,21,2,21
4684,1.5,1040,8.1,903,145,92,1494,951,23.0,55.8,1.548,2004,9,21,2,22
4685,1.3,1018,7.7,885,112,77,1491,864,22.1,58.4,1.5393,2004,9,21,2,23
4686,1.1,962,5.9,808,99,74,1430,868,22.6,56.3,1.5233,2004,9,22,3,0
4687,1.0,930,5.1,768,98,74,1409,825,21.0,61.3,1.5031,2004,9,22,3,1
4688,0.6,812,2.4,613,54,47,1302,626,23.0,54.0,1.501,2004,9,22,3,2
4689,0.5,826,2.4,612,141,96,1304,605,19.8,65.3,1.4894,2004,9,22,3,3
4690,0.6,878,3.8,702,59,44,1373,822,18.3,70.8,1.4794,2004,9,22,3,4
4691,0.8,922,5.0,764,162,69,1415,905,18.1,72.5,1.4876,2004,9,22,3,5
4692,1.5,1047,9.7,965,268,79,1606,1075,18.3,71.0,1.4807,2004,9,22,3,6
4693,4.1,1376,25.9,1452,531,108,2123,1541,18.5,68.9,1.4565,2004,9,22,3,7
4695,5.5,1494,29.0,1528,701,165,2201,1798,23.5,52.0,1.4833,2004,9,22,3,9
4696,3.7,1316,20.0,1298,510,172,1888,1584,26.8,42.7,1.4864,2004,9,22,3,10
4697,3.3,1269,18.3,1247,415,180,1813,1441,29.1,36.7,1.4543,2004,9,22,3,11
4698,2.5,1152,13.4,1099,243,130,1631,1093,30.8,32.0,1.4014,2004,9,22,3,12
4699,2.6,1138,14.0,1117,267,120,1646,1019,27.9,37.0,1.372,2004,9,22,3,13
4700,2.2,1132,12.1,1052,233,117,1609,944,28.5,37.3,1.4291,2004,9,22,3,14
4701,2.6,1186,15.3,1159,295,141,1701,1046,30.2,32.9,1.3865,2004,9,22,3,15
4702,2.9,1228,16.1,1184,309,151,1724,1089,32.9,27.7,1.3622,2004,9,22,3,16
4705,5.2,1387,26.7,1473,460,194,2065,1510,26.7,43.3,1.4881,2004,9,22,3,19
4706,3.8,1284,18.3,1249,363,167,1842,1300,24.6,54.0,1.6461,2004,9,22,3,20
4707,2.2,1110,11.9,1045,213,115,1638,1058,23.4,59.9,1.6992,2004,9,22,3,21
4708,2.1,1110,11.5,1032,183,98,1650,1002,22.5,62.6,1.6883,2004,9,22,3,22
4709,1.8,1077,9.6,964,163,93,1571,923,22.9,62.0,1.7127,2004,9,22,3,23
4710,1.6,1037,8.0,898,152,87,1539,836,22.2,64.9,1.719,2004,9,23,4,0
4711,1.4,1002,6.9,854,104,71,1513,779,21.4,68.5,1.7261,2004,9,23,4,1
4712,0.8,865,3.7,694,61,49,1385,678,22.2,63.0,1.6673,2004,9,23,4,2
4713,0.5,824,2.4,615,141,96,1336,601,22.4,59.9,1.6069,2004,9,23,4,3
4714,1.5,824,2.2,602,54,44,1337,593,21.1,63.8,1.5817,2004,9,23,4,4
4715,0.5,847,2.5,620,84,58,1339,670,22.9,57.5,1.5879,2004,9,23,4,5
4716,0.9,961,6.3,828,132,66,1491,837,21.3,63.2,1.5794,2004,9,23,4,6
4717,3.2,1336,21.6,1340,422,112,2049,1400,21.3,63.5,1.5941,2004,9,23,4,7
4718,2.8,1251,18.8,1264,282,104,1897,1393,23.7,54.4,1.5765,2004,9,23,4,8
4719,2.7,1290,18.1,1244,293,103,1853,1415,25.0,50.8,1.5903,2004,9,23,4,9
4720,2.4,1215,14.8,1141,334,118,1766,1285,26.3,48.1,1.6199,2004,9,23,4,10
4721,2.7,1248,15.9,1177,324,129,1784,1230,26.4,47.3,1.6006,2004,9,23,4,11
4722,2.8,1233,16.1,1184,294,127,1775,1147,29.3,39.5,1.5855,2004,9,23,4,12
4723,2.9,1229,17.2,1217,273,130,1795,1107,29.0,39.6,1.5581,2004,9,23,4,13
4724,2.6,1206,15.8,1175,275,130,1746,1068,29.8,38.0,1.5642,2004,9,23,4,14
4725,2.6,1215,15.1,1150,282,118,1733,1115,30.4,37.2,1.588,2004,9,23,4,15
4726,3.2,1330,18.9,1264,323,146,1860,1362,31.5,34.9,1.5903,2004,9,23,4,16
4727,4.6,1446,25.2,1434,442,190,2075,1619,31.6,34.8,1.5925,2004,9,23,4,17
4728,4.9,1446,26.1,1458,431,189,2059,1572,29.0,40.5,1.5949,2004,9,23,4,18
4729,4.7,1421,25.6,1444,402,173,2056,1446,27.2,45.9,1.6302,2004,9,23,4,19
4730,3.3,1247,16.9,1206,313,148,1785,1233,26.2,48.7,1.6256,2004,9,23,4,20
4731,2.3,1168,12.6,1070,228,116,1646,1102,25.1,50.5,1.584,2004,9,23,4,21
4732,2.1,1111,10.3,991,218,109,1559,1028,24.1,50.7,1.4959,2004,9,23,4,22
4733,1.7,1071,8.9,934,179,94,1504,942,22.5,53.7,1.4486,2004,9,23,4,23
4734,1.0,969,6.5,835,97,64,1437,773,22.7,53.7,1.458,2004,9,24,5,0
4735,0.9,942,5.3,780,83,59,1419,737,21.5,57.9,1.4658,2004,9,24,5,1
4736,0.7,923,4.6,744,80,64,1394,815,22.3,55.8,1.4828,2004,9,24,5,2
4737,0.4,813,2.0,581,141,96,1320,627,22.7,53.8,1.4673,2004,9,24,5,3
4738,0.4,851,2.5,618,66,52,1351,642,21.1,59.9,1.4789,2004,9,24,5,4
4739,0.5,868,2.8,639,109,55,1367,610,20.4,63.0,1.4946,2004,9,24,5,5
4740,1.3,1062,8.4,915,232,83,1579,929,20.8,62.2,1.5119,2004,9,24,5,6
4741,3.5,1418,21.1,1328,535,114,2017,1427,21.3,61.6,1.5452,2004,9,24,5,7
4742,5.5,1600,34.0,1641,684,137,2430,1776,21.9,60.2,1.56,2004,9,24,5,8
4743,5.6,1583,29.4,1538,803,160,2214,1788,23.0,56.4,1.5614,2004,9,24,5,9
4744,3.4,1338,20.3,1305,539,138,1929,1521,25.1,49.5,1.5572,2004,9,24,5,10
4745,3.2,1285,18.4,1252,364,134,1866,1293,26.6,44.3,1.5229,2004,9,24,5,11
4746,3.7,1376,22.3,1359,422,143,1998,1435,26.2,46.0,1.5422,2004,9,24,5,12
4747,4.6,1467,26.9,1477,483,153,2114,1592,25.4,48.7,1.5594,2004,9,24,5,13
4748,4.2,1442,24.0,1403,496,145,2026,1551,25.6,48.3,1.558,2004,9,24,5,14
4749,3.3,1358,19.3,1277,403,123,1892,1429,25.7,47.8,1.5548,2004,9,24,5,15
4750,2.7,1222,14.5,1133,282,96,1698,1195,24.9,49.2,1.5251,2004,9,24,5,16
4751,2.2,1134,11.1,1017,268,107,1632,981,18.3,75.4,1.5682,2004,9,24,5,17
4752,2.8,1120,10.4,993,306,119,1565,962,16.3,73.9,1.3601,2004,9,24,5,18
4753,2.9,1103,10.5,997,293,109,1552,914,15.6,75.7,1.3345,2004,9,24,5,19
4754,2.0,985,5.8,805,240,107,1390,785,15.4,76.6,1.3334,2004,9,24,5,20
4755,0.7,795,2.2,596,93,57,1188,482,14.0,75.4,1.1988,2004,9,24,5,21
4756,0.6,787,2.0,584,99,60,1129,446,14.9,60.5,1.0213,2004,9,24,5,22
4757,1.2,839,3.8,701,55,22,1156,553,15.5,50.9,0.888,2004,9,24,5,23
4758,1.2,835,3.9,705,19,2,1161,592,15.6,50.0,0.8773,2004,9,25,6,0
4759,1.1,837,3.7,693,26,7,1178,584,15.4,53.6,0.9326,2004,9,25,6,1
4760,0.6,761,1.7,563,26,8,1106,451,15.4,53.9,0.9334,2004,9,25,6,2
4761,0.3,718,1.0,499,141,96,1059,382,15.3,52.4,0.9017,2004,9,25,6,3
4762,0.3,724,1.0,495,42,27,1071,391,15.3,53.1,0.9181,2004,9,25,6,4
4763,0.3,718,0.9,486,32,14,1072,398,15.4,53.7,0.9295,2004,9,25,6,5
4764,0.4,744,1.3,525,25,3,1097,430,15.5,53.3,0.9308,2004,9,25,6,6
4765,0.6,782,2.1,591,28,9,1130,461,15.4,52.7,0.9178,2004,9,25,6,7
4766,0.7,798,2.5,619,41,14,1138,500,15.7,51.1,0.9056,2004,9,25,6,8
4767,1.0,867,4.6,744,130,52,1207,594,16.9,47.7,0.9142,2004,9,25,6,9
4768,1.1,862,4.3,729,173,64,1171,603,18.2,41.9,0.8674,2004,9,25,6,10
4769,1.5,915,6.5,834,168,66,1243,686,19.1,37.0,0.8104,2004,9,25,6,11
4770,1.4,857,6.0,813,51,14,1183,622,19.3,34.8,0.771,2004,9,25,6,12
4771,1.4,837,6.0,812,31,9,1171,624,19.8,31.2,0.7127,2004,9,25,6,13
4772,1.0,805,4.5,740,41,12,1117,565,19.8,31.1,0.7104,2004,9,25,6,14
4773,0.9,781,3.9,705,41,14,1068,514,20.2,28.6,0.6717,2004,9,25,6,15
4774,1.1,815,4.6,743,54,21,1095,536,22.1,24.8,0.6514,2004,9,25,6,16
4775,1.3,877,6.7,844,112,43,1193,669,21.1,27.7,0.6853,2004,9,25,6,17
4776,1.8,926,8.9,935,178,62,1262,786,20.1,30.3,0.7045,2004,9,25,6,18
4777,2.4,987,9.8,971,218,68,1312,891,19.5,33.0,0.7384,2004,9,25,6,19
4778,2.7,1004,10.8,1007,241,81,1321,926,19.3,32.3,0.7163,2004,9,25,6,20
4779,1.7,897,7.4,875,223,88,1227,902,18.4,33.2,0.6975,2004,9,25,6,21
4780,2.2,1002,10.3,989,279,99,1358,1011,17.8,36.5,0.7366,2004,9,25,6,22
4781,2.8,1126,13.8,1111,330,98,1473,1249,17.8,39.9,0.8035,2004,9,25,6,23
4782,2.4,1067,10.9,1013,330,97,1350,1133,17.0,43.0,0.8242,2004,9,26,7,0
4783,2.5,1063,11.7,1040,341,101,1413,1166,15.5,52.2,0.9136,2004,9,26,7,1
4784,1.4,915,7.8,893,205,90,1287,953,15.6,51.9,0.9135,2004,9,26,7,2
4785,1.4,906,7.7,885,141,96,1304,912,13.5,59.4,0.9176,2004,9,26,7,3
4786,1.5,844,5.5,786,130,61,1226,831,13.4,59.9,0.9173,2004,9,26,7,4
4787,0.9,816,4.5,739,102,55,1188,793,12.5,63.2,0.9146,2004,9,26,7,5
4788,0.6,768,3.3,671,79,46,1153,700,13.6,57.6,0.8941,2004,9,26,7,6
4789,1.0,835,5.4,785,148,56,1224,780,12.2,63.2,0.8964,2004,9,26,7,7
4790,1.6,944,8.2,908,261,83,1321,931,14.6,56.4,0.9319,2004,9,26,7,8
4791,0.9,810,3.0,651,107,55,1117,575,19.8,38.6,0.8831,2004,9,26,7,9
4792,0.9,819,3.0,655,103,47,1104,507,21.6,33.4,0.8519,2004,9,26,7,10
4793,1.0,844,3.5,680,122,61,1129,518,22.0,32.2,0.8407,2004,9,26,7,11
4794,1.0,846,3.6,688,127,58,1138,518,22.7,30.2,0.8217,2004,9,26,7,12
4795,0.9,842,4.0,711,110,59,1160,516,22.3,30.4,0.8063,2004,9,26,7,13
4796,0.9,840,4.2,722,98,54,1169,507,22.1,30.5,0.7981,2004,9,26,7,14
4797,0.9,815,3.1,657,146,69,1098,490,22.1,29.5,0.7761,2004,9,26,7,15
4798,0.9,838,3.5,685,119,54,1121,465,23.4,27.1,0.7681,2004,9,26,7,16
4799,2.7,992,10.3,987,234,95,1327,781,23.1,27.0,0.7538,2004,9,26,7,17
4800,2.2,990,7.8,891,261,99,1278,765,21.5,31.4,0.7943,2004,9,26,7,18
4801,3.3,1066,10.7,1004,371,127,1384,1006,20.3,35.5,0.833,2004,9,26,7,19
4802,2.1,971,7.3,870,266,98,1287,798,19.6,36.3,0.8193,2004,9,26,7,20
4803,1.8,963,7.7,887,268,112,1311,938,18.7,39.7,0.8482,2004,9,26,7,21
4804,1.9,1010,8.6,925,294,115,1351,996,18.0,42.7,0.8745,2004,9,26,7,22
4805,2.3,1054,10.0,978,303,114,1398,1109,17.1,47.6,0.9208,2004,9,26,7,23
4806,1.9,998,8.5,920,241,103,1365,1042,16.6,51.3,0.9634,2004,9,27,1,0
4807,1.3,919,5.8,802,142,81,1265,940,15.9,55.2,0.9881,2004,9,27,1,1
4808,1.0,884,5.0,764,110,75,1247,900,14.9,58.9,0.9891,2004,9,27,1,2
4809,0.6,803,2.9,648,141,96,1178,774,14.1,61.0,0.9799,2004,9,27,1,3
4810,0.6,820,3.4,674,104,64,1188,790,14.0,62.6,0.9948,2004,9,27,1,4
4811,0.9,894,5.6,794,179,71,1266,908,14.1,61.7,0.9844,2004,9,27,1,5
4812,1.5,988,9.0,941,361,99,1399,1035,14.4,60.3,0.9802,2004,9,27,1,6
4813,5.5,1372,26.9,1477,799,132,1973,1556,15.0,57.7,0.9778,2004,9,27,1,7
4814,4.0,1209,18.8,1262,614,135,1708,1392,16.9,50.3,0.958,2004,9,27,1,8
4815,1.8,951,8.2,908,275,94,1314,904,19.7,40.2,0.9108,2004,9,27,1,9
4816,1.9,992,9.1,943,325,103,1351,936,22.2,33.6,0.8886,2004,9,27,1,10
4817,1.7,964,9.2,947,327,123,1328,907,23.7,29.6,0.8537,2004,9,27,1,11
4818,1.6,917,8.3,910,252,95,1275,744,21.9,30.7,0.7961,2004,9,27,1,12
4819,1.9,937,9.1,942,226,90,1276,773,22.3,29.5,0.7838,2004,9,27,1,13
4820,1.6,961,9.2,949,230,99,1306,812,23.8,27.0,0.7845,2004,9,27,1,14
4821,1.8,969,9.6,962,244,107,1316,856,23.3,28.3,0.8012,2004,9,27,1,15
4822,2.0,1020,11.8,1042,251,112,1401,927,24.2,27.2,0.8128,2004,9,27,1,16
4823,3.1,1107,17.3,1219,346,132,1582,1131,25.1,25.8,0.8065,2004,9,27,1,17
4824,3.9,1119,17.8,1233,407,148,1539,1270,22.3,29.2,0.7773,2004,9,27,1,18
4825,4.3,1173,20.9,1322,490,158,1679,1365,20.8,32.5,0.7873,2004,9,27,1,19
4826,3.5,1097,14.9,1144,434,145,1517,1274,19.1,36.8,0.8066,2004,9,27,1,20
4827,2.4,1018,11.3,1024,345,128,1400,1169,18.1,39.9,0.8232,2004,9,27,1,21
4828,1.5,932,8.4,914,192,105,1298,1000,17.4,42.8,0.8463,2004,9,27,1,22
4829,1.3,897,6.8,849,157,90,1253,910,16.7,46.6,0.8793,2004,9,27,1,23
4830,1.0,840,4.9,758,148,85,1189,829,17.1,46.8,0.9054,2004,9,28,2,0
4831,0.8,802,3.5,680,105,73,1137,756,15.3,51.9,0.8982,2004,9,28,2,1
4832,0.5,765,2.8,637,141,74,1113,742,15.0,52.8,0.8929,2004,9,28,2,2
4833,0.4,741,2.1,595,141,96,1080,686,14.4,54.5,0.8887,2004,9,28,2,3
4834,0.5,748,2.2,595,107,61,1089,677,12.8,59.8,0.8801,2004,9,28,2,4
4835,0.7,791,3.9,704,166,69,1154,748,11.9,62.7,0.8726,2004,9,28,2,5
4836,1.2,875,7.3,871,241,82,1253,890,12.1,62.6,0.8825,2004,9,28,2,6
4837,2.4,1085,15.5,1164,368,120,1503,1155,13.5,58.2,0.8944,2004,9,28,2,7
4838,4.3,1268,27.1,1482,498,135,1849,1533,14.4,55.7,0.9087,2004,9,28,2,8
4839,4.1,1236,21.3,1332,641,152,1683,1550,17.8,45.7,0.9224,2004,9,28,2,9
4840,3.7,1274,19.9,1294,667,177,1595,2236,21.0,37.2,0.9155,2004,9,28,2,10
4841,3.4,1250,19.4,1280,550,181,1663,2178,24.5,29.8,0.9008,2004,9,28,2,11
4842,3.8,1224,21.8,1347,483,176,1670,1901,26.4,26.4,0.8969,2004,9,28,2,12
4843,4.1,1220,21.7,1344,524,163,1676,1743,25.2,26.8,0.8451,2004,9,28,2,13
4844,3.4,1166,18.9,1265,481,174,1570,1502,26.1,24.8,0.8283,2004,9,28,2,14
4845,2.3,1050,13.0,1084,305,117,1402,1153,26.2,24.4,0.8174,2004,9,28,2,15
4846,3.2,1174,18.8,1264,396,145,1598,1287,28.9,21.3,0.8382,2004,9,28,2,16
4847,4.8,1323,26.8,1474,501,173,1854,1547,28.0,23.3,0.8681,2004,9,28,2,17
4850,4.5,1309,23.1,1379,524,175,1841,1693,20.9,45.8,1.1159,2004,9,28,2,20
4851,2.1,1089,11.6,1037,247,129,1480,1336,19.8,48.6,1.113,2004,9,28,2,21
4852,1.5,1009,8.3,911,196,111,1359,1177,19.8,47.7,1.0885,2004,9,28,2,22
4853,1.1,930,5.7,796,135,85,1263,977,18.6,49.1,1.0435,2004,9,28,2,23
4854,1.1,929,5.9,805,146,86,1270,974,17.2,53.9,1.0498,2004,9,29,3,0
4855,0.9,872,4.1,718,106,71,1223,872,16.3,56.8,1.047,2004,9,29,3,1
4856,0.5,790,2.2,601,70,60,1157,734,17.4,53.4,1.0541,2004,9,29,3,2
4857,0.4,793,2.0,581,141,96,1152,668,15.5,58.8,1.0309,2004,9,29,3,3
4858,1.5,789,2.2,596,62,48,1161,698,14.6,62.1,1.0236,2004,9,29,3,4
4859,0.4,769,2.0,586,60,45,1134,650,17.1,52.5,1.013,2004,9,29,3,5
4860,0.7,852,4.0,713,92,53,1203,749,15.2,58.3,0.9986,2004,9,29,3,6
4861,2.0,1100,13.4,1097,277,94,1516,1106,14.9,59.2,0.9985,2004,9,29,3,7
4862,4.2,1326,28.0,1504,600,122,1968,1609,15.1,59.0,1.0086,2004,9,29,3,8
4863,5.2,1433,28.6,1518,693,170,1973,1770,19.0,47.8,1.0434,2004,9,29,3,9
4864,3.8,1310,21.4,1334,617,174,1747,1633,22.4,38.8,1.04,2004,9,29,3,10
4865,3.7,1304,19.1,1272,569,191,1673,1583,25.4,33.3,1.0679,2004,9,29,3,11
4866,3.4,1286,19.6,1286,409,179,1728,1449,27.2,30.4,1.081,2004,9,29,3,12
4867,3.1,1217,15.8,1175,335,148,1644,1451,25.5,34.8,1.1152,2004,9,29,3,13
4868,2.4,1104,13.5,1099,290,129,1483,1147,26.4,28.5,0.9658,2004,9,29,3,14
4869,2.8,1143,15.9,1176,312,148,1551,1108,27.7,25.1,0.9158,2004,9,29,3,15
4870,3.6,1205,19.9,1295,440,184,1613,1267,28.6,23.2,0.8917,2004,9,29,3,16
4871,4.0,1276,21.6,1340,450,188,1677,1303,27.2,26.3,0.9317,2004,9,29,3,17
4874,4.7,1339,22.8,1373,536,165,1797,1585,21.6,43.3,1.1019,2004,9,29,3,20
4875,1.9,1108,12.3,1061,238,133,1454,1315,21.1,44.8,1.1088,2004,9,29,3,21
4876,1.9,1116,10.9,1012,249,125,1445,1290,19.7,49.3,1.1148,2004,9,29,3,22
4877,1.2,981,7.1,860,150,101,1298,1059,20.3,47.8,1.1281,2004,9,29,3,23
4878,0.9,947,5.7,798,108,79,1276,943,19.4,50.3,1.1201,2004,9,30,4,0
4879,1.5,939,5.3,776,141,96,1259,913,18.3,53.1,1.1056,2004,9,30,4,1
4880,1.5,862,2.9,644,141,96,1173,720,17.5,56.1,1.1103,2004,9,30,4,2
4881,1.5,827,1.9,577,141,96,1143,640,19.2,50.3,1.1087,2004,9,30,4,3
4882,1.5,879,2.4,611,141,96,1189,779,16.6,59.6,1.117,2004,9,30,4,4
4883,1.5,911,4.0,710,141,96,1226,850,17.5,57.1,1.1311,2004,9,30,4,5
4884,1.5,1051,8.1,901,141,96,1379,1020,17.6,57.6,1.1471,2004,9,30,4,6
4885,1.5,1496,24.8,1425,141,96,1946,1605,18.0,57.0,1.1665,2004,9,30,4,7
4887,1.5,1428,20.9,1321,141,96,1779,1621,18.6,57.2,1.2146,2004,9,30,4,9
4888,1.5,1459,22.2,1356,141,96,1795,1712,20.2,53.0,1.2407,2004,9,30,4,10
4889,1.5,1486,23.5,1390,141,96,1835,1770,21.3,50.1,1.2539,2004,9,30,4,11
4890,1.7,1158,10.8,1008,141,96,1489,1175,24.6,42.8,1.3053,2004,9,30,4,12
4891,1.7,1200,11.2,1021,223,101,1510,1157,24.6,44.1,1.3477,2004,9,30,4,13
4892,2.2,1290,15.1,1151,267,113,1638,1219,25.6,43.4,1.4049,2004,9,30,4,14
4893,2.8,1366,17.4,1223,308,121,1744,1288,26.1,42.6,1.4172,2004,9,30,4,15
4894,3.9,1505,23.4,1388,422,146,1978,1503,25.8,44.8,1.4644,2004,9,30,4,16
4895,6.5,1728,35.9,1683,623,188,2365,1861,25.4,47.9,1.5346,2004,9,30,4,17
4896,6.3,1673,34.0,1643,572,182,2259,1781,24.6,50.0,1.5241,2004,9,30,4,18
4897,5.7,1636,30.1,1553,514,166,2130,1745,23.6,54.4,1.5687,2004,9,30,4,19
4898,4.4,1468,20.0,1296,414,142,1854,1590,22.6,59.5,1.6155,2004,9,30,4,20
4899,1.6,1180,10.5,997,143,84,1549,1127,22.1,61.3,1.6133,2004,9,30,4,21
4900,1.5,1138,9.0,938,147,87,1500,1098,22.1,61.3,1.6053,2004,9,30,4,22
4901,1.7,1192,10.7,1004,159,91,1577,1176,21.1,64.7,1.5956,2004,9,30,4,23
4902,1.9,1176,10.4,993,206,91,1572,1178,20.3,66.4,1.5591,2004,10,1,5,0
4903,1.6,1137,9.7,967,140,74,1557,1091,19.4,69.3,1.5418,2004,10,1,5,1
4904,1.3,1035,6.9,851,132,69,1465,1002,19.0,70.8,1.5417,2004,10,1,5,2
4905,0.8,943,4.0,709,141,96,1348,876,20.2,65.8,1.5442,2004,10,1,5,3
4906,0.6,904,3.0,655,81,54,1326,824,19.8,67.2,1.5322,2004,10,1,5,4
4907,0.7,966,4.3,726,120,60,1371,892,19.0,70.3,1.5308,2004,10,1,5,5
4908,1.6,1124,9.8,972,279,69,1568,1092,18.8,71.8,1.5372,2004,10,1,5,6
4909,2.9,1348,17.2,1217,392,91,1816,1413,20.2,66.3,1.555,2004,10,1,5,7
4910,4.1,1499,27.9,1501,433,97,2130,1565,20.8,64.3,1.563,2004,10,1,5,8
4911,3.7,1427,20.5,1311,531,114,1900,1594,22.3,59.3,1.5705,2004,10,1,5,9
4912,3.6,1473,21.2,1330,619,129,1908,1677,23.2,56.6,1.5929,2004,10,1,5,10
4913,3.4,1440,19.9,1294,522,137,1879,1616,23.8,54.7,1.587,2004,10,1,5,11
4914,3.7,1474,21.1,1326,505,134,1943,1610,23.5,56.2,1.6048,2004,10,1,5,12
4915,4.1,1485,22.3,1359,465,132,2005,1614,23.9,54.4,1.5963,2004,10,1,5,13
4916,3.2,1053,7.9,895,383,123,1446,942,17.2,48.6,0.9768,2004,10,1,5,14
4917,2.4,1306,12.9,1079,278,105,1668,1286,25.4,47.4,1.517,2004,10,1,5,15
4918,3.4,1464,18.4,1251,372,136,1853,1487,26.4,45.4,1.54,2004,10,1,5,16
4919,5.6,1629,26.5,1466,540,169,2130,1703,25.8,46.9,1.5375,2004,10,1,5,17
4922,1.5,1424,19.9,1293,141,96,1902,1550,22.8,58.1,1.5951,2004,10,1,5,20
4923,1.5,1297,13.5,1100,141,96,1710,1350,21.5,63.2,1.5993,2004,10,1,5,21
4924,1.5,1214,11.2,1022,141,96,1592,1235,21.3,63.0,1.5798,2004,10,1,5,22
4925,1.5,1160,9.1,944,141,96,1523,1162,20.8,64.1,1.554,2004,10,1,5,23
4926,1.5,1232,10.9,1012,141,96,1595,1211,20.6,64.0,1.5346,2004,10,2,6,0
4927,1.5,1134,8.4,914,141,96,1512,1097,20.6,63.4,1.519,2004,10,2,6,1
4928,1.5,1071,7.1,860,141,96,1500,1021,20.4,64.4,1.522,2004,10,2,6,2
4929,1.5,968,4.3,730,141,96,1388,913,21.3,61.0,1.529,2004,10,2,6,3
4930,1.5,994,4.0,711,141,96,1384,909,20.5,64.0,1.5247,2004,10,2,6,4
4931,1.5,1046,5.8,804,141,96,1458,983,20.3,65.3,1.5321,2004,10,2,6,5
4932,1.5,1066,6.3,827,141,96,1479,1024,20.1,65.9,1.5321,2004,10,2,6,6
4933,1.5,1277,12.3,1061,141,96,1691,1243,20.2,65.6,1.5368,2004,10,2,6,7
4934,1.5,1290,13.3,1093,141,96,1677,1253,21.1,62.8,1.5481,2004,10,2,6,8
4935,1.5,1268,12.5,1066,141,96,1665,1240,22.5,57.5,1.5518,2004,10,2,6,9
4936,1.5,1243,10.5,997,141,96,1587,1155,24.2,51.9,1.5426,2004,10,2,6,10
4937,1.5,1300,12.1,1053,141,96,1650,1193,25.2,48.9,1.5437,2004,10,2,6,11
4938,1.5,1278,12.1,1053,141,96,1641,1153,25.8,47.8,1.5662,2004,10,2,6,12
4939,1.5,1249,11.2,1023,141,96,1640,1034,25.7,49.2,1.5988,2004,10,2,6,13
4940,1.5,1145,7.2,867,141,96,1499,870,25.8,49.6,1.6213,2004,10,2,6,14
4941,1.5,1199,8.7,928,141,96,1533,890,25.7,48.8,1.5913,2004,10,2,6,15
4942,1.5,1236,9.6,962,141,96,1589,946,26.5,45.9,1.5626,2004,10,2,6,16
4943,1.5,1289,11.6,1037,141,96,1648,1033,25.4,48.9,1.565,2004,10,2,6,17
4944,1.5,1299,12.7,1072,141,96,1688,1107,24.4,52.5,1.583,2004,10,2,6,18
4945,1.5,1506,20.7,1315,141,96,1954,1395,23.9,54.6,1.5936,2004,10,2,6,19
4946,1.5,1432,17.8,1234,141,96,1849,1342,22.9,57.9,1.5958,2004,10,2,6,20
4947,1.5,1193,11.2,1021,141,96,1633,1152,22.1,61.1,1.6012,2004,10,2,6,21
4948,1.5,1188,10.8,1007,141,96,1577,1128,20.8,65.6,1.5898,2004,10,2,6,22
4949,1.5,1162,9.4,953,141,96,1526,1104,21.7,60.8,1.563,2004,10,2,6,23
4950,1.5,1106,8.5,921,141,96,1506,1055,21.1,62.8,1.5505,2004,10,3,7,0
4951,1.5,1037,6.5,836,141,96,1467,904,20.7,63.2,1.524,2004,10,3,7,1
4952,1.5,982,5.1,768,141,96,1416,835,21.2,61.5,1.5241,2004,10,3,7,2
4953,1.5,944,4.5,740,141,96,1412,781,20.3,64.6,1.518,2004,10,3,7,3
4954,1.5,929,3.9,703,141,96,1391,761,20.2,64.4,1.5035,2004,10,3,7,4
4955,1.5,906,3.3,672,141,96,1377,742,20.1,65.3,1.5153,2004,10,3,7,5
4956,1.5,907,3.2,665,141,96,1370,779,19.9,66.0,1.5141,2004,10,3,7,6
4957,1.5,1013,5.4,781,141,96,1469,894,19.8,66.4,1.5145,2004,10,3,7,7
4958,1.5,1055,5.6,795,141,96,1476,927,20.4,64.1,1.5178,2004,10,3,7,8
4959,1.5,1138,7.5,880,141,96,1538,1034,21.6,60.8,1.5496,2004,10,3,7,9
4960,1.5,1250,10.7,1003,141,96,1638,1217,23.5,54.5,1.5553,2004,10,3,7,10
4961,1.5,1165,8.4,916,141,96,1517,1093,25.7,46.6,1.5105,2004,10,3,7,11
4962,1.5,1229,11.3,1025,141,96,1588,1073,26.6,43.7,1.5031,2004,10,3,7,12
4963,1.5,1168,8.3,911,141,96,1517,969,27.4,41.8,1.5056,2004,10,3,7,13
4964,1.5,1092,6.0,814,141,96,1446,777,27.4,42.8,1.5344,2004,10,3,7,14
4965,1.5,1109,6.7,843,141,96,1458,743,27.1,43.3,1.5255,2004,10,3,7,15
4966,1.5,1133,6.2,823,141,96,1449,777,26.9,44.4,1.551,2004,10,3,7,16
4967,1.5,1192,7.7,887,141,96,1488,819,26.9,44.4,1.5538,2004,10,3,7,17
4968,1.5,1298,11.0,1015,141,96,1619,1056,24.7,51.9,1.5868,2004,10,3,7,18
4969,1.5,1524,20.8,1320,141,96,1925,1481,23.7,55.6,1.6074,2004,10,3,7,19
4970,1.5,1540,21.4,1336,141,96,1929,1590,22.7,59.6,1.6261,2004,10,3,7,20
4971,1.5,1190,10.4,992,141,96,1587,1211,21.9,61.4,1.5946,2004,10,3,7,21
4972,1.5,1092,8.3,911,141,96,1506,1052,22.0,59.8,1.562,2004,10,3,7,22
4973,1.5,1079,7.8,890,141,96,1522,1000,20.5,64.9,1.5473,2004,10,3,7,23
4974,1.5,995,5.5,789,141,96,1432,874,19.8,66.9,1.5277,2004,10,4,1,0
4975,1.5,960,5.2,772,141,96,1431,852,18.4,71.6,1.4997,2004,10,4,1,1
4976,1.5,890,3.2,666,141,96,1323,728,18.9,68.6,1.4818,2004,10,4,1,2
4977,1.5,860,2.7,632,141,96,1322,713,17.8,72.3,1.4546,2004,10,4,1,3
4978,1.5,860,3.0,652,141,96,1326,734,17.1,73.9,1.4262,2004,10,4,1,4
4979,1.5,883,4.0,713,141,96,1351,777,17.7,70.3,1.4088,2004,10,4,1,5
4980,1.5,929,5.6,795,141,96,1373,815,17.1,71.8,1.3936,2004,10,4,1,6
4981,1.5,1100,11.1,1018,141,96,1573,1002,18.3,67.5,1.4044,2004,10,4,1,7
4982,1.5,1257,20.1,1299,141,96,1864,1302,18.5,67.0,1.4135,2004,10,4,1,8
4983,1.5,1402,23.6,1393,141,96,1967,1542,19.9,61.7,1.4193,2004,10,4,1,9
4984,1.5,1376,21.0,1324,141,96,1886,1571,22.9,52.6,1.4519,2004,10,4,1,10
4985,1.5,1374,21.8,1346,141,96,1910,1614,24.2,49.0,1.4586,2004,10,4,1,11
4986,1.5,1381,22.1,1355,141,96,1931,1583,25.8,44.7,1.459,2004,10,4,1,12
4987,1.5,1282,18.2,1247,141,96,1829,1285,26.0,44.5,1.4731,2004,10,4,1,13
4988,1.5,1188,14.2,1124,141,96,1655,1094,27.1,40.2,1.4217,2004,10,4,1,14
4989,1.5,1227,14.9,1147,141,96,1707,1113,27.4,39.8,1.4318,2004,10,4,1,15
4990,1.5,1364,21.1,1328,141,96,1898,1395,28.9,36.3,1.4291,2004,10,4,1,16
4991,1.5,1531,30.3,1558,141,96,2181,1620,28.4,37.5,1.4251,2004,10,4,1,17
4994,1.5,1356,21.3,1331,141,96,1925,1643,23.3,53.0,1.4939,2004,10,4,1,20
4995,1.5,1084,10.0,979,141,96,1539,1239,22.6,55.1,1.4899,2004,10,4,1,21
4996,1.5,1039,8.9,936,141,96,1499,1121,21.2,59.3,1.4787,2004,10,4,1,22
4997,1.5,1011,7.4,875,141,96,1446,1012,20.6,60.9,1.4642,2004,10,4,1,23
4998,1.5,968,6.4,831,141,96,1425,961,20.0,63.1,1.4592,2004,10,5,2,0
4999,1.5,867,3.7,693,141,96,1335,825,19.7,63.4,1.4383,2004,10,5,2,1
5000,1.5,820,2.5,620,141,96,1270,703,20.8,58.8,1.4305,2004,10,5,2,2
5001,1.5,826,2.7,631,141,96,1280,752,17.8,69.8,1.4058,2004,10,5,2,3
5002,1.5,835,2.5,620,141,96,1260,741,18.8,65.3,1.4023,2004,10,5,2,4
5003,1.5,887,4.1,717,141,96,1334,786,17.6,69.5,1.3889,2004,10,5,2,5
5004,1.5,990,7.8,889,141,96,1450,952,17.4,69.7,1.3714,2004,10,5,2,6
5005,1.5,1511,30.8,1569,141,96,2195,1601,17.4,70.1,1.3783,2004,10,5,2,7
5006,1.5,1352,26.4,1465,141,96,1998,1621,18.5,65.5,1.3787,2004,10,5,2,8
5007,1.5,1337,21.6,1339,141,96,1870,1622,20.6,58.5,1.4054,2004,10,5,2,9
5008,1.5,1435,22.8,1373,141,96,1910,1759,23.9,48.7,1.4269,2004,10,5,2,10
5009,1.5,1377,19.3,1276,141,96,1790,1666,26.0,43.8,1.4499,2004,10,5,2,11
5010,1.5,1562,30.4,1559,141,96,2130,1918,28.6,37.3,1.4423,2004,10,5,2,12
5011,1.5,1358,23.4,1389,141,96,1886,1525,27.9,38.0,1.4029,2004,10,5,2,13
5012,1.5,1301,17.1,1212,141,96,1717,1332,28.4,37.6,1.4282,2004,10,5,2,14
5013,1.5,1255,14.6,1136,141,96,1675,1183,28.5,37.3,1.4329,2004,10,5,2,15
5014,1.5,1410,21.6,1340,141,96,1841,1414,30.8,31.8,1.3908,2004,10,5,2,16
5015,1.5,1578,31.9,1595,141,96,2181,1680,29.7,33.1,1.3546,2004,10,5,2,17
5018,1.5,1539,23.9,1402,141,96,2018,1780,23.9,57.2,1.6774,2004,10,5,2,20
5019,1.5,1409,20.3,1304,141,96,1829,1640,22.7,60.8,1.6582,2004,10,5,2,21
5020,1.5,1231,12.8,1077,141,96,1580,1379,21.8,59.9,1.5492,2004,10,5,2,22
5021,1.5,1092,8.7,928,141,96,1470,1139,22.4,58.3,1.561,2004,10,5,2,23
5022,1.5,1036,6.8,850,141,96,1411,1001,21.7,60.2,1.5442,2004,10,6,3,0
5023,1.5,984,5.3,780,141,96,1377,910,21.2,61.4,1.5258,2004,10,6,3,1
5024,1.5,950,4.6,743,141,96,1377,895,19.3,68.4,1.513,2004,10,6,3,2
5025,1.5,889,3.2,665,141,96,1310,805,19.8,65.1,1.49,2004,10,6,3,3
5026,1.5,865,2.8,636,141,96,1285,761,20.0,62.9,1.4495,2004,10,6,3,4
5027,1.5,917,3.6,686,141,96,1304,805,18.3,68.5,1.4291,2004,10,6,3,5
5028,1.5,997,6.2,823,141,96,1395,894,18.1,68.5,1.4067,2004,10,6,3,6
5029,1.5,1433,24.2,1409,141,96,1972,1439,17.6,70.5,1.4057,2004,10,6,3,7
5030,1.5,1516,32.0,1596,141,96,2183,1706,18.3,67.8,1.4091,2004,10,6,3,8
5031,1.5,1528,25.8,1449,141,96,2039,1756,20.4,61.2,1.447,2004,10,6,3,9
5032,1.5,1347,16.2,1186,141,96,1713,1493,22.5,55.6,1.499,2004,10,6,3,10
5033,1.5,1392,17.7,1231,141,96,1771,1567,25.7,46.4,1.507,2004,10,6,3,11
5034,1.5,1359,16.5,1195,141,96,1784,1376,26.8,44.6,1.5467,2004,10,6,3,12
5035,1.5,1391,18.3,1249,141,96,1845,1399,26.0,46.4,1.5414,2004,10,6,3,13
5036,1.5,1335,14.6,1137,141,96,1729,1293,26.3,46.0,1.5478,2004,10,6,3,14
5037,1.5,1402,17.1,1213,141,96,1789,1348,27.4,43.9,1.5811,2004,10,6,3,15
5038,1.5,1406,17.2,1216,141,96,1772,1314,29.6,36.7,1.4936,2004,10,6,3,16
5039,1.5,1527,24.6,1419,141,96,1966,1507,28.7,37.3,1.4486,2004,10,6,3,17
5040,1.5,1559,26.9,1476,141,96,2022,1660,25.7,44.1,1.4331,2004,10,6,3,18
5043,1.5,1336,16.8,1204,141,96,1759,1490,22.4,57.9,1.5449,2004,10,6,3,21
5044,1.5,1189,11.0,1014,141,96,1553,1249,22.7,55.8,1.5218,2004,10,6,3,22
5045,1.5,1226,11.4,1029,141,96,1570,1265,20.4,62.4,1.4758,2004,10,6,3,23
5046,1.5,1171,9.9,972,141,96,1529,1181,20.3,64.2,1.5063,2004,10,7,4,0
5047,1.5,1002,5.0,762,141,96,1385,954,21.4,60.6,1.5236,2004,10,7,4,1
5048,1.5,950,3.7,696,141,96,1375,875,20.3,66.3,1.5657,2004,10,7,4,2
5049,1.5,930,3.1,660,141,96,1321,838,20.9,62.2,1.5182,2004,10,7,4,3
5050,1.5,924,2.9,643,141,96,1329,825,19.9,66.1,1.5198,2004,10,7,4,4
5051,1.5,994,4.4,732,141,96,1400,882,19.8,67.1,1.5305,2004,10,7,4,5
5052,1.5,1089,7.4,873,141,96,1479,990,20.1,64.4,1.4967,2004,10,7,4,6
5053,1.5,1468,19.4,1280,141,96,1899,1423,19.7,66.4,1.5035,2004,10,7,4,7
5055,1.5,1479,22.2,1357,141,96,1937,1581,22.5,57.0,1.5314,2004,10,7,4,9
5056,1.5,1425,18.5,1255,141,96,1864,1500,23.5,53.4,1.5241,2004,10,7,4,10
5057,1.5,1279,14.0,1116,141,96,1668,1268,24.7,48.2,1.4802,2004,10,7,4,11
5058,1.5,1319,15.5,1165,141,96,1743,1230,27.1,40.9,1.4405,2004,10,7,4,12
5059,1.5,1329,15.7,1172,141,96,1739,1204,25.9,44.2,1.4576,2004,10,7,4,13
5060,1.5,1327,15.7,1172,141,96,1747,1205,26.9,41.8,1.4555,2004,10,7,4,14
5061,1.5,1282,12.7,1075,141,96,1651,1103,27.2,40.7,1.4481,2004,10,7,4,15
5062,2.9,1342,15.3,1157,267,87,1707,1195,28.6,37.6,1.4468,2004,10,7,4,16
5063,5.4,1623,28.8,1522,398,111,2110,1618,28.0,38.5,1.437,2004,10,7,4,17
5064,5.3,1576,26.1,1458,418,119,2024,1637,25.2,45.8,1.4464,2004,10,7,4,18
5065,6.7,1747,37.1,1709,515,128,2370,1876,24.0,50.6,1.4892,2004,10,7,4,19
5067,2.8,1331,16.5,1194,326,92,1715,1477,22.3,57.1,1.5219,2004,10,7,4,21
5068,1.7,1182,11.0,1016,209,73,1572,1210,21.8,58.2,1.5036,2004,10,7,4,22
5069,1.7,1162,10.8,1008,183,60,1556,1160,20.9,61.3,1.4923,2004,10,7,4,23
5070,1.7,1147,9.6,964,165,60,1517,1116,20.6,62.0,1.4827,2004,10,8,5,0
5071,1.2,1040,6.5,836,111,53,1423,974,20.3,62.5,1.472,2004,10,8,5,1
5072,0.7,920,3.6,688,67,47,1317,820,20.5,62.1,1.4771,2004,10,8,5,2
5073,0.7,931,3.3,670,141,96,1326,792,18.7,68.5,1.4586,2004,10,8,5,3
5074,0.8,954,4.4,731,88,43,1360,839,18.2,70.3,1.4498,2004,10,8,5,4
5075,0.9,981,5.5,790,147,47,1390,898,18.2,70.1,1.4552,2004,10,8,5,5
5076,1.7,1147,10.8,1009,279,50,1589,1096,18.2,70.0,1.4519,2004,10,8,5,6
5078,4.3,1490,24.8,1424,592,75,2033,1604,19.5,66.9,1.4999,2004,10,8,5,8
5079,3.9,1473,24.2,1409,557,87,1984,1637,21.1,61.1,1.5056,2004,10,8,5,9
5080,5.1,1582,29.5,1539,693,128,2141,1827,23.2,54.7,1.5349,2004,10,8,5,10
5081,3.7,1468,21.0,1323,530,105,1913,1641,24.4,52.5,1.5807,2004,10,8,5,11
5082,3.3,1413,19.6,1285,412,101,1883,1505,26.4,45.8,1.553,2004,10,8,5,12
5083,3.6,1400,21.2,1331,366,100,1916,1465,27.7,39.2,1.4356,2004,10,8,5,13
5084,3.2,1361,18.0,1238,344,98,1805,1368,28.0,39.6,1.4738,2004,10,8,5,14
5085,3.5,1389,20.5,1311,339,98,1845,1748,28.7,38.4,1.486,2004,10,8,5,15
5086,2.4,1305,15.6,1167,297,98,1690,1301,28.5,39.4,1.5147,2004,10,8,5,16
5087,2.9,1354,19.2,1275,294,90,1799,1338,28.4,39.8,1.5191,2004,10,8,5,17
5088,2.3,1352,20.0,1296,211,84,1846,1337,26.4,45.9,1.5572,2004,10,8,5,18
5089,3.1,1472,21.1,1327,323,101,1895,1516,25.2,49.5,1.5665,2004,10,8,5,19
5090,2.9,1412,18.6,1256,333,98,1797,1435,24.9,50.9,1.5856,2004,10,8,5,20
5091,1.5,1221,12.3,1061,163,76,1615,1178,24.6,52.2,1.5951,2004,10,8,5,21
5092,1.5,1230,10.3,990,151,71,1559,1111,24.0,54.4,1.6049,2004,10,8,5,22
5093,1.7,1247,9.6,961,167,71,1569,1112,23.8,56.1,1.6298,2004,10,8,5,23
5094,1.6,1217,9.9,975,174,66,1565,1109,22.3,60.6,1.608,2004,10,9,6,0
5095,1.3,1158,8.6,923,142,62,1519,1072,21.9,61.5,1.5967,2004,10,9,6,1
5096,1.4,1150,7.3,871,155,58,1502,1030,21.1,64.5,1.594,2004,10,9,6,2
5097,0.9,1061,5.4,785,141,96,1447,935,21.0,64.4,1.5828,2004,10,9,6,3
5098,0.9,1062,5.1,770,96,48,1450,922,21.3,63.9,1.5951,2004,10,9,6,4
5099,1.3,1157,7.8,890,154,53,1549,1054,20.8,66.7,1.6201,2004,10,9,6,5
5100,1.3,1167,8.2,907,211,55,1548,1082,20.6,67.5,1.621,2004,10,9,6,6
5101,2.9,1403,17.6,1229,381,63,1872,1365,20.9,66.3,1.6165,2004,10,9,6,7
5102,3.2,1453,20.1,1298,470,69,1940,1497,21.5,63.7,1.6186,2004,10,9,6,8
5103,3.4,1455,18.7,1260,464,84,1868,1540,23.7,56.0,1.6238,2004,10,9,6,9
5104,3.6,1512,19.5,1282,450,95,1899,1554,26.0,48.2,1.598,2004,10,9,6,10
5105,2.3,1331,13.0,1082,274,80,1689,1252,28.5,42.4,1.6286,2004,10,9,6,11
5106,3.1,1472,18.2,1246,306,87,1873,1455,28.1,45.3,1.6957,2004,10,9,6,12
5107,3.3,1430,16.2,1187,308,94,1812,1339,29.0,43.9,1.7309,2004,10,9,6,13
5108,1.9,1264,11.0,1016,186,76,1650,1062,28.9,44.3,1.7392,2004,10,9,6,14
5109,2.6,1378,15.9,1177,238,92,1775,1266,29.6,42.3,1.7248,2004,10,9,6,15
5110,2.7,1377,14.2,1123,249,94,1716,1223,29.4,42.9,1.7308,2004,10,9,6,16
5111,3.7,1527,19.9,1293,378,110,1907,1469,28.7,45.1,1.7468,2004,10,9,6,17
5112,3.8,1573,21.7,1343,386,109,1990,1553,27.0,51.2,1.7928,2004,10,9,6,18
5113,4.8,1674,25.7,1447,461,122,2065,1689,26.5,52.7,1.7966,2004,10,9,6,19
5114,3.5,1455,17.3,1218,394,107,1796,1387,26.2,51.7,1.7334,2004,10,9,6,20
5115,2.2,1242,11.2,1022,266,83,1641,1139,24.8,56.4,1.7447,2004,10,9,6,21
5116,1.5,1181,8.9,935,158,62,1565,960,24.9,56.0,1.7367,2004,10,9,6,22
5117,3.4,1468,15.2,1155,319,89,1738,1293,24.5,57.5,1.7433,2004,10,9,6,23
5118,3.7,1520,17.2,1217,409,103,1812,1357,24.7,56.9,1.7438,2004,10,10,7,0
5119,2.0,1203,11.9,1046,223,74,1664,1103,23.9,59.2,1.7327,2004,10,10,7,1
5120,1.4,1096,8.1,903,107,52,1560,857,23.8,60.2,1.7515,2004,10,10,7,2
5121,1.1,991,4.9,759,141,96,1440,658,23.5,61.3,1.7538,2004,10,10,7,3
5122,1.5,941,3.6,686,50,38,1406,549,22.8,64.0,1.7507,2004,10,10,7,4
5123,0.7,952,3.7,695,56,39,1429,627,22.2,65.6,1.7355,2004,10,10,7,5
5124,1.2,1082,6.3,825,163,59,1526,930,21.3,69.1,1.7275,2004,10,10,7,6
5125,1.3,1095,7.7,886,187,56,1574,1001,21.3,68.2,1.7127,2004,10,10,7,7
5126,1.1,1049,6.3,826,150,51,1521,917,22.2,65.2,1.7256,2004,10,10,7,8
5127,1.0,1055,5.6,795,103,51,1494,834,24.1,59.0,1.7449,2004,10,10,7,9
5128,1.2,1074,5.1,767,143,58,1489,796,24.3,61.6,1.8468,2004,10,10,7,10
5129,1.9,1229,9.0,941,220,68,1653,1040,24.8,59.6,1.8351,2004,10,10,7,11
5130,2.3,1228,9.3,952,301,81,1622,1110,24.5,58.8,1.7838,2004,10,10,7,12
5131,1.6,1107,5.9,807,214,73,1546,836,21.0,76.8,1.8881,2004,10,10,7,13
5132,1.3,1031,4.4,732,162,69,1476,704,19.8,78.0,1.7879,2004,10,10,7,14
5133,1.8,1155,5.8,804,232,81,1510,773,19.4,80.5,1.7917,2004,10,10,7,15
5134,1.7,1131,6.6,841,254,82,1531,811,19.6,79.1,1.7877,2004,10,10,7,16
5135,1.8,1143,7.8,890,224,71,1578,848,20.8,73.1,1.7695,2004,10,10,7,17
5136,2.0,1145,8.4,915,247,81,1586,892,21.1,68.6,1.7014,2004,10,10,7,18
5137,2.2,1169,8.3,910,334,87,1563,992,21.1,68.3,1.6914,2004,10,10,7,19
5138,1.6,1105,8.1,905,239,72,1576,950,21.2,67.7,1.6848,2004,10,10,7,20
5139,1.3,1049,6.1,817,168,63,1517,882,20.8,68.6,1.6719,2004,10,10,7,21
5140,1.5,1069,6.7,844,185,63,1527,883,20.8,68.1,1.6585,2004,10,10,7,22
5141,1.5,1073,6.6,838,178,63,1549,892,20.7,68.4,1.6507,2004,10,10,7,23
5142,1.3,1039,6.1,817,132,55,1502,836,20.1,70.5,1.6384,2004,10,11,1,0
5143,1.4,1021,6.0,811,135,52,1502,837,20.2,67.9,1.5901,2004,10,11,1,1
5144,0.5,825,1.4,536,39,32,1302,498,19.4,70.4,1.5663,2004,10,11,1,2
5145,0.4,828,1.7,558,141,96,1304,494,18.8,73.8,1.5885,2004,10,11,1,3
5146,0.4,847,1.9,576,33,29,1321,507,17.9,77.7,1.5795,2004,10,11,1,4
5147,0.6,903,3.4,679,90,44,1385,660,18.2,76.9,1.5945,2004,10,11,1,5
5148,1.1,1041,7.2,865,164,53,1486,902,18.6,74.9,1.5918,2004,10,11,1,6
5149,2.9,1314,19.0,1267,336,62,1888,1240,19.6,70.3,1.5821,2004,10,11,1,7
5150,3.5,1326,24.5,1416,366,68,1971,1395,20.2,66.6,1.5567,2004,10,11,1,8
5151,4.6,1464,25.6,1444,565,85,2049,1625,19.7,68.9,1.5638,2004,10,11,1,9
5152,3.4,1313,17.1,1213,536,88,1789,1359,19.2,73.4,1.6192,2004,10,11,1,10
5153,2.3,1202,12.3,1058,416,82,1623,1152,20.0,69.6,1.607,2004,10,11,1,11
5154,2.7,1225,15.2,1155,379,91,1738,1159,21.1,64.0,1.5795,2004,10,11,1,12
5155,3.1,1257,18.3,1248,368,87,1837,1179,20.2,67.4,1.5832,2004,10,11,1,13
5156,3.2,1271,17.2,1217,444,90,1810,1227,20.2,68.9,1.6074,2004,10,11,1,14
5157,2.5,1179,14.1,1120,352,97,1667,1119,21.9,57.6,1.4942,2004,10,11,1,15
5158,3.4,1278,18.3,1248,375,99,1814,1243,23.2,52.0,1.4642,2004,10,11,1,16
5159,4.8,1435,25.0,1429,479,109,2072,1449,21.7,59.1,1.5115,2004,10,11,1,17
5160,4.5,1326,22.2,1356,448,95,1966,1405,20.8,61.4,1.4898,2004,10,11,1,18
5161,4.0,1324,21.4,1335,388,80,1920,1444,19.9,64.2,1.4711,2004,10,11,1,19
5162,3.2,1206,16.2,1185,376,76,1751,1386,19.7,65.1,1.4769,2004,10,11,1,20
5163,1.9,1052,10.3,987,224,62,1556,1102,20.0,63.3,1.4672,2004,10,11,1,21
5164,1.9,1057,8.9,934,206,57,1525,1041,19.0,66.1,1.4415,2004,10,11,1,22
5165,1.3,952,6.5,833,143,57,1381,881,18.8,60.9,1.3032,2004,10,11,1,23
5166,1.1,911,5.1,769,113,54,1340,791,18.9,60.7,1.311,2004,10,12,2,0
5167,1.0,898,4.6,742,93,50,1345,796,18.1,65.2,1.343,2004,10,12,2,1
5168,0.5,809,2.1,593,58,44,1277,647,18.3,65.1,1.3529,2004,10,12,2,2
5169,0.6,823,2.4,616,141,96,1300,716,18.3,66.9,1.3952,2004,10,12,2,3
5170,0.5,814,3.2,666,56,34,1311,719,17.8,67.5,1.3674,2004,10,12,2,4
5171,0.8,857,3.9,705,105,44,1312,733,16.9,66.7,1.2772,2004,10,12,2,5
5172,1.2,935,6.0,810,243,74,1356,835,17.8,60.6,1.2276,2004,10,12,2,6
5173,2.7,1159,13.8,1110,492,101,1650,1094,17.6,60.8,1.2151,2004,10,12,2,7
5174,3.0,1102,14.8,1141,435,103,1594,1114,17.9,57.8,1.1751,2004,10,12,2,8
5175,1.5,979,8.4,917,141,96,1398,903,18.1,56.4,1.1645,2004,10,12,2,9
5176,1.5,998,9.0,941,141,96,1442,914,18.2,55.9,1.1547,2004,10,12,2,10
5177,1.5,962,8.3,911,141,96,1380,872,19.7,49.1,1.1148,2004,10,12,2,11
5178,1.5,985,9.5,957,141,96,1426,860,20.8,45.8,1.1126,2004,10,12,2,12
5179,1.5,1043,12.1,1053,141,96,1514,959,20.5,46.0,1.1,2004,10,12,2,13
5180,1.5,929,7.4,875,141,96,1365,814,18.9,50.6,1.0927,2004,10,12,2,14
5181,1.5,946,8.0,898,141,96,1377,827,18.4,51.6,1.0832,2004,10,12,2,15
5182,1.5,955,7.9,894,141,96,1366,804,17.9,52.6,1.0711,2004,10,12,2,16
5183,1.5,1004,10.9,1012,141,96,1460,906,17.1,54.2,1.0503,2004,10,12,2,17
5184,1.5,1037,12.1,1053,141,96,1480,958,16.5,56.2,1.0455,2004,10,12,2,18
5185,1.5,1066,14.7,1140,141,96,1577,1032,16.7,54.1,1.0212,2004,10,12,2,19
5186,1.5,890,6.0,813,141,96,1274,772,15.4,57.7,1.0008,2004,10,12,2,20
5187,1.5,843,4.3,729,141,96,1219,618,15.5,57.1,0.9971,2004,10,12,2,21
5188,1.5,834,4.1,716,141,96,1205,614,15.6,55.9,0.985,2004,10,12,2,22
5189,1.5,809,3.1,659,141,96,1161,550,14.8,58.4,0.9777,2004,10,12,2,23
5190,1.5,786,2.2,600,141,96,1132,511,14.8,57.9,0.9662,2004,10,13,3,0
5191,1.5,747,1.5,543,141,96,1100,469,14.6,57.6,0.9517,2004,10,13,3,1
5192,1.5,723,0.9,485,141,96,1065,425,14.6,57.1,0.9428,2004,10,13,3,2
5193,1.5,704,0.5,444,141,96,1050,394,14.4,57.6,0.9416,2004,10,13,3,3
5194,1.5,709,0.6,449,141,96,1055,392,14.5,57.4,0.9413,2004,10,13,3,4
5195,1.5,726,0.7,466,141,96,1066,408,14.3,58.4,0.9501,2004,10,13,3,5
5196,1.5,798,2.2,599,141,96,1141,517,14.7,57.4,0.9564,2004,10,13,3,6
5197,1.5,925,5.8,800,141,96,1272,750,14.3,58.1,0.9404,2004,10,13,3,7
5198,1.5,906,5.9,809,141,96,1272,787,14.0,58.3,0.9294,2004,10,13,3,8
5199,1.5,896,5.9,809,286,78,1257,788,15.4,53.2,0.9246,2004,10,13,3,9
5200,1.2,882,5.3,776,281,72,1222,760,16.5,49.9,0.9289,2004,10,13,3,10
5201,1.5,948,6.9,853,141,96,1283,839,17.4,47.6,0.9387,2004,10,13,3,11
5202,1.5,945,7.7,886,141,96,1307,827,18.0,46.1,0.9401,2004,10,13,3,12
5203,1.5,942,7.3,871,141,96,1314,765,17.9,46.5,0.9474,2004,10,13,3,13
5204,1.5,943,7.2,864,141,96,1297,814,17.4,48.3,0.955,2004,10,13,3,14
5205,1.5,894,6.0,810,141,96,1258,737,16.0,52.6,0.9489,2004,10,13,3,15
5206,1.5,984,8.3,910,141,96,1348,875,15.3,58.7,1.0154,2004,10,13,3,16
5207,1.5,1044,11.2,1022,141,96,1454,983,15.2,55.9,0.9572,2004,10,13,3,17
5208,1.5,981,10.1,983,141,96,1370,942,14.8,56.3,0.9459,2004,10,13,3,18
5209,1.5,1021,10.6,1001,141,96,1415,971,14.7,57.8,0.9626,2004,10,13,3,19
5210,1.5,943,7.2,867,141,96,1314,891,14.8,57.3,0.9603,2004,10,13,3,20
5211,1.5,863,4.4,732,141,96,1207,724,14.9,57.1,0.9581,2004,10,13,3,21
5212,1.5,847,3.8,698,141,96,1174,719,15.2,55.5,0.9521,2004,10,13,3,22
5213,1.5,859,3.8,698,141,96,1189,705,15.3,55.4,0.9564,2004,10,13,3,23
5214,1.5,861,4.0,712,141,96,1197,718,15.1,56.9,0.9673,2004,10,14,4,0
5215,1.5,786,2.2,602,141,96,1123,584,15.0,56.4,0.9554,2004,10,14,4,1
5216,1.5,740,1.1,506,141,96,1074,469,14.9,56.4,0.9474,2004,10,14,4,2
5217,1.5,730,0.8,483,141,96,1065,438,15.2,54.7,0.9394,2004,10,14,4,3
5218,1.5,728,0.8,475,141,96,1061,432,15.1,55.4,0.9439,2004,10,14,4,4
5219,1.5,755,1.2,517,141,96,1091,487,14.9,56.8,0.9541,2004,10,14,4,5
5220,1.5,854,3.2,663,141,96,1189,655,15.2,55.9,0.9589,2004,10,14,4,6
5221,1.5,1079,10.2,985,141,96,1465,1009,15.3,56.3,0.9684,2004,10,14,4,7
5222,1.5,1097,13.6,1103,141,96,1520,1113,15.6,55.4,0.9725,2004,10,14,4,8
5223,1.5,1024,9.9,976,141,96,1386,1030,16.3,53.3,0.9809,2004,10,14,4,9
5224,1.5,990,9.1,942,141,96,1359,986,20.4,42.2,0.9964,2004,10,14,4,10
5225,1.5,1013,8.0,901,141,96,1369,975,21.9,39.4,1.0234,2004,10,14,4,11
5226,1.5,1051,9.7,968,141,96,1442,984,21.5,41.2,1.0399,2004,10,14,4,12
5227,1.5,1052,9.7,966,141,96,1446,982,22.2,41.4,1.097,2004,10,14,4,13
5228,1.5,1141,12.0,1049,141,96,1530,1117,21.0,46.8,1.1508,2004,10,14,4,14
5229,1.5,1130,11.3,1024,141,96,1537,1177,21.9,44.9,1.1635,2004,10,14,4,15
5230,1.5,1099,10.4,993,141,96,1507,1129,21.5,46.7,1.1837,2004,10,14,4,16
5231,1.5,1182,12.4,1064,141,96,1616,1217,19.7,56.6,1.2811,2004,10,14,4,17
5232,1.5,1211,14.6,1135,141,96,1682,1234,18.8,60.8,1.3036,2004,10,14,4,18
5233,1.5,1340,21.0,1324,141,96,1907,1412,19.3,59.6,1.3195,2004,10,14,4,19
5234,1.5,1299,17.9,1237,141,96,1804,1350,17.6,69.2,1.3803,2004,10,14,4,20
5235,1.5,1046,7.3,872,141,96,1479,968,16.4,77.1,1.4243,2004,10,14,4,21
5236,1.5,949,4.8,754,141,96,1393,759,16.6,77.3,1.4491,2004,10,14,4,22
5237,1.5,966,4.8,756,141,96,1363,741,15.9,78.1,1.4039,2004,10,14,4,23
5238,1.5,1062,7.7,887,141,96,1473,866,15.1,82.3,1.4009,2004,10,15,5,0
5239,1.5,934,4.3,730,141,96,1345,757,14.8,83.8,1.4005,2004,10,15,5,1
5240,1.5,862,3.0,649,141,96,1289,675,14.4,84.6,1.3794,2004,10,15,5,2
5241,1.5,823,2.1,590,141,96,1241,624,15.8,77.6,1.3792,2004,10,15,5,3
5242,1.5,839,2.3,604,141,96,1259,605,15.2,79.4,1.3605,2004,10,15,5,4
5243,1.5,879,3.5,681,141,96,1312,703,14.8,81.9,1.3735,2004,10,15,5,5
5244,1.5,1095,10.0,977,141,96,1562,998,14.6,82.9,1.3706,2004,10,15,5,6
5245,1.5,1359,20.5,1311,141,96,1878,1311,14.8,80.4,1.3428,2004,10,15,5,7
5246,1.5,1354,22.2,1358,141,96,1942,1403,15.6,77.1,1.3527,2004,10,15,5,8
5247,1.5,1420,24.1,1405,141,96,1941,1573,17.3,70.9,1.3876,2004,10,15,5,9
5248,1.5,1265,17.4,1221,141,96,1760,1354,22.2,51.3,1.3543,2004,10,15,5,10
5249,1.5,1146,14.2,1122,141,96,1659,1131,24.4,43.9,1.3184,2004,10,15,5,11
5250,1.5,1150,15.0,1149,141,96,1676,1113,22.7,47.6,1.2989,2004,10,15,5,12
5251,1.5,1282,18.3,1247,141,96,1861,1258,20.5,61.5,1.4673,2004,10,15,5,13
5252,1.5,1067,13.0,1085,141,96,1548,985,23.3,40.4,1.1421,2004,10,15,5,14
5253,1.5,1185,18.1,1243,141,96,1689,1197,23.2,39.9,1.1172,2004,10,15,5,15
5254,1.5,1312,23.1,1381,141,96,1881,1402,21.5,44.5,1.129,2004,10,15,5,16
5255,1.5,1319,24.9,1426,141,96,1938,1491,20.9,48.5,1.1878,2004,10,15,5,17
5256,1.5,1255,21.7,1342,141,96,1875,1396,19.8,53.1,1.216,2004,10,15,5,18
5257,1.5,1123,14.1,1119,141,96,1593,1198,20.1,53.6,1.2477,2004,10,15,5,19
5258,1.5,1126,11.9,1045,141,96,1523,1166,19.6,56.0,1.2623,2004,10,15,5,20
5259,1.5,924,5.1,766,141,96,1357,752,18.6,60.4,1.2817,2004,10,15,5,21
5260,1.5,982,6.8,849,141,96,1390,717,14.5,78.3,1.288,2004,10,15,5,22
5261,1.5,936,4.8,756,141,96,1311,693,16.3,70.5,1.2921,2004,10,15,5,23
5262,1.5,1069,7.2,865,141,96,1394,816,14.1,83.8,1.346,2004,10,16,6,0
5263,1.5,967,5.4,785,141,96,1326,766,14.5,81.3,1.3399,2004,10,16,6,1
5264,1.5,869,3.0,649,141,96,1249,631,14.7,80.7,1.3414,2004,10,16,6,2
5265,1.5,916,3.7,692,141,96,1287,683,14.5,82.1,1.3493,2004,10,16,6,3
5266,1.5,886,3.6,686,141,96,1278,654,15.0,78.4,1.3333,2004,10,16,6,4
5267,1.5,926,4.7,747,141,96,1325,759,14.5,80.5,1.3221,2004,10,16,6,5
5268,1.5,971,6.9,851,141,96,1389,876,14.6,79.0,1.3082,2004,10,16,6,6
5269,1.5,1029,7.7,886,141,96,1446,926,15.0,74.8,1.2672,2004,10,16,6,7
5270,1.5,1124,12.2,1057,141,96,1569,1091,15.9,70.4,1.2658,2004,10,16,6,8
5271,1.5,1063,9.6,964,141,96,1454,1045,17.4,62.3,1.2282,2004,10,16,6,9
5272,1.5,1028,9.6,961,141,96,1413,928,21.3,42.9,1.0727,2004,10,16,6,10
5273,1.5,944,8.3,910,141,96,1342,777,22.0,38.9,1.0154,2004,10,16,6,11
5274,1.5,913,7.0,857,141,96,1275,640,20.3,41.3,0.9745,2004,10,16,6,12
5275,1.5,966,8.2,906,141,96,1354,741,20.2,45.6,1.0663,2004,10,16,6,13
5276,1.5,833,4.5,737,141,96,1162,483,20.8,37.4,0.9107,2004,10,16,6,14
5277,1.5,891,5.5,789,141,96,1234,522,21.6,35.9,0.9164,2004,10,16,6,15
5278,1.5,995,8.7,927,141,96,1320,718,22.0,35.7,0.9329,2004,10,16,6,16
5279,1.5,1038,8.7,929,141,96,1332,798,19.9,42.0,0.9665,2004,10,16,6,17
5280,1.5,1146,14.0,1118,141,96,1534,1174,19.2,46.3,1.0158,2004,10,16,6,18
5281,1.5,1059,9.5,958,141,96,1417,891,17.9,56.9,1.1545,2004,10,16,6,19
5282,1.5,1065,7.9,893,141,96,1397,799,14.7,75.5,1.2554,2004,10,16,6,20
5283,1.5,1013,6.2,822,141,96,1377,855,15.1,78.9,1.3409,2004,10,16,6,21
5284,1.5,942,4.0,712,141,96,1303,734,17.2,66.7,1.2987,2004,10,16,6,22
5285,1.5,925,4.4,735,141,96,1284,691,15.4,73.2,1.2755,2004,10,16,6,23
5286,1.5,871,2.6,628,141,96,1228,557,16.5,68.5,1.2753,2004,10,17,7,0
5287,1.5,864,2.7,633,141,96,1259,523,16.4,70.3,1.3031,2004,10,17,7,1
5288,1.5,929,3.8,698,141,96,1307,610,15.4,78.1,1.3557,2004,10,17,7,2
5289,1.5,912,3.6,690,141,96,1309,574,15.8,75.5,1.3436,2004,10,17,7,3
5290,1.5,817,2.2,602,141,96,1227,470,16.0,69.5,1.2549,2004,10,17,7,4
5291,1.5,786,1.7,558,141,96,1179,434,15.0,71.0,1.2032,2004,10,17,7,5
5292,1.5,827,2.1,595,141,96,1214,507,13.9,75.2,1.1884,2004,10,17,7,6
5293,1.5,789,2.3,604,141,96,1171,467,15.9,62.1,1.1103,2004,10,17,7,7
5294,1.5,875,4.8,754,141,96,1296,591,15.9,61.0,1.0911,2004,10,17,7,8
5295,1.5,959,5.6,792,141,96,1315,717,17.1,58.7,1.1332,2004,10,17,7,9
5296,1.5,969,6.8,850,141,96,1351,774,19.2,51.9,1.1404,2004,10,17,7,10
5297,1.5,947,6.2,821,141,96,1302,697,21.5,42.6,1.0798,2004,10,17,7,11
5298,1.5,960,6.8,848,141,96,1305,701,21.6,39.9,1.0156,2004,10,17,7,12
5299,1.5,1017,11.1,1020,141,96,1478,752,21.6,40.4,1.0309,2004,10,17,7,13
5300,1.5,979,12.2,1057,141,96,1473,760,22.0,37.3,0.9768,2004,10,17,7,14
5301,1.5,843,4.7,748,141,96,1179,505,22.1,35.2,0.9253,2004,10,17,7,15
5302,1.5,877,5.1,769,141,96,1212,529,22.4,36.0,0.9621,2004,10,17,7,16
5303,1.5,1053,12.7,1072,141,96,1495,832,20.9,40.3,0.9866,2004,10,17,7,17
5304,1.5,1047,11.6,1037,141,96,1429,904,19.8,41.5,0.9489,2004,10,17,7,18
5305,1.5,1105,12.7,1074,141,96,1457,1050,18.2,46.0,0.9538,2004,10,17,7,19
5306,1.5,1008,9.7,968,141,96,1348,1000,17.3,50.3,0.9837,2004,10,17,7,20
5307,1.5,975,7.8,891,141,96,1361,911,15.8,57.6,1.0271,2004,10,17,7,21
5308,1.5,954,6.8,850,141,96,1321,858,15.5,59.7,1.0413,2004,10,17,7,22
5309,1.5,987,8.1,904,141,96,1344,903,15.5,60.6,1.0574,2004,10,17,7,23
5310,1.5,880,5.4,784,141,96,1252,781,15.8,59.9,1.0676,2004,10,18,1,0
5311,1.5,856,4.4,732,141,96,1247,714,14.8,64.3,1.073,2004,10,18,1,1
5312,1.5,788,2.4,614,141,96,1177,625,14.8,64.7,1.0788,2004,10,18,1,2
5313,1.5,760,1.6,555,141,96,1158,568,13.8,67.6,1.0581,2004,10,18,1,3
5314,1.5,777,1.8,570,141,96,1167,616,14.5,65.0,1.0672,2004,10,18,1,4
5315,1.5,825,3.1,661,141,96,1207,710,14.0,67.4,1.0703,2004,10,18,1,5
5316,1.5,1011,9.2,947,141,96,1425,953,12.6,73.6,1.0699,2004,10,18,1,6
5317,1.5,1237,20.8,1319,141,96,1741,1271,13.3,70.4,1.0711,2004,10,18,1,7
5318,1.5,1298,26.8,1473,141,96,1884,1447,14.4,65.8,1.0773,2004,10,18,1,8
5319,1.5,1153,17.7,1230,141,96,1565,1296,16.8,57.8,1.0947,2004,10,18,1,9
5320,1.5,1101,14.2,1124,141,96,1521,1217,19.7,49.3,1.1199,2004,10,18,1,10
5321,1.5,1215,16.8,1203,141,96,1664,1341,21.1,47.2,1.1659,2004,10,18,1,11
5322,1.5,1163,16.0,1179,141,96,1641,1180,22.2,43.2,1.1427,2004,10,18,1,12
5323,1.5,1285,19.9,1293,141,96,1797,1365,21.4,47.2,1.1927,2004,10,18,1,13
5324,1.5,1288,18.5,1253,141,96,1763,1410,19.9,55.4,1.2702,2004,10,18,1,14
5325,1.5,1362,21.4,1334,141,96,1862,1529,20.3,54.0,1.2744,2004,10,18,1,15
5326,1.5,1405,22.8,1372,141,96,1883,1573,20.0,56.5,1.3051,2004,10,18,1,16
5329,1.5,1520,32.3,1604,141,96,2161,1672,18.5,60.3,1.2706,2004,10,18,1,19
5330,1.5,1489,29.3,1534,141,96,2080,1686,17.8,66.3,1.341,2004,10,18,1,20
5331,1.5,1181,14.2,1124,141,96,1606,1302,17.6,65.9,1.3175,2004,10,18,1,21
5332,1.5,995,8.0,898,141,96,1409,1023,17.5,63.5,1.2622,2004,10,18,1,22
5333,1.5,998,7.4,875,141,96,1380,992,16.5,67.2,1.2491,2004,10,18,1,23
5334,1.5,984,7.2,864,141,96,1371,960,16.2,69.1,1.259,2004,10,19,2,0
5335,1.5,1022,8.0,898,141,96,1414,955,14.9,74.7,1.2564,2004,10,19,2,1
5336,1.5,951,6.5,835,141,96,1354,887,14.1,76.7,1.2273,2004,10,19,2,2
5337,1.5,910,5.2,773,141,96,1303,851,14.0,76.6,1.2202,2004,10,19,2,3
5338,1.5,932,5.6,792,141,96,1323,903,14.9,73.8,1.24,2004,10,19,2,4
5339,1.5,974,7.0,859,141,96,1383,954,15.2,73.1,1.257,2004,10,19,2,5
5340,1.5,1117,11.5,1031,141,96,1528,1107,15.2,73.4,1.2626,2004,10,19,2,6
5341,1.5,1367,21.7,1343,141,96,1852,1442,15.2,74.7,1.2824,2004,10,19,2,7
5343,1.5,1526,30.1,1552,141,96,2074,1802,16.6,68.4,1.2829,2004,10,19,2,9
5344,1.5,1399,24.5,1416,141,96,1894,1671,17.6,64.9,1.2925,2004,10,19,2,10
5345,1.5,1436,25.2,1435,141,96,1911,1710,18.3,63.8,1.331,2004,10,19,2,11
5346,1.5,1455,26.5,1468,141,96,1945,1746,19.4,61.1,1.3652,2004,10,19,2,12
5347,1.5,1311,19.6,1286,141,96,1760,1495,20.9,58.1,1.4193,2004,10,19,2,13
5348,1.5,1174,13.4,1097,141,96,1596,1203,22.0,54.0,1.4114,2004,10,19,2,14
5349,1.5,1242,15.3,1158,141,96,1682,1252,22.8,53.0,1.4482,2004,10,19,2,15
5350,1.5,1267,15.1,1151,141,96,1671,1528,21.7,57.6,1.4756,2004,10,19,2,16
5351,1.5,1401,21.1,1326,141,96,1887,1629,21.3,60.8,1.5205,2004,10,19,2,17
5352,1.5,1428,23.6,1393,141,96,1976,1608,21.2,61.7,1.5309,2004,10,19,2,18
5353,1.5,1478,25.7,1447,141,96,2017,1664,21.2,62.2,1.5473,2004,10,19,2,19
5354,1.5,1518,27.2,1483,141,96,2098,1666,20.8,65.1,1.5782,2004,10,19,2,20
5355,1.5,1468,24.4,1415,141,96,1985,1594,19.9,69.0,1.5877,2004,10,19,2,21
5356,1.5,1369,20.3,1305,141,96,1851,1421,18.8,73.7,1.5785,2004,10,19,2,22
5357,1.5,1244,14.8,1141,141,96,1671,1337,19.2,71.3,1.5723,2004,10,19,2,23
5358,1.5,1217,12.8,1077,141,96,1628,1270,19.0,71.6,1.5549,2004,10,20,3,0
5359,1.5,1103,10.0,979,141,96,1520,1156,19.5,69.7,1.5596,2004,10,20,3,1
5360,1.5,1118,9.3,951,141,96,1509,1124,19.4,70.1,1.5626,2004,10,20,3,2
5361,1.5,1087,9.3,950,141,96,1519,1049,18.4,74.5,1.5634,2004,10,20,3,3
5362,1.5,1069,8.8,931,141,96,1508,1044,18.7,73.4,1.5701,2004,10,20,3,4
5363,1.5,1112,10.2,985,141,96,1544,1109,18.4,74.6,1.5631,2004,10,20,3,5
5364,1.5,1196,13.1,1086,141,96,1659,1224,18.5,74.4,1.5661,2004,10,20,3,6
5365,1.5,1522,26.1,1457,141,96,2043,1611,18.8,73.0,1.5737,2004,10,20,3,7
5367,1.5,1582,26.2,1459,141,96,2036,1776,21.3,66.1,1.6556,2004,10,20,3,9
5368,1.5,1494,23.1,1379,141,96,1965,1723,23.0,61.8,1.7135,2004,10,20,3,10
5372,1.5,1589,24.6,1418,141,96,2015,1823,25.4,55.1,1.761,2004,10,20,3,14
5373,1.5,1538,22.4,1362,141,96,1924,1793,25.7,54.5,1.7684,2004,10,20,3,15
5374,4.7,1597,30.9,1573,652,167,2307,1956,24.8,57.7,1.7765,2004,10,20,3,16
5375,8.0,1884,43.7,1846,895,194,2595,2203,24.6,58.9,1.8005,2004,10,20,3,17
5376,7.7,1835,40.0,1770,826,172,2474,2073,23.9,61.8,1.8088,2004,10,20,3,18
5377,6.8,1759,35.9,1684,648,134,2378,1923,23.0,65.9,1.8319,2004,10,20,3,19
5378,6.0,1666,30.1,1553,629,130,2170,1780,22.4,67.7,1.8161,2004,10,20,3,20
5379,4.7,1506,22.3,1360,529,113,1944,1609,22.0,69.2,1.8061,2004,10,20,3,21
5380,3.4,1378,17.7,1229,405,99,1820,1466,21.8,69.6,1.79,2004,10,20,3,22
5381,3.9,1448,19.5,1283,461,109,1877,1504,21.9,68.3,1.7699,2004,10,20,3,23
5382,4.4,1481,22.3,1359,486,105,1957,1518,21.7,69.7,1.7872,2004,10,21,4,0
5383,3.3,1289,15.4,1161,335,91,1765,1289,21.3,70.3,1.7574,2004,10,21,4,1
5384,2.0,1109,9.3,951,210,77,1570,1076,20.8,71.7,1.7415,2004,10,21,4,2
5385,1.5,994,6.0,812,141,96,1453,947,21.4,69.0,1.7421,2004,10,21,4,3
5386,1.5,1015,6.6,839,99,59,1473,970,21.4,69.3,1.7515,2004,10,21,4,4
5387,0.8,966,5.1,771,149,60,1420,900,21.3,69.5,1.7447,2004,10,21,4,5
5388,1.3,1088,8.8,932,203,72,1565,1034,21.5,67.5,1.708,2004,10,21,4,6
5389,2.7,1303,16.6,1198,332,83,1791,1235,21.9,64.8,1.683,2004,10,21,4,7
5390,3.6,1440,24.3,1412,446,104,2016,1455,22.6,61.4,1.6645,2004,10,21,4,8
5391,3.6,1392,20.6,1313,524,119,1866,1478,22.6,61.5,1.6636,2004,10,21,4,9
5392,2.6,1248,15.6,1167,347,105,1704,1393,25.5,52.3,1.6796,2004,10,21,4,10
5393,2.0,1197,12.2,1058,273,91,1626,1237,27.0,47.6,1.67,2004,10,21,4,11
5394,3.3,1357,17.7,1230,404,103,1834,1373,25.2,53.3,1.6834,2004,10,21,4,12
5395,2.6,1263,14.8,1143,141,96,1736,1310,26.6,49.3,1.6872,2004,10,21,4,13
5396,2.1,1261,15.0,1148,312,111,1733,1287,27.2,48.5,1.7172,2004,10,21,4,14
5397,2.9,1382,16.7,1200,369,101,1807,1413,26.9,50.0,1.7507,2004,10,21,4,15
5398,3.0,1400,17.7,1230,362,102,1864,1483,26.5,52.2,1.7769,2004,10,21,4,16
5399,3.2,1443,20.9,1322,335,101,1933,1539,27.0,51.0,1.7936,2004,10,21,4,17
5400,4.4,1630,28.7,1520,447,118,2166,1691,25.9,55.8,1.8347,2004,10,21,4,18
5402,5.0,1600,27.5,1492,486,107,2160,1665,24.7,58.7,1.8001,2004,10,21,4,20
5403,4.3,1525,24.9,1427,439,104,2085,1577,23.6,62.2,1.7863,2004,10,21,4,21
5404,4.3,1544,24.2,1409,462,91,2048,1603,22.4,67.1,1.794,2004,10,21,4,22
5405,4.2,1455,22.2,1357,441,91,1964,1530,21.6,69.2,1.763,2004,10,21,4,23
5406,2.2,1203,13.2,1090,223,74,1655,1205,21.3,68.5,1.7164,2004,10,22,5,0
5407,1.3,1038,7.9,895,126,63,1474,999,21.2,68.6,1.7046,2004,10,22,5,1
5408,1.0,975,5.9,807,116,57,1423,904,20.3,70.6,1.6659,2004,10,22,5,2
5409,0.7,917,4.1,714,141,96,1355,843,20.8,67.3,1.6353,2004,10,22,5,3
5410,1.5,930,4.6,741,125,48,1392,843,19.6,71.3,1.612,2004,10,22,5,4
5411,0.9,960,5.8,804,198,49,1435,886,18.7,74.4,1.5861,2004,10,22,5,5
5412,1.0,982,6.5,834,185,55,1435,911,19.8,69.2,1.5808,2004,10,22,5,6
5413,2.8,1359,19.5,1282,425,78,1912,1319,19.8,69.4,1.5859,2004,10,22,5,7
5414,4.1,1500,28.0,1503,465,91,2158,1927,20.4,66.7,1.5781,2004,10,22,5,8
5415,2.9,1315,18.7,1261,341,88,1830,1554,22.3,60.6,1.6069,2004,10,22,5,9
5416,2.7,1307,18.3,1248,316,83,1787,1565,22.6,59.9,1.6246,2004,10,22,5,10
5417,2.1,1235,14.3,1125,241,81,1704,1462,24.5,54.5,1.6514,2004,10,22,5,11
5418,2.4,1310,16.5,1194,266,83,1781,1487,24.4,55.4,1.6712,2004,10,22,5,12
5419,3.8,1459,22.9,1375,412,111,2007,1690,26.0,51.9,1.7148,2004,10,22,5,13
5420,3.7,1461,22.3,1358,394,112,2033,1603,26.8,49.1,1.7101,2004,10,22,5,14
5421,3.7,1476,22.0,1352,365,112,1996,1568,26.4,49.8,1.6928,2004,10,22,5,15
5422,5.5,1612,27.7,1496,548,137,2127,1743,26.9,48.6,1.7017,2004,10,22,5,16
5423,5.4,1654,29.8,1546,494,152,2176,2007,26.2,48.9,1.634,2004,10,22,5,17
5424,8.4,1808,40.0,1771,686,163,2486,2235,24.3,54.3,1.6276,2004,10,22,5,18
5425,6.8,1681,35.1,1666,556,135,2339,1998,23.3,58.1,1.6457,2004,10,22,5,19
5426,4.5,1494,25.5,1443,467,119,2020,1795,22.3,62.5,1.6616,2004,10,22,5,20
5427,2.5,1251,13.7,1107,297,91,1657,1407,21.3,66.1,1.6556,2004,10,22,5,21
5428,1.6,1132,9.7,965,164,74,1502,1211,21.2,65.7,1.6319,2004,10,22,5,22
5429,1.7,1158,9.8,970,196,73,1509,1202,20.3,68.1,1.6009,2004,10,22,5,23
5430,1.7,1146,10.1,983,201,71,1518,1136,20.4,66.7,1.583,2004,10,23,6,0
5431,1.1,993,6.0,813,132,57,1413,946,19.9,67.5,1.5544,2004,10,23,6,1
5432,1.0,989,6.0,814,146,51,1418,915,19.1,70.0,1.5331,2004,10,23,6,2
5433,0.8,943,4.6,746,141,96,1374,864,19.3,68.1,1.5139,2004,10,23,6,3
5434,1.5,910,4.0,712,94,42,1341,836,19.6,66.9,1.5125,2004,10,23,6,4
5435,0.7,925,4.6,742,127,43,1381,842,18.1,72.1,1.4834,2004,10,23,6,5
5436,1.2,1039,7.6,882,217,52,1473,1002,18.1,72.3,1.4927,2004,10,23,6,6
5437,2.3,1208,13.6,1104,394,65,1699,1165,17.6,74.8,1.491,2004,10,23,6,7
5438,3.0,1268,16.0,1179,511,69,1753,1294,18.2,72.8,1.5048,2004,10,23,6,8
5439,3.3,1353,18.9,1265,523,91,1833,1475,20.2,65.8,1.5374,2004,10,23,6,9
5440,2.8,1317,15.7,1171,471,92,1727,1436,21.6,61.4,1.5696,2004,10,23,6,10
5441,3.0,1356,16.2,1187,441,102,1738,1465,23.3,57.5,1.6169,2004,10,23,6,11
5442,3.4,1414,19.4,1279,414,118,1854,1583,25.0,52.4,1.6356,2004,10,23,6,12
5443,3.0,1326,16.9,1206,317,111,1785,1432,25.4,50.8,1.6275,2004,10,23,6,13
5444,2.3,1211,12.5,1067,230,101,1608,1270,26.1,47.1,1.5724,2004,10,23,6,14
5445,3.1,1324,15.8,1173,365,119,1749,1354,27.0,44.2,1.549,2004,10,23,6,15
5446,3.0,1324,16.0,1181,360,115,1747,1318,27.2,43.0,1.5246,2004,10,23,6,16
5447,3.3,1361,16.3,1189,420,120,1776,1351,25.6,48.3,1.5641,2004,10,23,6,17
5448,4.0,1475,21.0,1324,475,115,1925,1530,23.3,57.9,1.6376,2004,10,23,6,18
5449,4.6,1537,23.1,1381,526,118,2016,1615,22.2,63.6,1.6763,2004,10,23,6,19
5450,4.1,1413,17.7,1231,460,117,1853,1415,21.6,67.7,1.7228,2004,10,23,6,20
5451,2.3,1229,12.2,1055,255,96,1668,1219,21.0,69.3,1.7058,2004,10,23,6,21
5452,2.6,1297,14.6,1136,283,89,1725,1307,20.3,70.5,1.6599,2004,10,23,6,22
5453,2.6,1302,13.1,1088,271,84,1639,1297,20.0,69.5,1.6109,2004,10,23,6,23
5454,2.9,1347,15.5,1165,315,97,1741,1321,19.7,70.1,1.5891,2004,10,24,7,0
5455,2.1,1165,11.8,1042,227,68,1621,1133,19.5,70.7,1.5851,2004,10,24,7,1
5456,2.1,1155,10.9,1012,243,66,1577,1124,19.4,71.4,1.5959,2004,10,24,7,2
5457,1.5,1050,8.4,916,141,96,1512,997,19.3,71.1,1.5746,2004,10,24,7,3
5458,1.5,1035,7.0,855,142,51,1467,952,18.7,73.8,1.5704,2004,10,24,7,4
5459,1.4,1057,8.6,925,139,48,1503,972,18.0,75.4,1.5441,2004,10,24,7,5
5460,1.2,1029,7.5,880,182,47,1451,965,17.3,78.4,1.532,2004,10,24,7,6
5461,1.5,1037,8.1,902,196,48,1481,984,17.5,76.6,1.5174,2004,10,24,7,7
5462,0.9,920,4.8,755,108,45,1359,880,20.0,66.7,1.5401,2004,10,24,7,8
5463,1.4,1080,7.8,891,175,59,1477,1001,19.1,70.0,1.5366,2004,10,24,7,9
5464,2.1,1152,9.7,966,266,84,1542,1137,21.4,61.7,1.5547,2004,10,24,7,10
5465,1.6,1085,8.4,918,179,72,1467,1023,24.6,50.4,1.5363,2004,10,24,7,11
5466,1.5,1071,7.6,882,154,68,1431,962,25.0,49.1,1.5295,2004,10,24,7,12
5467,1.1,1000,5.9,807,95,52,1376,825,25.3,46.7,1.4874,2004,10,24,7,13
5468,1.4,1058,7.4,875,151,70,1421,877,24.8,47.9,1.4819,2004,10,24,7,14
5469,2.0,1184,10.1,983,230,90,1537,1046,25.3,48.0,1.5249,2004,10,24,7,15
5470,2.0,1189,9.7,965,239,87,1533,1060,26.5,44.9,1.5278,2004,10,24,7,16
5471,2.5,1277,11.8,1043,306,99,1631,1155,25.0,50.1,1.563,2004,10,24,7,17
5472,4.3,1482,20.3,1305,472,128,1874,1464,22.9,57.6,1.5885,2004,10,24,7,18
5473,5.2,1555,24.3,1410,532,127,1971,2185,21.7,62.9,1.6117,2004,10,24,7,19
5474,3.4,1324,15.6,1168,375,99,1716,1959,21.8,63.0,1.619,2004,10,24,7,20
5475,1.3,1015,7.3,869,147,72,1439,1375,21.2,63.4,1.5748,2004,10,24,7,21
5476,1.2,1010,7.1,860,118,62,1450,1212,20.2,65.8,1.535,2004,10,24,7,22
5477,1.7,1081,9.0,938,181,62,1517,1273,18.4,71.5,1.5038,2004,10,24,7,23
5478,1.7,1071,8.9,936,209,63,1516,1249,17.9,72.4,1.4758,2004,10,25,1,0
5479,1.4,1014,7.2,864,167,56,1474,1097,16.9,75.4,1.4393,2004,10,25,1,1
5480,0.9,891,4.4,735,112,44,1353,933,16.5,75.5,1.4056,2004,10,25,1,2
5481,0.7,874,4.1,715,141,96,1315,858,15.4,79.0,1.3735,2004,10,25,1,3
5482,1.5,882,4.3,729,108,37,1319,870,15.5,78.6,1.37,2004,10,25,1,4
5483,0.9,940,5.9,806,181,48,1392,1013,16.2,76.9,1.4029,2004,10,25,1,5
5484,1.2,1020,7.2,866,253,59,1440,1087,15.8,79.6,1.417,2004,10,25,1,6
5485,3.2,1316,18.5,1253,521,77,1780,1566,16.0,76.3,1.3772,2004,10,25,1,7
5486,4.4,1423,25.0,1429,649,88,1998,1631,16.3,74.3,1.3644,2004,10,25,1,8
5487,3.5,1314,18.8,1262,516,111,1754,1564,18.7,66.3,1.414,2004,10,25,1,9
5488,3.2,1317,19.5,1283,487,114,1812,1601,20.5,60.2,1.4346,2004,10,25,1,10
5489,3.0,1305,18.2,1245,529,108,1742,1539,19.3,66.2,1.4706,2004,10,25,1,11
5490,3.5,1351,20.0,1298,565,111,1821,1577,20.0,63.9,1.4805,2004,10,25,1,12
5491,4.0,1438,24.8,1425,558,126,1971,1732,21.4,59.4,1.4928,2004,10,25,1,13
5492,3.8,1454,23.1,1380,568,117,1947,1672,21.5,60.9,1.5398,2004,10,25,1,14
5493,4.2,1512,25.5,1441,605,119,2034,1744,21.6,60.9,1.5551,2004,10,25,1,15
5494,5.0,1584,32.0,1597,666,125,2176,1845,21.6,62.0,1.5784,2004,10,25,1,16
5495,7.9,1816,46.3,1897,814,158,2641,2164,21.7,61.9,1.592,2004,10,25,1,17
5496,8.4,1824,44.5,1862,860,149,2567,2106,21.0,64.9,1.5987,2004,10,25,1,18
5497,8.0,1744,41.0,1793,820,136,2469,2007,20.0,68.6,1.5882,2004,10,25,1,19
5499,3.5,1319,19.1,1273,492,87,1806,1444,18.5,73.4,1.5461,2004,10,25,1,21
5500,3.5,1313,19.6,1285,464,82,1803,1373,17.7,75.6,1.5226,2004,10,25,1,22
5501,1.9,1073,10.7,1005,258,67,1488,1110,18.5,70.4,1.487,2004,10,25,1,23
5502,2.2,1119,12.2,1056,311,68,1562,1099,17.0,76.1,1.4582,2004,10,26,2,0
5503,1.6,989,8.0,900,231,60,1401,968,16.8,74.9,1.4258,2004,10,26,2,1
5504,1.0,912,5.5,788,127,48,1331,847,15.5,78.5,1.3782,2004,10,26,2,2
5505,1.0,904,5.5,787,141,96,1319,852,15.3,79.0,1.3605,2004,10,26,2,3
5506,1.5,851,4.3,726,124,42,1277,799,15.0,77.9,1.3197,2004,10,26,2,4
5507,0.9,902,5.9,809,138,46,1355,834,14.8,79.4,1.3312,2004,10,26,2,5
5508,1.4,981,8.6,923,228,54,1425,956,15.7,77.0,1.3591,2004,10,26,2,6
5509,3.0,1267,18.7,1260,383,82,1776,1259,16.2,75.9,1.3872,2004,10,26,2,7
5510,4.5,1392,25.0,1429,581,93,1990,1494,16.3,75.9,1.3991,2004,10,26,2,8
5511,3.8,1308,19.6,1285,545,95,1781,1458,17.7,70.6,1.4202,2004,10,26,2,9
5512,3.4,1313,20.8,1318,593,120,1820,1491,18.3,67.6,1.4103,2004,10,26,2,10
5513,3.5,1350,20.1,1299,602,132,1784,1560,20.1,62.0,1.4409,2004,10,26,2,11
5514,4.4,1477,26.7,1471,624,146,2031,1750,22.6,54.5,1.4737,2004,10,26,2,12
5515,4.0,1409,23.6,1393,546,157,1874,1709,24.6,47.1,1.4378,2004,10,26,2,13
5516,4.5,1495,26.4,1465,597,158,2043,1786,24.9,48.3,1.4942,2004,10,26,2,14
5517,5.3,1606,30.9,1573,688,175,2165,1900,24.9,50.0,1.5522,2004,10,26,2,15
5518,5.8,1669,32.8,1615,760,166,2232,1963,24.0,55.0,1.6211,2004,10,26,2,16
5519,8.4,1822,45.9,1890,918,187,2641,2161,23.2,58.7,1.651,2004,10,26,2,17
5520,9.5,1908,52.1,2007,952,180,2775,2372,22.5,61.5,1.6579,2004,10,26,2,18
5521,6.2,1664,36.6,1699,685,134,2305,2062,22.2,61.0,1.6071,2004,10,26,2,19
5522,5.0,1465,24.0,1404,561,127,1962,1736,22.6,58.3,1.5829,2004,10,26,2,20
5523,2.1,1076,9.8,972,239,95,1506,1192,21.0,57.4,1.4098,2004,10,26,2,21
5524,1.4,1055,7.9,895,175,79,1468,1043,19.8,63.7,1.4524,2004,10,26,2,22
5525,1.6,1075,7.5,878,169,78,1495,948,17.7,78.8,1.5855,2004,10,26,2,23
5526,2.0,1135,9.2,948,215,80,1569,992,17.6,80.5,1.6062,2004,10,27,3,0
5527,1.2,998,5.7,799,115,67,1435,867,17.4,81.3,1.6066,2004,10,27,3,1
5528,0.8,953,4.4,734,94,61,1401,825,17.4,81.0,1.6012,2004,10,27,3,2
5529,0.6,926,3.9,708,141,96,1381,803,17.2,81.8,1.5856,2004,10,27,3,3
5530,1.5,895,3.1,656,80,51,1343,786,17.0,81.0,1.5521,2004,10,27,3,4
5531,0.7,967,5.1,767,132,56,1416,866,16.8,81.3,1.5447,2004,10,27,3,5
5532,1.7,1164,10.5,997,295,68,1606,1113,17.6,78.8,1.5723,2004,10,27,3,6
5533,3.4,1421,20.6,1313,517,101,1983,1384,18.0,75.7,1.5527,2004,10,27,3,7
5534,4.9,1465,28.5,1515,555,119,2119,1516,18.0,74.8,1.5281,2004,10,27,3,8
5535,2.7,1189,12.7,1075,429,108,1652,1222,18.2,74.0,1.5343,2004,10,27,3,9
5536,3.2,1278,16.1,1182,561,132,1734,1354,19.7,65.4,1.4854,2004,10,27,3,10
5537,2.7,1169,14.9,1144,427,130,1666,1291,21.0,57.9,1.4267,2004,10,27,3,11
5538,3.2,1214,16.8,1203,445,129,1739,1308,20.7,58.6,1.4142,2004,10,27,3,12
5539,4.1,1351,21.8,1345,538,117,1923,1420,19.5,67.1,1.506,2004,10,27,3,13
5540,3.6,1340,18.6,1256,556,119,1842,1297,18.5,76.2,1.6045,2004,10,27,3,14
5541,2.8,1157,14.5,1131,370,113,1675,1157,19.6,69.7,1.5675,2004,10,27,3,15
5542,2.1,1118,13.4,1096,257,102,1649,1130,19.9,65.3,1.5066,2004,10,27,3,16
5543,2.4,1150,15.8,1173,266,101,1711,1195,20.0,63.3,1.4622,2004,10,27,3,17
5544,3.6,1247,20.7,1315,403,116,1874,1341,19.2,66.4,1.4592,2004,10,27,3,18
5545,2.6,1194,16.6,1198,275,101,1732,1228,19.3,67.5,1.4977,2004,10,27,3,19
5546,2.8,1184,15.3,1157,338,94,1685,1273,18.2,71.4,1.4776,2004,10,27,3,20
5547,1.4,990,8.0,898,176,75,1442,1006,17.8,71.2,1.4396,2004,10,27,3,21
5548,1.1,933,5.8,803,159,69,1369,898,17.6,69.9,1.3969,2004,10,27,3,22
5549,1.3,968,7.0,858,147,60,1388,894,16.0,75.9,1.3721,2004,10,27,3,23
5550,0.9,861,4.5,735,99,58,1287,789,16.9,72.0,1.3749,2004,10,28,4,0
5551,1.0,904,5.2,774,98,51,1329,805,15.7,76.3,1.3519,2004,10,28,4,1
5552,0.9,866,4.4,734,109,45,1299,770,14.8,78.7,1.3169,2004,10,28,4,2
5553,0.7,881,4.2,724,141,96,1277,776,14.8,79.7,1.3286,2004,10,28,4,3
5554,1.5,838,3.8,700,112,41,1268,744,14.6,79.9,1.3156,2004,10,28,4,4
5555,0.8,905,5.2,776,163,48,1327,825,15.2,78.0,1.3382,2004,10,28,4,5
5556,1.6,1055,10.0,977,326,61,1506,1013,15.5,77.2,1.3502,2004,10,28,4,6
5557,3.4,1328,20.0,1296,640,88,1829,1341,15.7,76.4,1.3558,2004,10,28,4,7
5558,4.4,1401,25.8,1449,736,102,1969,1528,16.0,76.4,1.3751,2004,10,28,4,8
5559,3.5,1291,20.0,1296,667,97,1752,1432,16.7,73.8,1.3886,2004,10,28,4,9
5560,3.4,1316,20.6,1314,677,116,1780,1499,18.6,66.3,1.4047,2004,10,28,4,10
5561,2.4,1116,12.2,1057,425,112,1532,1236,20.4,58.1,1.3762,2004,10,28,4,11
5562,2.3,1139,13.1,1088,349,101,1580,1180,20.6,57.3,1.3792,2004,10,28,4,12
5563,2.6,1165,14.5,1131,332,99,1640,1196,21.6,53.6,1.3669,2004,10,28,4,13
5564,2.9,1260,17.5,1224,412,113,1731,1301,21.4,55.6,1.4015,2004,10,28,4,14
5565,4.4,1475,25.9,1451,631,122,1991,1646,20.7,63.0,1.5204,2004,10,28,4,15
5566,5.0,1521,26.6,1470,677,139,1977,1720,21.3,61.9,1.5463,2004,10,28,4,16
5567,6.5,1633,35.3,1671,761,149,2271,1852,20.8,64.0,1.5522,2004,10,28,4,17
5568,5.9,1463,28.2,1508,650,136,2092,1670,20.3,66.7,1.5656,2004,10,28,4,18
5569,2.7,1140,14.2,1122,262,103,1602,1208,19.7,64.5,1.4594,2004,10,28,4,19
5570,2.5,1147,12.4,1065,292,112,1562,1160,19.4,64.0,1.4282,2004,10,28,4,20
5571,1.5,988,6.6,839,177,88,1382,937,20.1,60.8,1.4152,2004,10,28,4,21
5572,1.0,924,4.8,754,103,63,1327,783,20.4,60.4,1.4263,2004,10,28,4,22
5573,1.2,950,5.4,782,127,69,1331,807,20.1,62.6,1.4543,2004,10,28,4,23
5574,1.0,926,4.3,727,119,65,1326,729,19.9,64.9,1.4905,2004,10,29,5,0
5575,0.8,879,2.9,645,83,50,1288,612,18.2,74.7,1.5441,2004,10,29,5,1
5576,0.6,864,2.5,621,65,43,1286,574,18.4,73.8,1.5463,2004,10,29,5,2
5577,0.6,868,2.2,596,141,96,1276,579,18.7,73.5,1.5664,2004,10,29,5,3
5578,1.5,894,2.7,636,84,56,1308,687,18.2,76.6,1.5907,2004,10,29,5,4
5579,1.1,1009,6.1,816,200,69,1430,856,18.5,76.4,1.6112,2004,10,29,5,5
5580,1.3,1069,7.7,889,242,91,1469,976,19.3,71.6,1.5844,2004,10,29,5,6
5581,2.9,1311,15.9,1178,366,111,1769,1208,20.2,66.9,1.5643,2004,10,29,5,7
5582,3.7,1370,22.8,1372,404,124,1945,1400,20.8,64.7,1.5692,2004,10,29,5,8
5583,3.0,1246,16.6,1197,429,119,1746,1278,21.9,61.8,1.6021,2004,10,29,5,9
5584,1.4,1039,8.4,917,169,77,1467,934,23.5,57.7,1.6515,2004,10,29,5,10
5585,2.6,1296,13.9,1113,419,101,1736,1073,19.8,81.0,1.8538,2004,10,29,5,11
5586,4.2,1523,24.9,1428,603,116,2114,1363,20.2,86.5,2.0224,2004,10,29,5,12
5587,5.1,1424,22.4,1361,589,137,1983,1346,20.2,82.2,1.9184,2004,10,29,5,13
5588,5.5,1513,26.1,1457,706,163,2125,1393,19.7,82.2,1.8669,2004,10,29,5,14
5589,4.5,1338,18.1,1244,592,144,1847,1255,20.2,79.1,1.85,2004,10,29,5,15
5590,2.7,1214,13.9,1113,305,118,1664,1213,20.1,75.4,1.751,2004,10,29,5,16
5591,3.1,1290,18.5,1253,371,135,1807,1332,20.2,72.3,1.6893,2004,10,29,5,17
5592,4.2,1353,20.9,1323,465,129,1860,1430,20.0,73.3,1.693,2004,10,29,5,18
5593,3.1,1130,12.9,1082,390,128,1591,1102,18.3,74.9,1.5583,2004,10,29,5,19
5594,1.7,969,6.7,843,227,103,1375,895,18.9,70.4,1.5259,2004,10,29,5,20
5595,1.8,1038,7.0,856,284,116,1415,905,17.3,76.3,1.4919,2004,10,29,5,21
5596,1.7,1020,7.3,869,211,95,1410,869,17.1,77.9,1.5081,2004,10,29,5,22
5597,2.1,1097,9.1,944,297,107,1489,982,17.3,79.3,1.5569,2004,10,29,5,23
5598,2.4,1123,9.9,973,351,108,1520,999,17.3,79.9,1.5643,2004,10,30,6,0
5599,1.8,1023,6.9,851,259,94,1413,881,16.9,80.6,1.5372,2004,10,30,6,1
5600,1.5,1015,6.5,833,214,84,1400,868,16.9,81.4,1.551,2004,10,30,6,2
5601,1.4,979,5.9,805,141,96,1383,843,16.8,81.5,1.5418,2004,10,30,6,3
5602,1.5,931,5.4,784,173,72,1372,833,16.9,79.8,1.5238,2004,10,30,6,4
5603,1.0,922,5.4,783,192,76,1367,825,16.7,79.7,1.503,2004,10,30,6,5
5604,1.4,989,7.8,891,237,82,1453,901,16.8,79.0,1.4978,2004,10,30,6,6
5605,2.4,1149,13.6,1103,413,94,1662,1090,16.8,79.8,1.5115,2004,10,30,6,7
5606,3.1,1202,15.4,1160,455,102,1723,1165,16.9,79.9,1.5253,2004,10,30,6,8
5607,3.0,1206,14.4,1131,493,106,1675,1201,17.4,79.3,1.5593,2004,10,30,6,9
5608,2.7,1224,14.3,1126,482,108,1656,1231,18.0,76.6,1.5706,2004,10,30,6,10
5609,4.0,1371,20.3,1305,599,152,1845,1461,21.2,64.4,1.6015,2004,10,30,6,11
5610,3.7,1327,18.7,1259,481,160,1826,1434,22.4,60.8,1.6261,2004,10,30,6,12
5611,3.4,1301,17.3,1218,406,133,1806,1399,22.6,61.1,1.6596,2004,10,30,6,13
5612,3.4,1301,16.9,1208,419,147,1781,1417,23.6,57.3,1.645,2004,10,30,6,14
5613,3.2,1314,16.4,1191,387,135,1777,1395,23.5,58.3,1.664,2004,10,30,6,15
5614,3.9,1394,19.1,1272,461,135,1869,1442,22.9,61.6,1.7014,2004,10,30,6,16
5615,3.7,1385,18.7,1260,493,129,1850,1425,22.3,64.3,1.7055,2004,10,30,6,17
5616,4.3,1440,22.4,1362,532,117,1968,1496,21.6,68.0,1.7305,2004,10,30,6,18
5617,4.9,1493,25.3,1437,581,116,2015,1551,21.2,67.4,1.6755,2004,10,30,6,19
5618,4.0,1319,17.7,1230,494,109,1785,1381,20.8,65.8,1.6001,2004,10,30,6,20
5619,2.8,1187,13.8,1110,392,96,1658,1229,20.4,64.8,1.5379,2004,10,30,6,21
5620,2.4,1119,10.2,984,311,90,1539,1082,20.1,66.7,1.5548,2004,10,30,6,22
5621,1.9,1100,8.6,924,236,82,1494,963,19.5,70.0,1.5711,2004,10,30,6,23
5622,2.0,1076,7.9,895,270,86,1492,939,19.3,70.4,1.5578,2004,10,31,7,0
5623,1.5,972,5.7,799,199,72,1425,825,19.7,68.6,1.5563,2004,10,31,7,1
5624,1.3,973,6.4,828,146,61,1445,811,19.7,68.2,1.5484,2004,10,31,7,2
5625,1.0,918,4.6,742,141,96,1386,720,19.9,68.4,1.5673,2004,10,31,7,3
5626,1.5,844,2.7,630,74,45,1320,627,18.4,74.2,1.5581,2004,10,31,7,4
5627,0.5,817,2.1,588,55,37,1310,589,18.9,71.3,1.5449,2004,10,31,7,5
5628,0.4,791,1.2,519,43,31,1295,540,18.1,79.0,1.6224,2004,10,31,7,6
5629,0.4,819,1.4,537,46,30,1315,551,20.4,71.2,1.6834,2004,10,31,7,7
5630,0.9,972,4.6,743,139,41,1477,742,20.6,70.7,1.6996,2004,10,31,7,8
5631,1.3,997,5.7,797,169,64,1470,824,19.3,74.1,1.6391,2004,10,31,7,9
5632,2.1,1194,10.6,1000,254,74,1642,1059,22.2,64.4,1.7005,2004,10,31,7,10
5633,2.4,1240,11.0,1014,303,77,1643,1144,23.0,64.6,1.7851,2004,10,31,7,11
5634,2.0,1117,8.6,922,259,83,1585,994,24.3,57.4,1.7233,2004,10,31,7,12
5635,1.8,1141,8.8,932,226,71,1595,1014,22.0,67.0,1.7441,2004,10,31,7,13
5636,1.5,1062,7.5,880,161,62,1580,924,22.9,65.7,1.8148,2004,10,31,7,14
5637,1.6,1160,11.6,1036,182,62,1727,1023,23.2,63.9,1.7957,2004,10,31,7,15
5638,2.2,1169,10.1,983,289,79,1633,1033,23.0,62.3,1.7248,2004,10,31,7,16
5639,2.3,1185,10.8,1006,340,93,1638,1065,22.4,63.2,1.6878,2004,10,31,7,17
5641,4.7,1464,22.4,1362,543,100,1987,1648,21.2,70.3,1.7476,2004,10,31,7,19
5642,4.1,1423,20.6,1314,501,89,1912,1466,20.8,70.9,1.7203,2004,10,31,7,20
5643,4.1,1318,17.5,1226,521,83,1848,1365,20.0,73.2,1.6965,2004,10,31,7,21
5644,2.7,1229,13.9,1114,352,76,1723,1247,19.7,73.7,1.6708,2004,10,31,7,22
5645,2.6,1187,13.6,1105,321,68,1700,1183,19.9,72.6,1.6681,2004,10,31,7,23
5646,3.2,1353,15.9,1176,318,69,1723,2150,20.1,71.3,1.6564,2004,11,1,1,0
5647,3.7,1407,17.8,1235,338,77,1780,2519,20.1,71.1,1.6498,2004,11,1,1,1
5648,3.5,1333,16.7,1201,353,68,1767,1925,19.6,73.2,1.6543,2004,11,1,1,2
5649,3.0,1269,16.0,1181,141,96,1756,1762,19.1,75.8,1.6568,2004,11,1,1,3
5650,1.5,1253,16.9,1206,291,52,1779,1579,18.4,77.9,1.6389,2004,11,1,1,4
5651,2.7,1212,15.0,1149,279,49,1710,1599,18.4,78.1,1.637,2004,11,1,1,5
5652,1.8,1061,9.6,962,200,45,1554,1395,19.2,74.7,1.6398,2004,11,1,1,6
5653,1.3,1028,7.8,890,180,51,1525,1323,19.4,75.1,1.6766,2004,11,1,1,7
5654,1.5,1067,8.7,928,213,51,1564,1309,19.1,75.6,1.6519,2004,11,1,1,8
5655,1.9,1111,9.8,970,266,62,1594,1441,20.3,71.1,1.6803,2004,11,1,1,9
5656,2.2,1189,12.4,1065,247,74,1683,1830,23.1,61.3,1.7131,2004,11,1,1,10
5657,2.6,1293,13.9,1114,326,88,1702,1704,25.1,56.0,1.7565,2004,11,1,1,11
5658,2.7,1285,12.5,1065,319,90,1686,1576,25.8,56.1,1.841,2004,11,1,1,12
5659,2.5,1236,10.9,1011,320,91,1706,1305,23.7,68.2,1.9739,2004,11,1,1,13
5660,1.5,1082,6.5,834,174,64,1562,991,23.1,70.8,1.98,2004,11,1,1,14
5661,2.0,1188,9.4,954,216,72,1636,1148,23.9,66.3,1.9361,2004,11,1,1,15
5662,3.1,1348,15.3,1157,376,88,1810,1307,23.8,65.0,1.8897,2004,11,1,1,16
5663,3.7,1394,16.4,1193,496,110,1811,1386,23.2,65.6,1.8435,2004,11,1,1,17
5664,4.0,1472,19.8,1290,523,95,1942,1420,21.8,72.7,1.8789,2004,11,1,1,18
5665,4.1,1291,15.8,1174,465,91,1746,1341,21.7,67.3,1.7256,2004,11,1,1,19
5666,3.1,1264,14.5,1133,407,94,1750,1258,21.3,66.3,1.6594,2004,11,1,1,20
5667,3.2,1264,14.7,1138,412,86,1733,1245,20.4,71.6,1.7004,2004,11,1,1,21
5668,3.2,1260,15.3,1160,403,79,1755,1231,19.6,75.3,1.6981,2004,11,1,1,22
5669,2.7,1184,13.0,1084,357,71,1674,1151,19.3,75.8,1.6762,2004,11,1,1,23
5670,2.3,1122,10.5,996,259,62,1586,1048,18.4,76.3,1.6017,2004,11,2,2,0
5671,1.6,983,7.6,881,227,56,1472,928,18.2,76.4,1.5787,2004,11,2,2,1
5672,1.1,885,4.8,753,147,49,1374,813,17.9,74.8,1.5219,2004,11,2,2,2
5673,0.7,825,3.1,661,141,96,1334,753,17.5,74.5,1.4781,2004,11,2,2,3
5674,1.5,791,2.6,627,72,38,1306,709,17.2,74.0,1.4388,2004,11,2,2,4
5675,0.6,802,2.7,636,96,35,1289,721,17.6,73.2,1.4555,2004,11,2,2,5
5676,0.5,804,3.0,652,73,37,1294,710,17.9,69.3,1.4099,2004,11,2,2,6
5677,1.5,1014,8.7,927,309,56,1497,951,16.1,76.3,1.3902,2004,11,2,2,7
5678,3.4,1316,20.7,1317,607,85,1860,1336,17.1,72.8,1.4054,2004,11,2,2,8
5679,4.4,1296,25.2,1435,562,112,1899,1489,20.8,57.9,1.407,2004,11,2,2,9
5680,4.4,1381,23.6,1394,560,107,1911,1558,20.6,60.2,1.4428,2004,11,2,2,10
5681,5.8,1570,32.9,1617,844,151,2170,1944,22.1,56.6,1.4851,2004,11,2,2,11
5682,4.9,1426,25.6,1445,667,151,1970,1782,24.0,50.0,1.4679,2004,11,2,2,12
5683,5.1,1535,31.2,1578,583,150,2125,1921,25.7,45.6,1.487,2004,11,2,2,13
5684,7.5,1678,37.9,1727,726,190,2318,2039,25.5,49.7,1.5985,2004,11,2,2,14
5685,5.8,1605,32.3,1603,674,168,2199,1912,25.2,50.6,1.5989,2004,11,2,2,15
5686,5.9,1559,31.5,1586,544,127,2197,1827,25.4,50.7,1.6187,2004,11,2,2,16
5687,6.8,1713,38.0,1728,715,140,2386,1919,24.4,56.0,1.6885,2004,11,2,2,17
5688,7.9,1751,44.1,1853,789,158,2496,2013,23.0,62.1,1.7283,2004,11,2,2,18
5691,5.9,1461,29.1,1529,668,96,2111,1573,20.2,68.6,1.6034,2004,11,2,2,21
5692,3.7,1258,19.1,1272,454,77,1804,1325,19.3,70.8,1.5728,2004,11,2,2,22
5693,2.6,1138,13.9,1113,337,66,1641,1203,19.2,68.8,1.5097,2004,11,2,2,23
5694,1.1,936,6.8,849,127,56,1381,947,20.4,61.1,1.4495,2004,11,3,3,0
5695,2.6,1167,13.2,1090,281,62,1620,1106,18.0,71.5,1.4615,2004,11,3,3,1
5696,2.2,1071,10.7,1003,252,58,1542,1045,17.5,73.2,1.4515,2004,11,3,3,2
5697,0.9,866,4.1,717,141,96,1328,827,17.2,71.7,1.394,2004,11,3,3,3
5698,1.5,836,2.9,647,65,37,1271,777,16.4,74.4,1.3779,2004,11,3,3,4
5699,0.5,823,2.7,630,69,35,1253,748,16.8,71.9,1.3628,2004,11,3,3,5
5700,0.7,890,4.3,727,151,50,1290,833,16.9,70.5,1.3504,2004,11,3,3,6
5701,1.3,1019,8.0,901,231,64,1438,960,17.0,70.1,1.3512,2004,11,3,3,7
5702,2.2,1177,15.5,1166,297,75,1667,1157,18.8,62.5,1.3401,2004,11,3,3,8
5703,3.7,1348,23.8,1398,515,101,1847,1444,20.3,58.4,1.3745,2004,11,3,3,9
5704,3.7,1341,21.0,1323,499,94,1786,1522,23.7,49.1,1.423,2004,11,3,3,10
5705,3.4,1307,19.3,1278,445,95,1767,1452,26.6,42.8,1.4713,2004,11,3,3,11
5706,3.4,1305,19.7,1287,464,124,1771,1437,26.2,43.5,1.4591,2004,11,3,3,12
5707,2.6,1177,13.2,1090,298,86,1632,1209,26.3,43.6,1.4663,2004,11,3,3,13
5708,2.5,1192,13.0,1085,266,79,1638,1170,26.6,42.5,1.4568,2004,11,3,3,14
5709,2.5,1214,12.9,1080,323,87,1642,1190,26.3,43.7,1.4718,2004,11,3,3,15
5710,2.7,1240,15.1,1152,352,94,1699,1278,25.6,46.2,1.4903,2004,11,3,3,16
5711,3.2,1271,16.3,1188,372,107,1703,1305,25.1,47.6,1.4983,2004,11,3,3,17
5712,3.7,1333,20.5,1312,383,107,1853,1364,23.8,51.4,1.4956,2004,11,3,3,18
5713,4.6,1390,24.4,1414,455,117,1959,1428,23.3,53.1,1.496,2004,11,3,3,19
5714,3.3,1266,18.7,1261,355,97,1807,1285,22.4,55.2,1.4735,2004,11,3,3,20
5715,2.4,1140,12.7,1072,267,90,1597,1143,21.7,57.7,1.4766,2004,11,3,3,21
5716,2.8,1240,15.6,1168,308,86,1714,1235,20.5,63.0,1.5043,2004,11,3,3,22
5717,2.7,1187,14.2,1122,313,77,1641,1208,19.5,67.6,1.5156,2004,11,3,3,23
5718,1.8,1043,9.9,975,216,66,1489,1041,18.7,69.0,1.4727,2004,11,4,4,0
5719,1.1,948,6.3,826,137,57,1382,897,19.3,65.5,1.45,2004,11,4,4,1
5720,1.2,955,5.2,775,140,55,1362,862,17.6,70.8,1.4105,2004,11,4,4,2
5721,0.8,915,4.2,721,141,96,1315,816,16.8,72.9,1.3851,2004,11,4,4,3
5722,0.6,832,2.9,644,94,40,1239,747,17.8,68.1,1.3722,2004,11,4,4,4
5723,0.5,846,2.6,628,79,40,1218,727,16.1,73.5,1.3329,2004,11,4,4,5
5724,0.7,897,4.7,750,156,46,1270,799,15.8,73.5,1.3151,2004,11,4,4,6
5725,0.8,908,5.1,767,153,53,1272,807,17.0,68.0,1.3102,2004,11,4,4,7
5726,3.5,1348,22.2,1357,464,84,1833,1324,16.0,72.2,1.3077,2004,11,4,4,8
5727,3.6,1384,23.3,1386,435,88,1833,1404,17.8,65.4,1.3213,2004,11,4,4,9
5728,1.5,1473,26.3,1463,683,143,1948,1605,20.6,56.0,1.3467,2004,11,4,4,10
5729,1.5,1360,19.7,1287,523,130,1755,1478,23.6,48.0,1.3757,2004,11,4,4,11
5730,1.5,1305,17.4,1223,460,120,1720,1414,23.7,49.8,1.4433,2004,11,4,4,12
5731,1.5,1337,20.2,1302,417,139,1786,1465,24.7,47.4,1.4527,2004,11,4,4,13
5732,1.5,1414,24.4,1414,486,139,1896,1588,25.9,42.8,1.4122,2004,11,4,4,14
5733,1.5,1463,24.5,1417,512,156,1900,1651,26.8,43.3,1.4977,2004,11,4,4,15
5734,1.5,1530,24.8,1425,595,143,1975,1652,26.6,45.5,1.5555,2004,11,4,4,16
5736,8.7,1882,47.5,1920,1014,171,2609,2204,23.1,61.1,1.7082,2004,11,4,4,18
5738,4.3,1463,27.2,1484,485,97,2011,1590,21.1,66.1,1.6313,2004,11,4,4,20
5739,3.6,1380,21.8,1345,480,92,1856,1419,20.0,69.0,1.5956,2004,11,4,4,21
5740,3.9,1383,21.3,1332,572,96,1855,1415,19.1,72.0,1.5732,2004,11,4,4,22
5741,2.4,1181,13.3,1094,345,74,1599,1180,18.8,70.6,1.5209,2004,11,4,4,23
5742,1.6,1061,8.8,931,195,65,1481,1015,18.5,69.5,1.4657,2004,11,5,5,0
5743,1.8,1091,9.2,945,213,62,1467,1014,18.4,68.5,1.439,2004,11,5,5,1
5744,1.5,1010,7.6,884,216,59,1430,938,16.8,73.3,1.3915,2004,11,5,5,2
5745,0.7,868,3.6,688,141,96,1249,777,17.9,66.8,1.3596,2004,11,5,5,3
5746,0.5,852,2.8,639,73,41,1204,723,16.5,71.0,1.3239,2004,11,5,5,4
5747,0.4,826,2.2,601,67,38,1180,702,16.9,67.9,1.295,2004,11,5,5,5
5748,0.5,862,3.4,677,96,43,1192,725,16.1,69.3,1.2591,2004,11,5,5,6
5749,0.8,951,5.7,800,162,52,1257,836,16.1,69.6,1.2593,2004,11,5,5,7
5750,2.0,1210,16.3,1188,305,75,1575,1129,16.2,70.1,1.2837,2004,11,5,5,8
5752,4.5,1477,25.5,1443,658,126,1878,1646,19.6,58.3,1.3141,2004,11,5,5,10
5753,4.6,1458,24.2,1408,710,151,1889,1664,20.7,55.5,1.3414,2004,11,5,5,11
5754,3.3,1354,20.9,1321,445,107,1799,1496,20.8,56.3,1.3664,2004,11,5,5,12
5755,3.6,1385,22.1,1354,455,114,1823,1506,21.7,53.1,1.3649,2004,11,5,5,13
5756,4.4,1460,25.0,1430,524,125,1932,1604,23.0,49.0,1.362,2004,11,5,5,14
5757,4.3,1492,26.4,1463,527,138,1935,1632,24.2,44.0,1.3078,2004,11,5,5,15
5758,5.0,1569,29.8,1547,601,144,2016,1736,24.7,43.6,1.3396,2004,11,5,5,16
5759,8.1,1870,45.0,1871,1001,180,2483,2165,23.0,54.2,1.5066,2004,11,5,5,17
5760,8.0,1774,42.8,1829,852,154,2457,2152,21.4,60.9,1.5322,2004,11,5,5,18
5761,3.6,1388,22.4,1363,370,105,1815,1556,20.3,61.4,1.4417,2004,11,5,5,19
5762,2.9,1303,15.9,1177,348,98,1619,1389,20.0,63.2,1.4581,2004,11,5,5,20
5763,2.7,1257,14.3,1126,361,93,1599,1300,19.1,64.4,1.405,2004,11,5,5,21
5764,1.9,1132,10.7,1002,255,76,1474,1126,18.1,67.5,1.3855,2004,11,5,5,22
5765,1.3,1050,7.6,881,162,69,1363,982,17.8,66.9,1.3464,2004,11,5,5,23
5766,1.2,1033,6.7,842,166,66,1362,941,17.6,66.5,1.3249,2004,11,6,6,0
5767,1.8,1106,9.0,938,247,76,1395,1010,16.1,71.2,1.2948,2004,11,6,6,1
5768,1.9,1107,9.0,940,255,73,1403,985,15.5,73.3,1.2845,2004,11,6,6,2
5769,1.5,1011,7.0,856,141,96,1341,889,15.4,72.8,1.2633,2004,11,6,6,3
5770,0.9,916,4.3,726,129,54,1248,791,15.6,70.8,1.2461,2004,11,6,6,4
5771,0.5,852,2.8,641,83,44,1172,710,17.0,64.5,1.2374,2004,11,6,6,5
5772,0.6,889,3.7,694,114,45,1198,743,14.9,72.3,1.2186,2004,11,6,6,6
5773,1.1,1002,6.3,828,233,58,1307,857,14.0,76.6,1.2183,2004,11,6,6,7
5774,2.8,1231,14.5,1134,448,87,1572,1143,14.6,74.2,1.2256,2004,11,6,6,8
5775,2.9,1212,16.4,1191,455,97,1586,1210,15.9,69.8,1.253,2004,11,6,6,9
5776,1.7,1121,10.9,1012,254,80,1436,1060,18.4,61.3,1.2854,2004,11,6,6,10
5777,2.3,1260,14.1,1121,313,82,1569,1252,20.0,56.7,1.3078,2004,11,6,6,11
5778,3.3,1391,17.1,1214,490,112,1691,1435,20.4,57.0,1.3507,2004,11,6,6,12
5779,3.5,1463,19.4,1280,496,121,1794,1544,20.7,59.3,1.4283,2004,11,6,6,13
5780,3.8,1464,20.9,1321,514,132,1794,1600,21.7,54.8,1.4024,2004,11,6,6,14
5781,3.4,1412,17.7,1230,454,141,1672,1534,22.0,54.2,1.4096,2004,11,6,6,15
5782,3.8,1450,19.8,1292,507,130,1768,1495,21.4,57.1,1.4356,2004,11,6,6,16
5783,3.6,1416,19.5,1283,474,113,1739,1442,20.8,58.7,1.4259,2004,11,6,6,17
5784,3.5,1346,17.0,1211,404,101,1674,1340,20.1,59.6,1.3852,2004,11,6,6,18
5785,2.8,1273,14.6,1137,356,91,1563,1231,20.0,58.4,1.3473,2004,11,6,6,19
5786,2.5,1206,12.0,1049,345,90,1484,1128,19.5,58.9,1.3195,2004,11,6,6,20
5787,3.1,1252,13.3,1094,395,90,1526,1188,19.5,57.4,1.2874,2004,11,6,6,21
5788,1.8,1069,7.9,897,249,83,1364,998,19.1,59.2,1.295,2004,11,6,6,22
5789,1.6,1061,7.9,895,197,73,1359,944,18.8,59.1,1.2702,2004,11,6,6,23
5790,1.9,1072,7.5,880,224,80,1318,928,18.0,60.4,1.2331,2004,11,7,7,0
5791,2.0,1075,8.4,917,231,87,1354,1037,17.5,60.7,1.2009,2004,11,7,7,1
5792,1.4,992,6.9,853,177,79,1305,930,17.5,59.4,1.1768,2004,11,7,7,2
5793,1.2,914,4.6,741,141,96,1210,803,17.1,59.2,1.1477,2004,11,7,7,3
5794,1.5,854,3.8,700,98,56,1151,665,17.0,52.3,1.0009,2004,11,7,7,4
5795,0.7,774,2.1,591,64,42,1044,533,16.1,49.8,0.9021,2004,11,7,7,5
5796,0.4,757,1.5,542,44,31,1004,449,15.5,51.5,0.9026,2004,11,7,7,6
5797,0.4,752,1.2,516,53,35,997,440,15.1,52.0,0.8878,2004,11,7,7,7
5798,0.5,757,1.6,551,94,51,967,453,14.9,46.8,0.7885,2004,11,7,7,8
5799,0.7,777,1.9,580,100,58,963,465,15.5,42.4,0.74,2004,11,7,7,9
5800,0.7,774,2.0,583,98,57,966,457,16.6,38.2,0.7186,2004,11,7,7,10
5801,0.7,805,2.7,632,115,63,1033,475,18.0,34.7,0.7089,2004,11,7,7,11
5802,1.0,838,3.6,686,115,61,1046,532,18.0,35.1,0.7176,2004,11,7,7,12
5803,1.0,824,3.7,695,76,34,1035,526,17.6,33.8,0.6726,2004,11,7,7,13
5804,0.9,812,3.9,704,55,26,1044,520,17.5,33.7,0.6691,2004,11,7,7,14
5805,0.9,806,3.8,702,59,28,1035,500,17.2,33.9,0.6591,2004,11,7,7,15
5806,0.9,789,3.4,675,95,50,974,482,16.8,32.1,0.6073,2004,11,7,7,16
5807,1.1,821,4.0,713,107,55,1030,539,16.0,34.1,0.6155,2004,11,7,7,17
5808,3.2,1024,14.3,1127,189,84,1346,943,14.8,37.5,0.6259,2004,11,7,7,18
5809,3.1,1009,10.5,995,386,140,1201,1016,14.4,39.2,0.6407,2004,11,7,7,19
5810,3.1,1064,12.2,1055,412,138,1242,1063,14.1,43.0,0.6883,2004,11,7,7,20
5811,2.3,1001,11.4,1029,342,127,1255,1034,13.4,48.4,0.7397,2004,11,7,7,21
5812,1.8,927,7.3,868,255,117,1155,864,12.7,51.2,0.7505,2004,11,7,7,22
5813,0.8,819,2.4,613,89,57,1060,500,9.9,71.4,0.8736,2004,11,7,7,23
5814,0.9,847,2.7,630,106,59,1091,537,10.2,71.6,0.8893,2004,11,8,1,0
5815,0.8,798,2.5,621,109,62,1041,524,10.6,61.3,0.7856,2004,11,8,1,1
5816,0.7,757,1.7,561,67,42,998,457,11.1,55.6,0.7344,2004,11,8,1,2
5817,0.4,703,0.5,446,141,96,918,360,11.5,50.4,0.6815,2004,11,8,1,3
5818,0.2,689,0.3,407,13,13,895,333,11.3,49.5,0.6615,2004,11,8,1,4
5819,0.2,698,0.4,424,20,18,903,339,10.8,50.9,0.657,2004,11,8,1,5
5820,0.3,720,0.6,458,33,26,917,358,10.9,50.1,0.6519,2004,11,8,1,6
5821,0.7,797,2.1,593,146,72,984,494,10.8,49.7,0.6429,2004,11,8,1,7
5822,1.7,950,7.4,875,359,131,1179,828,10.7,50.4,0.6467,2004,11,8,1,8
5823,1.8,887,5.9,809,322,133,1111,769,10.9,50.0,0.6531,2004,11,8,1,9
5824,1.5,850,4.8,755,293,116,1051,714,12.1,46.5,0.653,2004,11,8,1,10
5825,1.3,836,4.5,740,255,117,1046,672,12.4,44.1,0.6324,2004,11,8,1,11
5826,1.2,827,5.1,768,233,103,1040,671,13.0,40.1,0.5989,2004,11,8,1,12
5827,1.3,819,6.0,810,220,100,1027,631,13.4,36.3,0.5556,2004,11,8,1,13
5828,1.8,919,10.0,978,246,105,1180,805,13.1,38.5,0.5776,2004,11,8,1,14
5829,1.7,897,7.8,890,272,121,1139,808,11.5,46.4,0.6302,2004,11,8,1,15
5830,2.2,973,11.2,1023,358,132,1226,964,13.1,40.4,0.606,2004,11,8,1,16
5831,3.2,1065,17.0,1211,514,156,1364,1188,13.0,39.3,0.5877,2004,11,8,1,17
5832,5.9,1341,31.0,1575,742,183,1778,1571,11.3,50.9,0.679,2004,11,8,1,18
5833,6.6,1303,28.9,1524,141,96,1744,1580,10.6,53.4,0.6818,2004,11,8,1,19
5834,1.5,1189,23.1,1381,141,96,1574,1426,9.5,57.9,0.6877,2004,11,8,1,20
5835,1.5,1054,13.7,1106,141,96,1297,1239,8.6,60.5,0.6788,2004,11,8,1,21
5836,1.5,943,8.0,900,141,96,1129,1064,8.5,59.7,0.6649,2004,11,8,1,22
5837,1.5,903,7.4,872,141,96,1108,987,7.9,61.4,0.6582,2004,11,8,1,23
5838,1.5,858,4.9,760,141,96,1049,873,7.1,63.6,0.6442,2004,11,9,2,0
5839,1.5,821,3.7,696,141,96,1013,783,7.2,62.2,0.6362,2004,11,9,2,1
5840,1.5,781,2.9,645,141,96,986,719,5.6,67.9,0.6247,2004,11,9,2,2
5841,1.5,741,1.9,580,141,96,952,660,5.1,68.7,0.6077,2004,11,9,2,3
5842,1.5,720,1.4,540,141,96,938,613,4.4,71.4,0.6024,2004,11,9,2,4
5843,1.5,733,1.9,574,141,96,964,627,4.1,73.1,0.6074,2004,11,9,2,5
5844,1.5,780,3.2,666,141,96,1003,697,3.2,76.8,0.5963,2004,11,9,2,6
5845,1.5,915,7.4,873,141,96,1135,915,3.7,76.2,0.6137,2004,11,9,2,7
5846,1.5,1228,22.4,1362,141,96,1543,1399,4.9,70.7,0.6193,2004,11,9,2,8
5847,1.5,1239,22.8,1373,141,96,1593,1495,7.1,62.0,0.6265,2004,11,9,2,9
5848,1.5,1209,18.5,1255,141,96,1447,1499,8.1,59.1,0.6397,2004,11,9,2,10
5849,1.5,1257,20.4,1308,141,96,1466,1720,11.1,48.8,0.643,2004,11,9,2,11
5850,1.5,1007,10.6,1000,141,96,1197,1210,11.3,46.5,0.6194,2004,11,9,2,12
5851,1.5,1020,11.8,1041,141,96,1245,1123,12.5,42.3,0.6104,2004,11,9,2,13
5852,1.5,1094,14.8,1144,141,96,1327,1209,12.5,42.8,0.6177,2004,11,9,2,14
5853,2.1,1045,13.1,1087,141,96,1270,1144,12.6,42.4,0.6159,2004,11,9,2,15
5854,1.5,909,7.5,879,141,96,1083,847,13.8,40.7,0.6405,2004,11,9,2,16
5855,1.6,1013,8.1,905,141,96,1201,923,11.0,58.8,0.7705,2004,11,9,2,17
5856,3.5,1236,16.9,1206,141,96,1523,1166,8.3,76.5,0.8426,2004,11,9,2,18
5857,4.6,1275,19.9,1294,141,96,1605,1280,8.6,75.5,0.8469,2004,11,9,2,19
5858,4.7,1237,16.5,1194,141,96,1508,1193,8.8,76.6,0.8678,2004,11,9,2,20
5859,3.0,1101,9.6,963,141,96,1320,966,8.0,81.0,0.8714,2004,11,9,2,21
5860,1.5,962,5.3,778,141,96,1162,752,7.3,85.7,0.8818,2004,11,9,2,22
5861,0.9,841,3.5,680,141,96,1067,594,6.5,85.6,0.8353,2004,11,9,2,23
5862,0.8,831,2.5,620,141,96,1039,545,6.5,83.5,0.8116,2004,11,10,3,0
5863,0.7,843,2.5,622,141,96,1060,555,6.9,82.3,0.8244,2004,11,10,3,1
5864,0.6,798,2.2,600,141,96,1049,543,7.3,78.1,0.8041,2004,11,10,3,2
5865,0.3,730,0.8,477,141,96,950,420,7.9,68.0,0.7265,2004,11,10,3,3
5866,0.2,715,0.5,445,32,29,925,373,8.0,64.5,0.695,2004,11,10,3,4
5867,0.2,726,0.5,443,29,26,942,363,8.1,68.6,0.7409,2004,11,10,3,5
5868,0.3,771,0.9,490,48,39,990,411,6.3,84.8,0.8148,2004,11,10,3,6
5869,0.5,805,1.6,555,113,72,1019,496,6.7,79.8,0.7872,2004,11,10,3,7
5870,1.4,958,5.8,803,267,128,1172,738,7.1,77.9,0.7914,2004,11,10,3,8
5871,2.0,1021,9.5,959,332,149,1297,910,7.9,73.5,0.7883,2004,11,10,3,9
5872,1.6,969,6.7,843,354,165,1213,821,6.9,86.0,0.8632,2004,11,10,3,10
5873,1.3,923,4.4,733,316,150,1124,740,6.8,87.1,0.8652,2004,11,10,3,11
5874,1.4,973,6.8,850,395,165,1213,852,8.0,81.6,0.8755,2004,11,10,3,12
5875,1.9,996,7.8,893,391,175,1237,895,9.5,70.0,0.8296,2004,11,10,3,13
5876,2.7,1055,10.8,1007,457,145,1301,1019,10.5,62.2,0.7923,2004,11,10,3,14
5877,2.1,1023,9.8,971,448,98,1283,993,11.4,59.1,0.7963,2004,11,10,3,15
5878,2.4,1039,11.3,1024,543,105,1325,1043,11.1,58.6,0.7737,2004,11,10,3,16
5879,2.7,1051,12.3,1061,574,106,1333,1111,10.8,57.6,0.7473,2004,11,10,3,17
5880,2.5,1050,12.6,1070,435,141,1334,1087,10.6,56.9,0.7281,2004,11,10,3,18
5881,3.7,1156,17.0,1209,504,177,1467,1250,10.6,59.3,0.7588,2004,11,10,3,19
5882,4.6,1277,21.4,1335,586,182,1636,1331,10.0,71.5,0.8768,2004,11,10,3,20
5883,3.9,1172,15.3,1159,580,193,1461,1243,10.3,71.1,0.8878,2004,11,10,3,21
5884,2.2,1048,9.9,973,346,148,1298,1074,10.5,70.3,0.893,2004,11,10,3,22
5885,2.7,1144,13.4,1096,531,167,1394,1258,10.2,71.3,0.8859,2004,11,10,3,23
5886,2.6,1104,11.2,1023,477,158,1314,1189,9.7,73.1,0.8787,2004,11,11,4,0
5887,2.1,1038,9.4,957,344,132,1271,1092,9.3,73.5,0.8651,2004,11,11,4,1
5888,1.4,960,6.6,838,219,97,1189,996,9.2,73.9,0.8616,2004,11,11,4,2
5889,1.2,934,5.5,787,141,96,1147,974,8.1,78.1,0.8452,2004,11,11,4,3
5890,1.1,930,5.4,784,174,74,1151,902,7.6,81.2,0.8483,2004,11,11,4,4
5891,1.1,918,5.3,778,165,68,1136,859,7.5,81.5,0.8495,2004,11,11,4,5
5892,1.1,952,6.1,814,250,89,1153,970,8.3,77.2,0.8464,2004,11,11,4,6
5893,1.5,1019,8.1,905,388,117,1244,1062,8.9,75.6,0.8667,2004,11,11,4,7
5894,3.1,1287,17.3,1218,758,190,1580,1304,9.2,81.7,0.9506,2004,11,11,4,8
5896,5.4,1417,24.1,1407,1110,190,1709,1488,10.2,82.3,1.0253,2004,11,11,4,10
5897,4.5,1392,21.0,1325,1145,194,1631,1465,11.2,80.7,1.0688,2004,11,11,4,11
5899,2.8,1150,13.6,1105,557,199,1450,1160,12.5,71.3,1.0285,2004,11,11,4,13
5900,3.9,1252,18.0,1240,678,178,1614,1277,13.2,68.4,1.0346,2004,11,11,4,14
5901,3.4,1186,14.3,1125,659,184,1493,1171,12.5,73.2,1.0563,2004,11,11,4,15
5902,3.2,1172,13.7,1107,552,186,1449,1106,12.2,75.7,1.0693,2004,11,11,4,16
5903,2.8,1109,11.2,1021,395,168,1361,1036,11.5,78.1,1.0565,2004,11,11,4,17
5904,3.9,1201,16.5,1196,573,187,1546,1196,11.6,76.0,1.0354,2004,11,11,4,18
5905,3.5,1189,16.1,1183,463,166,1534,1170,12.0,73.3,1.0264,2004,11,11,4,19
5906,4.7,1282,20.6,1312,568,177,1671,1312,12.9,68.8,1.0175,2004,11,11,4,20
5908,1.2,904,4.8,754,193,114,1172,805,12.3,73.4,1.049,2004,11,11,4,22
5909,1.1,900,4.0,711,151,84,1153,736,12.7,71.0,1.0387,2004,11,11,4,23
5910,1.2,932,4.5,740,167,92,1180,774,12.9,69.9,1.0371,2004,11,12,5,0
5911,1.6,968,5.4,785,239,111,1209,826,12.9,70.5,1.0442,2004,11,12,5,1
5912,0.7,827,2.4,610,102,71,1120,636,13.1,67.7,1.0198,2004,11,12,5,2
5913,0.4,789,1.2,515,141,96,1054,516,13.1,67.6,1.0127,2004,11,12,5,3
5914,1.5,812,1.6,549,55,43,1079,531,13.8,64.0,1.0042,2004,11,12,5,4
5915,0.6,811,1.7,559,71,50,1085,558,13.7,64.4,1.0036,2004,11,12,5,5
5916,0.5,827,1.7,560,79,53,1087,565,13.9,63.8,1.0079,2004,11,12,5,6
5917,0.6,849,2.3,604,117,67,1108,604,14.1,64.5,1.0287,2004,11,12,5,7
5918,1.4,1001,5.7,798,266,113,1257,794,14.0,66.1,1.0488,2004,11,12,5,8
5919,2.0,1021,7.9,896,340,140,1314,907,14.2,66.4,1.0673,2004,11,12,5,9
5920,1.6,978,6.4,831,257,116,1257,838,14.9,62.5,1.0529,2004,11,12,5,10
5921,1.6,996,6.9,855,311,122,1277,884,16.3,58.4,1.0729,2004,11,12,5,11
5922,1.7,1014,6.7,843,279,116,1297,866,16.9,56.5,1.0801,2004,11,12,5,12
5923,2.0,1061,8.7,928,267,118,1366,909,17.4,55.8,1.098,2004,11,12,5,13
5924,2.3,1092,9.9,975,310,125,1418,990,17.4,57.3,1.1328,2004,11,12,5,14
5925,2.4,1129,11.4,1028,352,126,1480,1050,17.7,55.5,1.1127,2004,11,12,5,15
5926,2.2,1077,9.8,969,337,135,1405,1023,16.8,58.9,1.1199,2004,11,12,5,16
5927,2.6,1153,12.9,1079,358,140,1496,1103,17.0,57.5,1.1071,2004,11,12,5,17
5928,4.0,1234,16.6,1197,547,163,1597,1239,16.2,60.2,1.1003,2004,11,12,5,18
5929,5.2,1319,20.8,1319,600,178,1735,1384,16.7,58.0,1.0916,2004,11,12,5,19
5930,3.9,1251,18.8,1264,470,160,1677,1289,16.5,58.8,1.0921,2004,11,12,5,20
5931,3.8,1165,12.6,1070,522,166,1467,1180,15.8,61.1,1.0856,2004,11,12,5,21
5932,1.6,954,5.9,807,208,115,1243,855,15.7,60.8,1.0769,2004,11,12,5,22
5933,1.5,971,6.1,818,205,107,1252,857,15.9,59.6,1.0673,2004,11,12,5,23
5934,1.6,961,5.0,765,217,108,1212,811,15.6,60.0,1.0594,2004,11,13,6,0
5935,1.5,952,4.9,758,216,111,1203,794,15.6,60.1,1.0557,2004,11,13,6,1
5936,1.0,875,2.7,635,117,75,1133,612,15.7,59.5,1.0534,2004,11,13,6,2
5937,0.8,891,2.7,633,141,96,1137,590,15.7,60.1,1.064,2004,11,13,6,3
5938,1.3,1006,5.0,765,174,88,1239,807,15.6,61.7,1.0847,2004,11,13,6,4
5939,1.0,907,3.7,691,111,71,1173,702,15.8,59.9,1.0693,2004,11,13,6,5
5940,1.0,938,3.8,702,147,75,1185,753,15.2,61.8,1.0602,2004,11,13,6,6
5941,0.9,925,3.3,672,140,86,1154,709,16.1,55.4,1.0089,2004,11,13,6,7
5942,2.1,1157,9.7,967,421,124,1365,1087,14.9,64.1,1.0773,2004,11,13,6,8
5943,2.1,1169,10.7,1003,350,128,1409,1126,15.6,62.0,1.0904,2004,11,13,6,9
5944,3.1,1312,14.7,1139,550,164,1568,1386,17.9,54.6,1.11,2004,11,13,6,10
5945,3.8,1347,17.6,1227,589,199,1627,1476,21.1,44.5,1.0964,2004,11,13,6,11
5946,3.7,1321,17.5,1224,537,192,1617,1424,20.3,46.7,1.0971,2004,11,13,6,12
5947,3.6,1267,14.1,1118,473,166,1503,1310,21.5,42.7,1.0837,2004,11,13,6,13
5948,3.3,1234,12.1,1053,364,133,1476,1114,21.5,43.1,1.0919,2004,11,13,6,14
5949,2.1,1101,9.2,947,270,118,1374,1029,21.5,43.4,1.0965,2004,11,13,6,15
5950,2.3,1149,10.6,998,368,133,1434,1101,20.8,45.5,1.1054,2004,11,13,6,16
5951,2.1,1094,9.0,941,318,128,1371,1040,19.2,49.6,1.0893,2004,11,13,6,17
5952,1.9,1056,7.5,878,244,116,1308,856,18.3,51.6,1.0732,2004,11,13,6,18
5953,1.9,1030,8.0,899,234,118,1275,836,17.7,51.5,1.0357,2004,11,13,6,19
5954,2.3,1075,9.1,943,296,142,1305,894,17.2,51.5,1.0015,2004,11,13,6,20
5955,1.7,927,4.7,748,205,113,1157,696,15.9,54.9,0.9853,2004,11,13,6,21
5956,0.8,793,1.8,570,95,59,1036,524,14.0,55.2,0.8807,2004,11,13,6,22
5957,0.8,796,2.1,589,93,52,1026,506,13.3,53.0,0.8044,2004,11,13,6,23
5958,0.8,780,1.8,568,100,57,997,453,11.9,55.5,0.7711,2004,11,14,7,0
5959,0.8,774,1.8,569,100,58,984,434,11.4,54.6,0.7363,2004,11,14,7,1
5960,0.6,718,1.0,500,63,44,914,373,10.4,53.7,0.6749,2004,11,14,7,2
5961,0.4,705,0.8,478,141,96,885,330,9.9,54.3,0.6609,2004,11,14,7,3
5962,0.3,689,0.7,470,36,26,863,305,9.8,51.3,0.6225,2004,11,14,7,4
5963,0.3,678,0.4,427,24,20,853,286,9.5,52.2,0.6198,2004,11,14,7,5
5964,0.2,655,0.2,402,20,17,814,268,10.0,45.7,0.5598,2004,11,14,7,6
5965,0.2,649,0.2,397,25,21,798,261,10.2,41.9,0.5209,2004,11,14,7,7
5966,0.3,647,0.3,412,39,29,779,274,10.6,36.1,0.4624,2004,11,14,7,8
5967,0.3,667,0.4,429,57,39,790,291,10.7,36.0,0.4623,2004,11,14,7,9
5968,0.4,669,0.5,444,59,41,791,304,10.8,35.4,0.4583,2004,11,14,7,10
5969,0.4,667,0.6,455,65,44,786,301,11.4,32.9,0.4435,2004,11,14,7,11
5970,0.6,705,1.1,508,93,54,820,329,12.4,32.0,0.4583,2004,11,14,7,12
5971,0.6,710,1.2,523,112,62,827,350,12.4,31.3,0.45,2004,11,14,7,13
5972,0.6,713,1.4,539,110,62,829,380,12.2,31.8,0.4514,2004,11,14,7,14
5973,0.5,703,1.1,512,81,48,837,356,10.5,37.9,0.4821,2004,11,14,7,15
5974,0.6,738,1.3,529,100,59,876,383,9.6,44.2,0.5289,2004,11,14,7,16
5975,0.7,795,1.8,569,109,63,959,429,8.2,57.9,0.6293,2004,11,14,7,17
5976,1.4,861,4.7,750,148,78,1051,556,7.3,63.5,0.6519,2004,11,14,7,18
5977,1.2,836,3.0,653,207,99,978,537,8.4,55.7,0.6155,2004,11,14,7,19
5978,1.1,812,3.0,652,210,106,964,554,9.1,49.6,0.5765,2004,11,14,7,20
5979,1.0,771,2.8,642,180,97,915,518,10.0,41.4,0.5102,2004,11,14,7,21
5980,0.6,711,1.6,556,109,67,840,416,10.4,36.2,0.4561,2004,11,14,7,22
5981,0.8,741,2.3,607,128,73,865,433,11.3,32.3,0.4329,2004,11,14,7,23
5982,0.6,696,1.3,532,96,62,814,393,10.9,33.5,0.4378,2004,11,15,1,0
5983,0.5,692,1.1,507,65,44,811,353,10.6,34.9,0.4455,2004,11,15,1,1
5984,0.3,679,0.6,449,42,31,800,314,10.7,36.1,0.4639,2004,11,15,1,2
5985,0.2,676,0.4,429,141,96,803,296,11.0,37.3,0.488,2004,11,15,1,3
5986,1.5,681,0.4,428,24,21,817,297,10.7,39.2,0.5045,2004,11,15,1,4
5987,0.3,683,0.4,426,28,22,805,302,10.4,38.6,0.4862,2004,11,15,1,5
5988,0.4,704,0.8,478,55,41,821,348,10.4,37.4,0.4717,2004,11,15,1,6
5989,0.7,767,2.0,588,181,94,885,508,10.5,37.0,0.4707,2004,11,15,1,7
5990,2.0,964,8.7,928,480,167,1130,936,10.7,37.9,0.487,2004,11,15,1,8
5991,2.4,925,8.6,923,442,162,1115,944,11.1,38.1,0.5023,2004,11,15,1,9
5992,1.8,883,6.8,849,361,141,1053,843,12.6,36.6,0.5314,2004,11,15,1,10
5993,1.6,894,6.2,820,288,127,1072,820,13.8,36.2,0.569,2004,11,15,1,11
5994,1.7,881,6.4,831,330,116,1074,793,13.4,37.1,0.5683,2004,11,15,1,12
5995,1.8,867,6.7,842,300,104,1077,737,13.5,34.9,0.5393,2004,11,15,1,13
5996,1.7,856,6.2,821,239,111,1043,718,13.7,32.2,0.5032,2004,11,15,1,14
5997,1.7,862,6.7,843,265,114,1032,743,13.6,32.1,0.4977,2004,11,15,1,15
5998,1.7,891,7.8,891,287,121,1077,848,13.5,31.8,0.4876,2004,11,15,1,16
5999,2.6,931,11.5,1032,403,164,1098,991,13.5,27.9,0.4287,2004,11,15,1,17
6000,4.0,1025,16.7,1202,515,194,1263,1191,12.7,28.9,0.4233,2004,11,15,1,18
6001,3.8,1029,16.6,1198,446,175,1305,1169,12.6,30.2,0.4384,2004,11,15,1,19
6002,4.0,1038,16.3,1190,501,180,1291,1167,12.3,32.0,0.4553,2004,11,15,1,20
6003,2.4,904,8.6,924,355,147,1083,966,12.0,34.3,0.4787,2004,11,15,1,21
6004,1.4,844,5.4,782,217,112,1003,796,11.6,37.3,0.5095,2004,11,15,1,22
6005,1.3,839,4.0,711,180,94,990,712,11.3,40.3,0.5406,2004,11,15,1,23
6006,1.3,844,3.9,705,167,91,986,701,11.3,41.8,0.561,2004,11,16,2,0
6007,1.0,800,2.8,641,126,76,957,591,11.2,42.0,0.5582,2004,11,16,2,1
6008,0.8,786,2.2,596,113,73,937,609,11.0,42.6,0.5595,2004,11,16,2,2
6009,0.6,737,0.9,492,141,96,880,467,11.2,41.3,0.5498,2004,11,16,2,3
6010,0.4,732,0.7,472,37,32,866,391,11.1,40.8,0.5395,2004,11,16,2,4
6011,0.5,737,0.7,468,50,40,869,395,10.7,41.8,0.536,2004,11,16,2,5
6012,0.5,778,1.2,517,96,63,890,510,10.2,43.6,0.5405,2004,11,16,2,6
6013,0.9,867,3.3,669,271,119,981,779,10.1,44.0,0.5434,2004,11,16,2,7
6018,2.6,982,10.7,1003,498,189,1117,1072,17.2,22.4,0.4354,2004,11,16,2,12
6019,2.5,948,11.1,1017,389,147,1077,929,17.3,20.4,0.4011,2004,11,16,2,13
6020,2.8,1017,11.7,1039,457,161,1149,1024,18.1,21.0,0.4321,2004,11,16,2,14
6021,2.2,985,10.9,1011,425,148,1138,1010,17.9,22.3,0.4537,2004,11,16,2,15
6022,2.4,1017,11.4,1029,483,148,1160,1046,17.6,23.7,0.473,2004,11,16,2,16
6023,3.5,1121,16.3,1190,604,188,1297,1264,16.7,25.9,0.4886,2004,11,16,2,17
6025,3.1,1101,14.5,1134,427,168,1283,1281,13.6,34.0,0.5251,2004,11,16,2,19
6026,3.2,1182,15.8,1175,461,171,1363,1463,13.4,40.4,0.6178,2004,11,16,2,20
6027,2.8,1144,13.2,1091,436,171,1295,1388,11.8,44.3,0.6121,2004,11,16,2,21
6028,2.2,1046,7.8,890,300,142,1109,1195,10.7,47.5,0.6108,2004,11,16,2,22
6029,1.8,990,6.1,817,277,134,1071,1111,10.2,49.4,0.6138,2004,11,16,2,23
6030,1.7,974,5.0,764,196,107,1029,992,9.5,51.0,0.6045,2004,11,17,3,0
6031,1.6,953,5.3,778,277,121,1051,1019,7.7,57.9,0.6107,2004,11,17,3,1
6032,1.1,868,2.9,647,131,85,962,828,8.4,54.5,0.6022,2004,11,17,3,2
6033,0.8,833,1.9,574,141,96,930,752,7.9,55.4,0.593,2004,11,17,3,3
6034,0.7,786,1.2,522,97,68,910,699,6.2,61.0,0.5824,2004,11,17,3,4
6035,0.8,834,1.6,551,105,69,917,719,6.8,58.6,0.5813,2004,11,17,3,5
6036,0.9,845,2.0,583,138,81,929,761,5.7,62.7,0.5801,2004,11,17,3,6
6037,1.2,929,4.0,713,183,92,1002,830,5.9,62.0,0.5811,2004,11,17,3,7
6038,3.3,1234,15.4,1161,664,200,1386,1318,6.3,61.7,0.5926,2004,11,17,3,8
6041,1.5,1268,16.0,1180,141,96,1323,1632,14.1,39.2,0.6278,2004,11,17,3,11
6042,3.2,1248,14.4,1131,878,187,1296,1592,13.3,42.3,0.6448,2004,11,17,3,12
6045,4.0,1321,19.5,1281,858,198,1442,1650,17.4,32.7,0.6422,2004,11,17,3,15
6046,4.1,1360,21.0,1325,839,171,1513,1692,17.3,33.9,0.6627,2004,11,17,3,16
6048,10.2,1802,47.7,1924,748,192,2235,2452,13.7,52.8,0.8244,2004,11,17,3,18
6052,2.6,1127,9.2,948,427,198,1188,1312,10.5,61.1,0.7755,2004,11,17,3,22
6053,2.3,1096,7.1,860,274,145,1131,1179,9.7,62.5,0.7509,2004,11,17,3,23
6054,2.7,1119,8.2,908,387,167,1173,1197,8.8,65.5,0.7435,2004,11,18,4,0
6055,2.2,999,5.1,771,235,127,1068,995,8.8,63.8,0.7236,2004,11,18,4,1
6056,2.0,987,5.6,794,225,119,1106,971,8.5,65.0,0.7221,2004,11,18,4,2
6057,1.3,912,3.5,685,141,96,1050,876,7.5,69.3,0.7201,2004,11,18,4,3
6058,1.2,893,3.8,701,185,84,1045,844,6.4,74.0,0.7134,2004,11,18,4,4
6059,1.1,878,3.6,687,212,89,1035,813,5.9,76.6,0.7179,2004,11,18,4,5
6060,1.4,996,6.6,841,358,122,1127,1005,6.1,76.7,0.7271,2004,11,18,4,6
6061,2.1,1119,9.9,974,531,162,1224,1170,6.8,74.5,0.7415,2004,11,18,4,7
6068,3.2,1271,15.3,1157,384,187,1483,1353,18.8,49.2,1.0548,2004,11,18,4,14
6069,3.1,1321,15.9,1178,381,182,1539,1491,18.4,49.6,1.0391,2004,11,18,4,15
6071,3.9,1316,17.6,1228,484,174,1610,1413,17.6,53.1,1.0596,2004,11,18,4,17
6075,4.3,1281,17.2,1216,542,191,1604,1687,16.3,58.1,1.0648,2004,11,18,4,21
6076,3.1,1192,11.7,1040,381,160,1441,1405,15.9,59.0,1.059,2004,11,18,4,22
6077,2.5,1108,9.2,945,270,130,1355,1199,15.9,59.4,1.0628,2004,11,18,4,23
6078,2.4,1071,7.7,885,284,133,1298,1090,15.7,60.9,1.0774,2004,11,19,5,0
6079,1.9,999,5.6,793,204,110,1242,898,16.1,59.5,1.0811,2004,11,19,5,1
6080,1.3,925,3.3,670,93,65,1173,663,15.5,63.8,1.1119,2004,11,19,5,2
6081,1.2,886,2.3,608,141,96,1143,611,14.9,65.3,1.1018,2004,11,19,5,3
6082,1.1,888,2.1,590,51,41,1152,625,14.7,64.4,1.0704,2004,11,19,5,4
6083,0.9,863,1.3,531,45,36,1095,606,14.7,59.8,0.9968,2004,11,19,5,5
6084,1.0,870,1.6,550,68,45,1078,515,15.4,55.9,0.9722,2004,11,19,5,6
6085,1.6,1043,5.3,776,198,98,1248,826,14.5,63.0,1.0319,2004,11,19,5,7
6086,4.8,1478,20.5,1310,633,194,1775,1542,14.7,63.1,1.0513,2004,11,19,5,8
6087,5.9,1436,22.7,1371,548,191,1808,1626,15.2,62.2,1.0641,2004,11,19,5,9
6088,5.6,1354,16.7,1201,588,193,1593,1538,16.1,59.2,1.0736,2004,11,19,5,10
6091,3.6,1298,15.2,1156,463,188,1582,1320,17.3,55.4,1.0836,2004,11,19,5,13
6092,4.8,1352,17.9,1236,479,184,1659,1368,17.8,53.5,1.0833,2004,11,19,5,14
6095,7.5,1553,24.4,1414,760,193,1851,1682,17.7,56.6,1.133,2004,11,19,5,17
6096,7.2,1521,25.0,1430,691,187,1907,1761,17.3,58.2,1.1435,2004,11,19,5,18
6097,8.3,1623,29.8,1547,832,188,2040,1883,16.2,62.6,1.1455,2004,11,19,5,19
6098,8.6,1510,27.9,1501,881,185,1901,1855,15.2,57.5,0.9829,2004,11,19,5,20
6099,4.3,837,6.5,835,390,146,960,1078,14.2,27.7,0.4451,2004,11,19,5,21
6100,2.6,667,3.6,689,207,120,709,620,13.4,14.3,0.2185,2004,11,19,5,22
6101,2.6,695,4.0,711,204,110,739,645,12.8,14.8,0.218,2004,11,19,5,23
6102,2.7,683,3.6,686,243,121,702,627,12.2,14.0,0.1988,2004,11,20,6,0
6103,2.7,695,4.0,709,264,126,717,645,12.0,14.5,0.2029,2004,11,20,6,1
6104,2.6,703,3.5,685,215,117,734,641,10.8,17.0,0.2193,2004,11,20,6,2
6105,2.4,698,2.4,614,141,96,718,591,10.4,19.2,0.242,2004,11,20,6,3
6106,1.5,714,2.3,605,146,94,738,594,9.7,22.5,0.2698,2004,11,20,6,4
6107,0.6,692,1.5,546,92,70,697,500,9.0,23.1,0.2648,2004,11,20,6,5
6108,0.7,729,2.8,639,174,96,773,628,8.7,24.7,0.2785,2004,11,20,6,6
6109,1.2,880,6.0,812,294,136,954,1040,6.9,39.4,0.3948,2004,11,20,6,7
6110,2.0,974,11.1,1019,412,177,1122,1159,6.3,44.8,0.431,2004,11,20,6,8
6113,2.2,933,10.3,990,555,192,956,1104,14.8,17.9,0.2977,2004,11,20,6,11
6114,1.6,852,8.5,919,363,149,831,855,14.8,14.3,0.2397,2004,11,20,6,12
6115,1.5,882,10.4,993,302,141,941,862,14.7,15.5,0.2586,2004,11,20,6,13
6116,1.9,888,10.9,1009,340,137,937,973,14.7,16.6,0.2756,2004,11,20,6,14
6117,1.5,878,10.6,1000,306,138,942,936,14.8,15.6,0.2615,2004,11,20,6,15
6118,1.8,892,11.1,1018,377,149,931,1009,15.3,14.3,0.2462,2004,11,20,6,16
6119,3.4,1117,21.1,1327,625,196,1302,1475,13.5,19.5,0.3003,2004,11,20,6,17
6121,1.6,1012,10.6,999,421,164,1057,1329,10.2,33.4,0.4143,2004,11,20,6,19
6122,1.2,1025,8.4,916,294,149,1018,1262,9.5,35.9,0.4273,2004,11,20,6,20
6123,1.2,1033,7.6,881,339,159,999,1230,8.0,39.8,0.4286,2004,11,20,6,21
6124,0.9,1008,7.1,861,260,149,991,1229,6.6,44.1,0.4333,2004,11,20,6,22
6125,0.7,992,7.2,867,256,133,997,1196,6.1,45.2,0.4295,2004,11,20,6,23
6127,1.5,1065,9.7,968,428,196,1059,1249,4.9,53.0,0.4629,2004,11,21,7,1
6128,0.5,889,4.9,760,195,120,919,983,5.3,48.7,0.4364,2004,11,21,7,2
6129,0.3,901,5.1,767,141,96,944,965,4.2,53.6,0.4454,2004,11,21,7,3
6130,0.5,875,5.6,795,160,101,965,932,3.1,56.3,0.4368,2004,11,21,7,4
6131,0.1,808,2.8,636,101,75,862,770,4.1,52.2,0.4338,2004,11,21,7,5
6132,0.2,858,2.7,633,97,73,878,788,3.5,55.9,0.4431,2004,11,21,7,6
6133,1.5,819,3.6,690,127,84,907,819,1.8,61.7,0.4376,2004,11,21,7,7
6134,0.2,862,4.9,757,227,116,938,879,1.3,65.3,0.4457,2004,11,21,7,8
6135,0.5,877,5.6,793,253,132,951,924,3.2,57.0,0.4434,2004,11,21,7,9
6136,0.4,941,6.4,832,234,125,970,964,7.2,42.8,0.4356,2004,11,21,7,10
6137,0.8,983,6.8,846,291,148,996,1055,10.3,34.2,0.4291,2004,11,21,7,11
6138,1.5,1067,10.1,981,402,186,1104,1383,10.9,33.8,0.4393,2004,11,21,7,12
6139,1.9,1100,11.2,1022,492,193,1101,1367,12.2,30.0,0.4245,2004,11,21,7,13
6140,1.1,958,8.7,928,351,174,986,1120,13.3,24.3,0.3686,2004,11,21,7,14
6141,0.3,866,5.0,763,160,106,859,775,15.2,18.7,0.3214,2004,11,21,7,15
6142,0.9,1018,8.2,907,292,127,981,1150,14.9,21.7,0.3646,2004,11,21,7,16
6143,2.1,1175,12.7,1074,537,172,1134,1528,13.1,25.4,0.3814,2004,11,21,7,17
6144,2.4,1197,10.9,1012,607,179,1103,1655,11.7,32.7,0.4472,2004,11,21,7,18
6145,1.6,1110,7.4,872,308,150,971,1393,10.1,34.4,0.4249,2004,11,21,7,19
6146,1.1,1060,6.3,825,277,147,967,1338,9.8,36.0,0.4364,2004,11,21,7,20
6147,1.3,1136,7.7,885,348,163,1006,1403,7.1,43.2,0.436,2004,11,21,7,21
6148,0.8,1049,7.2,864,267,145,1010,1327,5.9,47.8,0.4459,2004,11,21,7,22
6149,1.0,1053,7.0,859,399,186,1008,1346,5.3,50.5,0.453,2004,11,21,7,23
6150,0.3,970,5.0,763,163,116,930,1132,5.6,48.0,0.4412,2004,11,22,1,0
6151,1.0,1049,8.2,907,297,145,1038,1209,3.9,55.9,0.4568,2004,11,22,1,1
6152,0.4,919,5.0,761,212,122,942,1044,3.3,58.0,0.4551,2004,11,22,1,2
6153,0.1,870,3.5,684,141,96,895,936,3.7,56.3,0.4544,2004,11,22,1,3
6154,1.5,814,2.0,587,81,68,876,840,4.2,54.8,0.4571,2004,11,22,1,4
6155,1.5,820,2.3,604,116,80,874,847,2.6,60.8,0.4544,2004,11,22,1,5
6156,0.1,897,4.2,722,201,108,953,959,3.7,57.9,0.4651,2004,11,22,1,6
6157,0.4,988,6.8,850,333,149,1030,1133,4.5,54.8,0.466,2004,11,22,1,7
6167,4.0,1509,25.4,1439,1080,199,1577,2078,8.5,52.6,0.5856,2004,11,22,1,17
6171,3.3,1472,22.4,1361,884,191,1455,2334,8.5,54.2,0.6054,2004,11,22,1,21
6172,2.4,1392,16.9,1206,650,164,1347,2199,8.5,57.8,0.6432,2004,11,22,1,22
6173,1.7,1335,13.9,1112,444,130,1331,1861,7.7,71.1,0.7503,2004,11,22,1,23
6174,1.3,1285,11.6,1037,370,121,1277,1751,7.9,72.5,0.7766,2004,11,23,2,0
6175,1.1,1267,10.8,1008,349,118,1264,1652,8.0,75.3,0.8079,2004,11,23,2,1
6176,0.8,1176,8.8,930,287,113,1216,1455,8.0,76.2,0.8217,2004,11,23,2,2
6177,0.3,1079,6.0,812,141,96,1158,1158,7.8,81.3,0.8631,2004,11,23,2,3
6178,1.5,1084,6.1,816,226,94,1165,1126,7.9,81.8,0.8759,2004,11,23,2,4
6179,1.3,1091,6.4,829,238,92,1177,1126,8.2,81.4,0.888,2004,11,23,2,5
6180,1.4,1126,7.7,886,316,98,1225,1158,8.5,81.1,0.8989,2004,11,23,2,6
6181,2.1,1210,10.0,978,508,111,1332,1237,8.9,79.3,0.9088,2004,11,23,2,7
6182,4.5,1565,24.0,1405,920,139,1830,1696,9.5,77.9,0.9278,2004,11,23,2,8
6183,5.7,1578,27.6,1494,980,160,1854,1800,9.9,77.6,0.9488,2004,11,23,2,9
6184,6.6,1702,31.5,1585,1188,183,1960,1967,10.7,76.2,0.9798,2004,11,23,2,10
6185,5.0,1552,24.1,1406,1045,185,1749,1862,11.8,72.2,0.9948,2004,11,23,2,11
6186,5.3,1590,26.5,1466,999,198,1831,2003,13.3,66.9,1.0163,2004,11,23,2,12
6190,5.3,1658,27.1,1482,898,186,1893,2030,14.2,67.8,1.0879,2004,11,23,2,16
6192,10.2,1982,49.5,1959,1369,227,2536,2386,13.2,72.6,1.0936,2004,11,23,2,18
6193,11.9,2008,50.6,1980,1389,220,2562,2342,12.4,74.7,1.0741,2004,11,23,2,19
6194,11.5,1918,49.4,1958,1358,190,2477,2237,11.5,76.2,1.0324,2004,11,23,2,20
6195,8.3,1693,31.7,1590,1189,178,1949,2025,10.4,79.3,0.9993,2004,11,23,2,21
6196,4.7,1495,21.8,1345,866,147,1649,1853,10.0,82.5,1.015,2004,11,23,2,22
6197,4.0,1449,19.8,1291,718,138,1580,1817,10.0,82.6,1.0163,2004,11,23,2,23
6198,3.9,1439,18.6,1257,715,135,1571,1704,10.1,83.5,1.0296,2004,11,24,3,0
6199,2.8,1270,13.4,1098,558,123,1420,1463,10.0,83.6,1.0235,2004,11,24,3,1
6200,2.3,1163,10.1,980,467,106,1327,1299,10.4,80.8,1.0191,2004,11,24,3,2
6201,1.8,1130,8.4,915,141,96,1281,1205,10.6,80.3,1.0252,2004,11,24,3,3
6202,1.4,1023,5.4,781,295,81,1195,1019,10.6,78.8,1.008,2004,11,24,3,4
6203,1.0,931,3.4,679,151,66,1138,867,10.5,77.8,0.9839,2004,11,24,3,5
6204,1.0,953,4.1,717,188,64,1152,911,9.8,79.2,0.9567,2004,11,24,3,6
6205,1.8,1108,8.7,927,380,86,1315,1106,9.5,80.3,0.9532,2004,11,24,3,7
6206,3.8,1414,18.7,1261,717,114,1644,1479,9.8,80.5,0.9724,2004,11,24,3,8
6207,4.2,1423,21.0,1323,803,115,1727,1568,10.3,80.3,1.002,2004,11,24,3,9
6208,3.6,1352,17.7,1231,726,110,1605,1530,11.1,77.2,1.0175,2004,11,24,3,10
6209,3.3,1303,15.1,1153,558,116,1520,1582,13.3,68.8,1.0505,2004,11,24,3,11
6210,2.0,1103,8.8,931,427,162,1293,1235,15.1,58.3,0.9978,2004,11,24,3,12
6211,2.0,1138,9.7,967,317,104,1332,1195,15.6,56.2,0.9876,2004,11,24,3,13
6212,2.9,1278,14.4,1130,436,129,1506,1471,15.4,59.6,1.0375,2004,11,24,3,14
6213,2.7,1292,14.7,1141,490,146,1498,1582,14.6,63.7,1.0508,2004,11,24,3,15
6214,3.4,1374,17.4,1222,602,160,1582,1671,13.7,66.8,1.0432,2004,11,24,3,16
6215,4.5,1464,22.3,1358,732,169,1719,1711,12.3,72.5,1.0331,2004,11,24,3,17
6216,6.1,1562,30.3,1557,865,167,1916,1852,10.8,77.2,1.0021,2004,11,24,3,18
6217,6.8,1592,33.3,1627,936,166,1957,1902,10.2,80.4,1.0003,2004,11,24,3,19
6218,8.4,1669,36.0,1686,1074,181,2066,1961,10.1,79.3,0.9795,2004,11,24,3,20
6219,5.3,1429,23.9,1401,812,144,1698,1689,10.0,76.1,0.9329,2004,11,24,3,21
6220,4.5,1354,19.0,1269,773,141,1530,1580,8.6,82.3,0.9198,2004,11,24,3,22
6221,4.1,1311,16.8,1203,761,123,1448,1428,7.7,84.3,0.8881,2004,11,24,3,23
6222,4.0,1311,17.5,1225,781,121,1464,1434,7.1,84.1,0.8557,2004,11,25,4,0
6223,4.0,1292,17.4,1221,743,114,1437,1389,6.7,83.2,0.819,2004,11,25,4,1
6224,3.0,1091,11.3,1025,533,93,1262,1130,6.0,83.0,0.78,2004,11,25,4,2
6225,2.1,1009,8.7,928,141,96,1166,983,5.1,84.0,0.7439,2004,11,25,4,3
6226,2.2,1050,9.4,956,456,89,1162,1025,4.3,85.4,0.7152,2004,11,25,4,4
6227,2.2,1053,9.4,955,486,94,1154,1050,4.0,85.7,0.7041,2004,11,25,4,5
6228,2.0,1016,9.1,945,498,93,1147,1038,4.0,84.4,0.6943,2004,11,25,4,6
6229,2.2,1057,10.7,1004,585,100,1204,1080,4.0,83.1,0.682,2004,11,25,4,7
6230,4.0,1309,21.3,1333,911,127,1555,1411,4.4,81.3,0.689,2004,11,25,4,8
6231,4.8,1315,22.9,1375,845,137,1576,1549,6.7,72.6,0.718,2004,11,25,4,9
6232,4.6,1315,20.1,1300,807,190,1531,1659,10.0,63.4,0.7791,2004,11,25,4,10
6233,2.8,1111,11.8,1042,603,171,1257,1434,13.6,48.7,0.7547,2004,11,25,4,11
6234,2.1,1087,10.6,1000,391,127,1251,1310,14.6,46.5,0.7687,2004,11,25,4,12
6235,2.0,1104,11.4,1028,279,109,1263,1227,15.4,43.0,0.7483,2004,11,25,4,13
6236,2.5,1142,12.8,1078,358,126,1256,1261,16.4,38.2,0.7081,2004,11,25,4,14
6237,2.5,1164,13.4,1096,403,136,1311,1261,16.8,37.6,0.7129,2004,11,25,4,15
6238,2.8,1214,14.2,1124,465,156,1302,1345,16.8,36.7,0.6944,2004,11,25,4,16
6239,4.0,1369,21.8,1346,707,187,1537,1608,15.4,41.3,0.7151,2004,11,25,4,17
6240,4.5,1368,21.4,1334,660,173,1547,1653,13.8,48.9,0.7699,2004,11,25,4,18
6241,3.1,1226,15.4,1161,402,137,1368,1442,13.3,50.9,0.7745,2004,11,25,4,19
6242,2.6,1225,14.5,1134,350,122,1352,1421,11.5,57.3,0.7786,2004,11,25,4,20
6243,2.6,1190,11.4,1028,355,129,1287,1329,10.7,59.8,0.7674,2004,11,25,4,21
6244,2.0,1128,7.8,889,296,110,1160,1212,10.0,61.8,0.7576,2004,11,25,4,22
6245,1.8,1105,7.6,883,266,102,1180,1179,9.9,62.1,0.7566,2004,11,25,4,23
6246,2.5,1152,9.5,959,373,114,1232,1231,9.3,64.5,0.7554,2004,11,26,5,0
6247,2.3,1141,9.7,967,417,117,1245,1214,9.1,65.7,0.7607,2004,11,26,5,1
6248,2.1,1121,8.1,901,308,98,1215,1134,8.9,71.8,0.818,2004,11,26,5,2
6249,1.5,1043,5.9,805,141,96,1155,992,9.1,72.9,0.8429,2004,11,26,5,3
6250,1.5,1090,6.6,841,209,79,1202,989,8.7,77.6,0.8753,2004,11,26,5,4
6251,1.2,982,4.8,752,196,77,1153,897,9.0,77.3,0.8873,2004,11,26,5,5
6252,1.0,974,4.6,743,203,75,1155,885,9.1,77.3,0.8944,2004,11,26,5,6
6253,1.7,1118,8.4,915,393,95,1289,1059,9.3,76.9,0.9007,2004,11,26,5,7
6254,4.3,1508,23.1,1379,864,137,1767,1567,10.0,75.0,0.9179,2004,11,26,5,8
6255,5.8,1521,26.6,1470,960,149,1857,1727,10.6,72.7,0.9272,2004,11,26,5,9
6256,5.6,1562,26.1,1458,1056,197,1770,2021,12.4,64.8,0.931,2004,11,26,5,10
6257,4.0,1392,16.4,1192,856,183,1508,1795,13.7,59.9,0.9335,2004,11,26,5,11
6258,4.0,1439,18.9,1267,854,179,1586,1852,14.9,57.0,0.9564,2004,11,26,5,12
6259,4.9,1539,22.7,1371,854,196,1712,1943,15.5,56.2,0.9814,2004,11,26,5,13
6265,6.4,1676,30.7,1568,866,170,1983,2096,15.6,64.9,1.1396,2004,11,26,5,19
6266,7.7,1834,37.7,1723,947,167,2204,2190,15.1,67.0,1.1394,2004,11,26,5,20
6268,4.7,1518,19.9,1293,798,170,1602,2048,13.8,67.8,1.0609,2004,11,26,5,22
6269,4.3,1502,18.6,1256,696,154,1568,2044,13.4,69.0,1.0579,2004,11,26,5,23
6270,4.1,1499,16.9,1207,654,143,1530,1881,13.0,73.7,1.0957,2004,11,27,6,0
6271,4.2,1531,18.0,1238,685,140,1583,1774,12.7,77.5,1.1339,2004,11,27,6,1
6272,3.8,1424,14.9,1145,574,122,1482,1615,12.4,78.4,1.1269,2004,11,27,6,2
6273,2.7,1279,10.2,986,141,96,1362,1473,11.9,79.7,1.1075,2004,11,27,6,3
6274,2.4,1250,9.1,942,319,103,1323,1380,11.9,80.7,1.1199,2004,11,27,6,4
6275,2.0,1189,7.3,870,263,97,1272,1251,13.2,75.8,1.1459,2004,11,27,6,5
6276,1.7,1197,7.6,881,320,99,1295,1173,12.3,81.9,1.1674,2004,11,27,6,6
6277,2.1,1273,9.2,946,439,110,1349,1217,12.8,80.8,1.1898,2004,11,27,6,7
6278,2.5,1298,11.1,1017,398,110,1418,1193,13.7,76.3,1.1932,2004,11,27,6,8
6279,3.8,1453,16.3,1190,637,121,1644,1358,13.4,78.8,1.2104,2004,11,27,6,9
6280,3.9,1492,17.8,1233,699,122,1672,1481,13.8,77.8,1.2201,2004,11,27,6,10
6281,4.2,1481,16.7,1202,699,136,1639,1532,15.1,73.2,1.244,2004,11,27,6,11
6282,4.0,1524,17.6,1228,707,170,1646,1675,15.8,70.5,1.2557,2004,11,27,6,12
6283,4.4,1562,19.4,1280,743,156,1711,1709,15.4,73.3,1.27,2004,11,27,6,13
6284,4.7,1567,20.1,1300,745,158,1753,1743,15.6,71.4,1.2596,2004,11,27,6,14
6285,4.6,1568,19.4,1280,741,174,1703,1774,16.3,68.7,1.2596,2004,11,27,6,15
6286,4.8,1622,20.5,1312,765,187,1727,1804,16.4,68.2,1.2662,2004,11,27,6,16
6287,4.5,1515,18.7,1259,632,147,1695,1555,15.6,70.2,1.238,2004,11,27,6,17
6288,5.6,1603,24.5,1417,808,136,1871,1621,14.2,75.8,1.2202,2004,11,27,6,18
6289,4.9,1514,21.3,1334,703,134,1755,1614,14.0,74.6,1.1865,2004,11,27,6,19
6290,5.3,1567,23.5,1392,764,126,1821,1637,13.3,75.8,1.1506,2004,11,27,6,20
6291,4.6,1380,15.5,1163,667,130,1547,1485,13.7,72.5,1.1326,2004,11,27,6,21
6292,2.4,1214,9.9,972,355,98,1359,1280,12.8,73.8,1.0853,2004,11,27,6,22
6293,2.7,1225,10.1,982,359,89,1358,1236,11.2,78.3,1.0415,2004,11,27,6,23
6294,2.5,1250,10.3,989,327,88,1343,1204,10.6,79.4,1.0133,2004,11,28,7,0
6295,2.3,1143,7.6,882,289,86,1260,1069,10.8,77.5,1.0027,2004,11,28,7,1
6296,1.5,1046,6.1,817,141,96,1214,957,10.5,78.6,0.9976,2004,11,28,7,2
6297,1.3,953,4.2,722,138,70,1148,828,10.3,77.6,0.9743,2004,11,28,7,3
6298,1.0,913,3.1,659,86,55,1121,748,10.3,74.9,0.9362,2004,11,28,7,4
6299,0.9,858,1.6,554,60,45,1047,663,11.2,69.0,0.9159,2004,11,28,7,5
6300,0.7,848,1.7,560,62,44,1045,644,8.9,77.1,0.8804,2004,11,28,7,6
6301,0.8,871,1.5,548,73,50,1025,662,9.5,73.3,0.8719,2004,11,28,7,7
6302,1.0,909,2.6,624,157,74,1073,736,8.6,77.2,0.8617,2004,11,28,7,8
6303,1.1,906,2.8,637,166,81,1070,761,8.6,76.6,0.8586,2004,11,28,7,9
6304,0.8,859,1.9,573,98,65,1039,696,9.7,72.0,0.8649,2004,11,28,7,10
6305,1.4,1028,5.2,773,153,76,1194,871,11.1,68.2,0.8979,2004,11,28,7,11
6306,2.2,1089,6.5,835,307,110,1216,1004,11.8,65.0,0.8966,2004,11,28,7,12
6307,2.7,1184,9.4,954,416,124,1313,1133,12.1,64.8,0.9135,2004,11,28,7,13
6308,2.3,1136,8.2,906,346,120,1274,1140,12.6,63.2,0.9209,2004,11,28,7,14
6309,1.9,1069,6.9,854,252,99,1242,999,13.4,61.9,0.9513,2004,11,28,7,15
6310,2.7,1214,8.6,922,326,117,1273,1124,13.3,63.3,0.9597,2004,11,28,7,16
6311,3.2,1212,8.6,926,490,132,1283,1193,11.2,70.9,0.9406,2004,11,28,7,17
6312,3.2,1218,10.1,981,452,113,1335,1258,9.6,76.5,0.9184,2004,11,28,7,18
6313,3.5,1279,12.6,1069,542,117,1418,1356,9.9,76.3,0.9296,2004,11,28,7,19
6314,4.5,1382,16.5,1196,605,127,1543,1468,10.4,74.6,0.9394,2004,11,28,7,20
6315,4.1,1292,13.0,1085,577,132,1438,1390,10.3,75.1,0.9399,2004,11,28,7,21
6316,3.3,1250,12.1,1054,491,121,1407,1348,10.4,75.4,0.947,2004,11,28,7,22
6317,3.1,1260,11.4,1030,492,122,1378,1355,10.5,75.4,0.9566,2004,11,28,7,23
6318,3.0,1203,10.3,988,412,113,1350,1315,10.2,78.4,0.9757,2004,11,29,1,0
6319,2.3,1146,8.0,900,283,99,1280,1183,9.9,80.5,0.984,2004,11,29,1,1
6320,2.3,1130,8.1,902,280,86,1289,1117,9.8,81.4,0.9855,2004,11,29,1,2
6321,1.7,1032,4.9,757,141,96,1182,1001,9.5,81.7,0.9693,2004,11,29,1,3
6322,1.5,993,4.2,720,156,66,1143,925,8.9,83.0,0.9487,2004,11,29,1,4
6323,1.3,987,4.9,759,166,67,1162,940,8.8,83.7,0.9529,2004,11,29,1,5
6324,1.4,1018,5.7,800,225,78,1185,956,8.7,84.2,0.9526,2004,11,29,1,6
6325,2.0,1129,9.8,971,325,90,1315,1064,8.7,83.7,0.9454,2004,11,29,1,7
6326,4.2,1440,20.6,1312,760,120,1657,1515,9.6,80.8,0.9687,2004,11,29,1,8
6327,5.9,1609,29.5,1540,948,139,1961,1803,11.3,75.3,1.0048,2004,11,29,1,9
6328,6.3,1573,28.3,1511,1044,172,1916,1927,13.8,68.5,1.0718,2004,11,29,1,10
6330,5.0,1551,23.0,1377,1000,168,1734,2038,15.3,63.2,1.0898,2004,11,29,1,12
6331,2.5,1163,11.1,1016,366,120,1363,1339,18.6,49.1,1.0425,2004,11,29,1,13
6332,2.6,1186,12.8,1077,346,121,1404,1328,18.6,49.3,1.0451,2004,11,29,1,14
6333,1.9,1166,10.8,1007,289,117,1391,1227,18.4,49.9,1.0453,2004,11,29,1,15
6334,2.3,1200,11.4,1027,316,121,1416,1199,17.9,51.4,1.0488,2004,11,29,1,16
6335,1.9,1134,8.1,903,238,107,1299,1046,18.0,51.9,1.0622,2004,11,29,1,17
6336,2.3,1161,10.0,979,267,115,1375,1132,16.7,57.3,1.0813,2004,11,29,1,18
6337,1.8,1117,7.3,871,182,94,1320,986,17.3,57.0,1.1137,2004,11,29,1,19
6338,1.9,1114,7.3,872,197,98,1310,991,16.8,58.7,1.1109,2004,11,29,1,20
6339,1.4,1022,4.6,744,149,87,1210,847,16.5,59.2,1.1021,2004,11,29,1,21
6340,1.2,996,4.0,710,124,78,1182,783,16.3,59.7,1.0941,2004,11,29,1,22
6341,1.0,1002,3.9,704,105,69,1202,752,16.0,61.6,1.1127,2004,11,29,1,23
6342,1.2,1032,3.6,688,109,67,1200,737,15.6,66.6,1.1763,2004,11,30,2,0
6343,1.4,1052,5.1,766,169,81,1302,796,13.8,80.4,1.2621,2004,11,30,2,1
6344,1.2,1014,4.5,737,124,75,1288,765,13.2,84.4,1.2779,2004,11,30,2,2
6345,0.8,897,2.0,581,141,96,1181,636,13.6,82.8,1.2845,2004,11,30,2,3
6346,0.6,878,1.2,518,50,42,1149,539,13.8,81.3,1.2767,2004,11,30,2,4
6347,0.6,840,1.4,534,47,38,1109,483,13.6,75.5,1.172,2004,11,30,2,5
6348,0.7,879,1.9,575,110,64,1111,537,11.5,81.4,1.1025,2004,11,30,2,6
6349,1.1,999,3.6,690,193,86,1192,707,11.8,80.7,1.1181,2004,11,30,2,7
6350,2.5,1251,11.0,1015,475,127,1453,1070,12.3,78.9,1.1283,2004,11,30,2,8
6351,3.6,1351,17.5,1226,420,122,1649,1248,13.0,76.0,1.1317,2004,11,30,2,9
6352,3.6,1312,15.9,1177,439,141,1588,1261,13.7,70.9,1.1076,2004,11,30,2,10
6353,3.3,1201,13.4,1098,461,139,1500,1209,14.0,70.9,1.1244,2004,11,30,2,11
6354,2.0,1120,8.8,932,238,105,1301,1039,14.6,65.9,1.088,2004,11,30,2,12
6355,1.9,1071,9.4,955,232,103,1311,977,14.9,59.9,1.0063,2004,11,30,2,13
6356,2.2,1085,9.7,967,241,108,1321,976,14.9,58.4,0.9839,2004,11,30,2,14
6357,2.2,1113,10.1,980,278,109,1311,995,15.3,54.3,0.9357,2004,11,30,2,15
6358,3.8,1310,20.2,1301,496,149,1694,1350,14.6,56.6,0.9367,2004,11,30,2,16
6359,3.5,1183,14.2,1122,464,143,1476,1215,12.6,62.0,0.9027,2004,11,30,2,17
6360,5.2,1362,22.8,1373,600,159,1698,1461,11.9,62.3,0.8674,2004,11,30,2,18
6361,6.3,1408,28.0,1502,692,178,1843,1598,11.6,64.3,0.8789,2004,11,30,2,19
6362,6.8,1471,30.3,1559,731,168,1939,1669,11.5,68.0,0.9207,2004,11,30,2,20
6363,4.1,1157,12.4,1063,491,160,1394,1223,10.7,73.9,0.9502,2004,11,30,2,21
6364,2.3,1061,8.0,899,284,117,1277,939,9.6,83.0,0.9899,2004,11,30,2,22
6365,1.9,1006,6.5,836,245,113,1210,902,9.6,79.9,0.9579,2004,11,30,2,23
6366,2.2,1039,7.5,880,273,113,1251,933,9.8,79.4,0.9626,2004,12,1,3,0
6367,1.3,886,3.8,699,157,94,1106,766,10.1,75.3,0.9322,2004,12,1,3,1
6368,1.2,900,3.8,701,117,76,1127,749,9.1,80.0,0.9299,2004,12,1,3,2
6369,0.9,856,3.0,654,141,96,1100,709,8.7,82.4,0.9294,2004,12,1,3,3
6370,1.5,857,2.8,638,123,68,1083,746,8.5,81.7,0.9074,2004,12,1,3,4
6371,0.6,844,2.5,618,100,63,1064,757,8.3,80.4,0.8861,2004,12,1,3,5
6372,0.9,927,3.3,671,135,74,1098,792,8.9,79.2,0.9067,2004,12,1,3,6
6373,1.4,1007,7.0,857,301,96,1248,921,8.7,80.8,0.9096,2004,12,1,3,7
6374,3.4,1318,18.1,1243,641,121,1638,1318,9.0,79.8,0.9203,2004,12,1,3,8
6375,5.0,1396,24.6,1419,849,145,1799,1547,9.5,78.3,0.9338,2004,12,1,3,9
6376,4.7,1337,19.7,1288,861,158,1648,1516,10.4,76.0,0.9561,2004,12,1,3,10
6377,3.2,1202,13.0,1083,629,143,1410,1340,11.0,74.4,0.9736,2004,12,1,3,11
6378,3.5,1309,17.1,1212,737,182,1533,1556,13.8,63.6,0.9959,2004,12,1,3,12
6379,4.0,1351,19.3,1278,712,163,1623,1582,13.6,65.6,1.0167,2004,12,1,3,13
6380,5.7,1501,28.4,1514,933,178,1898,1791,13.7,66.5,1.038,2004,12,1,3,14
6381,5.0,1426,22.9,1375,836,162,1751,1631,13.0,73.0,1.086,2004,12,1,3,15
6382,5.6,1544,25.7,1446,987,171,1834,1679,12.7,77.1,1.1251,2004,12,1,3,16
6383,6.2,1566,26.8,1474,985,174,1887,1681,12.3,79.7,1.1342,2004,12,1,3,17
6384,7.5,1547,29.2,1532,1040,185,1972,1718,12.3,78.8,1.1279,2004,12,1,3,18
6385,3.0,1124,11.9,1047,401,126,1419,1193,12.5,72.6,1.0489,2004,12,1,3,19
6386,2.6,1090,10.1,981,279,113,1390,1044,11.8,76.1,1.0544,2004,12,1,3,20
6387,2.1,1034,7.2,865,280,111,1280,925,11.3,79.9,1.0697,2004,12,1,3,21
6388,1.8,1040,7.1,859,280,107,1293,889,11.1,84.3,1.1137,2004,12,1,3,22
6389,2.0,1060,7.5,877,327,107,1313,929,11.3,83.1,1.1089,2004,12,1,3,23
6390,2.2,1076,8.1,903,316,102,1330,958,11.6,81.0,1.1082,2004,12,2,4,0
6391,1.9,975,5.5,787,223,96,1238,844,11.7,77.8,1.0689,2004,12,2,4,1
6392,1.6,987,5.7,796,180,86,1254,830,11.7,78.6,1.0813,2004,12,2,4,2
6393,1.1,928,3.8,699,141,96,1198,785,11.9,78.2,1.0856,2004,12,2,4,3
6394,0.9,889,2.9,646,131,70,1163,743,12.0,77.4,1.0825,2004,12,2,4,4
6395,0.7,880,2.4,610,101,59,1150,711,12.0,78.0,1.094,2004,12,2,4,5
6396,0.9,919,4.0,711,189,74,1195,819,12.4,75.3,1.0813,2004,12,2,4,6
6397,1.4,1073,7.2,867,336,89,1329,981,12.5,76.4,1.1021,2004,12,2,4,7
6398,4.2,1435,21.6,1341,804,131,1787,1480,12.9,73.8,1.0937,2004,12,2,4,8
6399,5.0,1477,27.9,1501,860,139,1972,1691,13.3,70.7,1.0749,2004,12,2,4,9
6400,4.4,1337,19.2,1275,745,145,1655,1548,14.3,66.1,1.0711,2004,12,2,4,10
6401,3.4,1308,16.4,1191,685,137,1559,1523,15.4,63.9,1.1071,2004,12,2,4,11
6402,2.8,1245,14.8,1143,639,128,1531,1406,15.9,62.7,1.1273,2004,12,2,4,12
6403,3.4,1295,16.8,1205,668,128,1579,1476,16.4,61.9,1.1465,2004,12,2,4,13
6404,2.9,1338,16.9,1208,469,123,1600,1481,18.0,58.0,1.1901,2004,12,2,4,14
6405,3.9,1405,19.0,1269,605,136,1735,1534,19.2,57.9,1.2757,2004,12,2,4,15
6406,4.0,1456,19.8,1291,641,137,1753,1592,18.1,62.1,1.2822,2004,12,2,4,16
6407,4.9,1516,24.8,1423,774,151,1881,1688,16.7,67.3,1.2707,2004,12,2,4,17
6408,7.7,1707,37.6,1721,1001,171,2260,1940,15.8,70.7,1.2601,2004,12,2,4,18
6409,9.4,1816,43.9,1851,1184,171,2405,2069,15.4,73.0,1.2688,2004,12,2,4,19
6410,7.8,1713,36.6,1699,1020,161,2196,1943,15.4,73.0,1.2648,2004,12,2,4,20
6411,6.6,1646,30.8,1570,964,154,2049,1846,15.3,73.6,1.2691,2004,12,2,4,21
6412,4.7,1468,22.0,1351,741,127,1783,1611,15.1,74.3,1.2623,2004,12,2,4,22
6413,4.8,1443,20.9,1323,757,115,1760,1487,14.2,78.0,1.254,2004,12,2,4,23
6414,3.2,1289,13.1,1087,564,102,1515,1208,14.1,81.4,1.3066,2004,12,3,5,0
6415,2.6,1194,9.3,950,434,100,1433,1043,14.4,82.7,1.3496,2004,12,3,5,1
6416,2.1,1165,9.4,957,308,86,1452,979,14.1,84.1,1.3461,2004,12,3,5,2
6417,1.3,1003,4.7,747,141,96,1289,806,14.1,84.8,1.3544,2004,12,3,5,3
6418,1.1,986,3.8,700,133,80,1249,768,14.0,84.1,1.3389,2004,12,3,5,4
6419,0.7,930,2.5,623,103,74,1215,720,13.9,85.1,1.3449,2004,12,3,5,5
6420,0.9,988,4.0,709,178,82,1267,785,13.8,85.5,1.3469,2004,12,3,5,6
6421,1.5,1094,7.0,857,289,96,1378,903,13.8,85.3,1.3412,2004,12,3,5,7
6422,3.8,1528,21.1,1328,736,124,1839,1389,13.7,84.5,1.3202,2004,12,3,5,8
6423,6.0,1628,29.0,1528,928,142,2081,1649,13.9,83.9,1.3284,2004,12,3,5,9
6424,5.1,1555,23.0,1377,897,154,1834,1621,14.6,81.6,1.3448,2004,12,3,5,10
6425,3.6,1290,13.0,1084,596,144,1544,1362,15.8,74.7,1.3336,2004,12,3,5,11
6426,3.0,1280,14.9,1144,481,144,1599,1624,16.4,72.1,1.336,2004,12,3,5,12
6427,3.1,1302,15.7,1169,495,139,1636,1605,16.8,70.3,1.3341,2004,12,3,5,13
6428,3.3,1332,18.1,1242,460,138,1716,1608,17.9,66.3,1.3499,2004,12,3,5,14
6429,3.4,1332,15.5,1163,445,134,1664,1522,18.8,62.7,1.3506,2004,12,3,5,15
6430,4.6,1493,23.8,1399,618,150,1893,1708,19.0,61.6,1.3407,2004,12,3,5,16
6431,6.9,1648,32.6,1612,858,173,2177,1885,17.7,68.3,1.3713,2004,12,3,5,17
6432,5.1,1482,24.0,1404,634,134,1883,1657,16.5,71.7,1.3358,2004,12,3,5,18
6433,4.9,1501,23.6,1392,575,128,1832,1645,15.7,72.7,1.2872,2004,12,3,5,19
6434,6.1,1601,30.7,1568,738,132,2111,1729,15.0,74.4,1.2593,2004,12,3,5,20
6435,6.2,1421,20.9,1320,739,134,1804,1556,14.6,75.2,1.2405,2004,12,3,5,21
6436,3.0,1232,12.7,1074,472,107,1504,1317,14.0,75.7,1.2051,2004,12,3,5,22
6437,3.4,1270,14.0,1117,542,101,1528,1290,13.1,78.7,1.1817,2004,12,3,5,23
6438,3.5,1257,13.7,1108,577,94,1520,1287,12.6,78.4,1.1419,2004,12,4,6,0
6439,3.2,1246,12.8,1077,568,99,1462,1235,12.8,77.9,1.1438,2004,12,4,6,1
6440,2.9,1166,11.0,1013,451,90,1408,1144,12.1,79.4,1.1201,2004,12,4,6,2
6441,2.1,1062,8.2,906,141,96,1305,1004,11.6,80.1,1.0899,2004,12,4,6,3
6442,1.5,1005,6.4,829,242,71,1246,944,11.6,79.7,1.0858,2004,12,4,6,4
6443,1.7,1032,6.8,848,277,71,1266,972,11.4,81.1,1.0928,2004,12,4,6,5
6444,1.7,1034,7.4,876,291,66,1305,968,11.5,81.7,1.1033,2004,12,4,6,6
6445,1.3,1024,6.2,822,277,70,1266,954,12.4,77.1,1.1072,2004,12,4,6,7
6446,2.8,1243,13.7,1108,510,90,1539,1201,12.3,79.0,1.1293,2004,12,4,6,8
6447,2.5,1148,9.6,963,451,102,1395,1017,12.2,83.9,1.189,2004,12,4,6,9
6448,2.7,1182,10.4,994,584,102,1431,1039,12.2,85.1,1.2079,2004,12,4,6,10
6449,1.5,1015,6.5,835,260,94,1263,911,12.4,80.1,1.1462,2004,12,4,6,11
6450,2.6,1175,10.6,1002,492,122,1422,1059,13.0,77.8,1.1641,2004,12,4,6,12
6451,3.1,1224,11.9,1046,580,124,1476,1213,11.8,86.5,1.1981,2004,12,4,6,13
6452,2.5,1123,8.4,916,373,103,1346,1003,11.9,85.7,1.1912,2004,12,4,6,14
6453,2.6,1187,9.6,961,497,115,1408,1017,11.9,88.7,1.2352,2004,12,4,6,15
6454,2.5,1116,7.1,860,413,107,1316,937,12.3,87.0,1.2422,2004,12,4,6,16
6455,2.3,1131,8.3,912,444,120,1356,987,12.7,84.4,1.2352,2004,12,4,6,17
6456,3.1,1215,10.9,1012,533,120,1441,1131,13.1,81.7,1.2284,2004,12,4,6,18
6457,1.9,1077,6.9,852,325,108,1302,969,13.1,80.4,1.2038,2004,12,4,6,19
6458,2.5,1210,10.6,1000,439,115,1456,1062,13.4,79.9,1.2254,2004,12,4,6,20
6459,3.1,1181,9.4,956,506,124,1400,1058,13.8,76.8,1.206,2004,12,4,6,21
6460,2.0,1088,6.9,851,349,109,1307,959,14.0,75.9,1.2064,2004,12,4,6,22
6461,1.9,1054,5.6,794,235,93,1282,887,13.5,78.3,1.2097,2004,12,4,6,23
6462,2.4,1096,6.3,826,378,103,1285,911,13.0,79.2,1.182,2004,12,5,7,0
6463,2.0,1042,6.5,834,304,106,1267,914,12.4,77.5,1.1115,2004,12,5,7,1
6464,1.2,887,3.4,679,180,96,1132,786,12.3,71.2,1.0175,2004,12,5,7,2
6465,1.0,884,3.0,651,141,96,1105,741,12.2,69.6,0.986,2004,12,5,7,3
6466,1.0,862,2.8,639,148,81,1100,727,12.3,67.5,0.9624,2004,12,5,7,4
6467,0.8,821,2.0,584,106,70,1070,686,12.7,65.6,0.9566,2004,12,5,7,5
6468,0.6,797,1.5,543,87,60,1047,648,12.5,65.9,0.9533,2004,12,5,7,6
6469,0.7,802,1.4,538,96,63,1042,645,12.4,65.4,0.9426,2004,12,5,7,7
6470,0.8,848,1.9,578,120,68,1068,679,13.2,62.5,0.943,2004,12,5,7,8
6471,0.9,863,2.4,610,130,68,1086,696,13.1,62.4,0.9366,2004,12,5,7,9
6472,1.0,889,3.1,661,140,66,1115,735,12.9,64.7,0.9564,2004,12,5,7,10
6473,1.3,969,4.4,733,176,72,1191,803,13.0,67.6,1.009,2004,12,5,7,11
6474,1.7,1013,5.6,795,209,81,1257,848,13.0,69.7,1.0403,2004,12,5,7,12
6475,2.4,1100,6.7,842,309,89,1296,882,12.0,80.0,1.1167,2004,12,5,7,13
6476,1.7,1019,5.5,788,226,85,1267,812,11.4,83.7,1.1278,2004,12,5,7,14
6477,1.8,1061,7.7,887,246,86,1367,889,12.0,80.8,1.1264,2004,12,5,7,15
6478,1.5,940,3.7,692,208,83,1177,749,11.5,81.0,1.101,2004,12,5,7,16
6479,1.1,904,2.8,640,154,77,1152,682,11.3,81.0,1.0851,2004,12,5,7,17
6480,2.4,1120,8.9,935,275,93,1385,922,12.0,78.4,1.0954,2004,12,5,7,18
6481,2.0,987,4.6,746,281,103,1212,833,12.1,75.5,1.0669,2004,12,5,7,19
6482,1.5,971,4.4,734,237,90,1187,808,12.5,71.9,1.0351,2004,12,5,7,20
6483,1.7,965,4.4,733,225,93,1173,790,12.6,70.5,1.0239,2004,12,5,7,21
6484,1.0,873,2.8,641,143,72,1120,685,12.5,69.1,1.0003,2004,12,5,7,22
6485,1.0,892,3.3,672,146,73,1111,706,13.1,64.3,0.9628,2004,12,5,7,23
6486,1.0,857,2.3,605,115,64,1071,636,13.2,62.9,0.9517,2004,12,6,1,0
6487,0.9,901,3.2,662,125,66,1127,678,13.3,63.6,0.9673,2004,12,6,1,1
6488,1.1,901,3.1,661,150,71,1124,714,13.3,65.3,0.9948,2004,12,6,1,2
6489,1.1,904,3.0,649,141,96,1157,726,12.7,72.2,1.0525,2004,12,6,1,3
6490,0.6,857,1.7,562,78,54,1130,646,11.9,79.6,1.1043,2004,12,6,1,4
6491,0.7,881,2.3,602,108,58,1157,685,11.8,81.4,1.1238,2004,12,6,1,5
6492,0.9,913,3.8,701,181,72,1219,750,12.0,80.1,1.1231,2004,12,6,1,6
6493,1.3,1012,6.1,817,302,89,1314,878,12.2,78.8,1.1178,2004,12,6,1,7
6494,3.1,1314,15.8,1173,587,112,1627,1238,12.7,77.2,1.1298,2004,12,6,1,8
6495,4.9,1479,26.4,1465,712,131,2018,1572,13.4,74.4,1.1407,2004,12,6,1,9
6496,4.7,1299,18.5,1254,698,161,1662,1488,15.9,63.4,1.1349,2004,12,6,1,10
6497,3.2,1221,13.2,1090,576,135,1489,1424,18.5,52.9,1.1174,2004,12,6,1,11
6498,2.5,1171,12.0,1049,438,119,1418,1338,18.4,52.6,1.1064,2004,12,6,1,12
6499,3.8,1316,19.9,1293,562,144,1682,1559,19.4,49.8,1.1095,2004,12,6,1,13
6500,3.3,1208,16.4,1191,467,130,1589,1415,19.5,50.1,1.1225,2004,12,6,1,14
6501,2.5,1145,13.8,1112,323,109,1481,1331,20.3,47.5,1.1187,2004,12,6,1,15
6502,2.7,1189,15.6,1167,391,114,1541,1315,18.7,53.0,1.1322,2004,12,6,1,16
6503,2.9,1173,15.7,1170,379,115,1551,1289,17.3,57.1,1.1161,2004,12,6,1,17
6504,3.1,1237,18.0,1239,387,123,1620,1389,16.4,59.5,1.1017,2004,12,6,1,18
6505,4.0,1253,17.9,1238,433,138,1613,1351,15.9,60.8,1.088,2004,12,6,1,19
6506,3.1,1155,14.3,1126,349,123,1511,1267,15.5,60.7,1.0591,2004,12,6,1,20
6507,2.7,1175,12.8,1077,337,112,1480,1279,15.3,63.1,1.0872,2004,12,6,1,21
6508,1.7,1001,7.3,871,245,87,1264,1071,16.6,58.5,1.0963,2004,12,6,1,22
6509,1.5,1014,5.8,804,236,79,1233,994,14.6,64.7,1.0677,2004,12,6,1,23
6510,1.4,966,5.1,770,191,74,1206,956,14.0,66.1,1.05,2004,12,7,2,0
6511,1.4,987,5.5,786,273,75,1220,936,13.0,69.4,1.0364,2004,12,7,2,1
6512,1.1,888,3.5,680,211,70,1138,826,13.1,67.4,1.0101,2004,12,7,2,2
6513,1.1,911,4.2,719,141,96,1170,839,11.6,73.4,0.999,2004,12,7,2,3
6514,1.5,828,2.6,627,146,64,1103,748,11.9,71.4,0.9921,2004,12,7,2,4
6515,0.6,857,2.3,604,126,63,1091,740,12.4,68.3,0.9801,2004,12,7,2,5
6516,0.8,886,2.8,641,146,67,1098,783,14.1,60.6,0.9715,2004,12,7,2,6
6517,1.0,964,4.3,730,243,71,1146,891,12.9,64.2,0.9506,2004,12,7,2,7
6518,2.8,1230,12.6,1070,450,98,1431,1197,11.7,68.9,0.9439,2004,12,7,2,8
6519,3.4,1236,16.8,1203,499,114,1566,1311,12.5,65.8,0.9538,2004,12,7,2,9
6520,3.3,1322,17.3,1219,574,130,1591,1472,14.5,61.1,1.0007,2004,12,7,2,10
6521,4.1,1407,19.8,1292,679,155,1638,1694,16.9,54.2,1.0371,2004,12,7,2,11
6522,3.5,1357,21.6,1339,572,141,1583,1639,17.4,53.3,1.0528,2004,12,7,2,12
6523,3.0,1289,18.0,1239,396,118,1635,1469,18.8,49.3,1.0581,2004,12,7,2,13
6524,3.6,1257,16.0,1179,455,134,1545,1415,19.4,47.1,1.051,2004,12,7,2,14
6525,3.0,1199,13.7,1108,423,123,1450,1250,19.2,47.1,1.0371,2004,12,7,2,15
6526,2.6,1181,14.1,1121,356,117,1466,1236,17.7,51.5,1.0315,2004,12,7,2,16
6527,2.6,1175,13.9,1112,350,110,1484,1212,16.5,54.6,1.0164,2004,12,7,2,17
6528,3.1,1202,14.3,1126,359,115,1480,1212,15.4,57.9,1.0068,2004,12,7,2,18
6529,3.2,1170,13.3,1095,358,116,1470,1195,15.2,58.4,1.0007,2004,12,7,2,19
6530,2.4,1115,11.6,1036,289,99,1381,1200,14.9,58.4,0.9843,2004,12,7,2,20
6531,2.6,1130,11.3,1026,359,115,1374,1209,14.5,60.4,0.9909,2004,12,7,2,21
6532,2.4,1195,11.0,1013,355,104,1345,1276,14.5,62.3,1.0216,2004,12,7,2,22
6533,1.8,1111,7.7,887,244,92,1262,1132,14.6,60.6,1.0033,2004,12,7,2,23
6534,1.7,1092,7.0,855,194,84,1231,1061,15.0,59.3,1.0045,2004,12,8,3,0
6535,1.9,1111,7.0,856,176,81,1254,1036,14.7,60.3,1.0031,2004,12,8,3,1
6536,1.4,992,4.4,731,170,77,1149,911,15.3,59.1,1.0191,2004,12,8,3,2
6537,1.5,1051,6.1,815,141,96,1203,951,12.3,69.7,0.9954,2004,12,8,3,3
6538,1.7,1080,7.9,896,212,75,1262,1033,11.6,72.5,0.9916,2004,12,8,3,4
6539,1.0,893,3.1,655,146,69,1097,816,12.0,71.9,1.003,2004,12,8,3,5
6540,0.9,923,3.2,664,177,67,1121,822,11.8,71.8,0.9909,2004,12,8,3,6
6541,1.0,950,4.0,713,172,68,1139,841,11.8,71.4,0.9864,2004,12,8,3,7
6542,1.0,947,3.2,666,159,68,1115,795,12.8,66.3,0.9804,2004,12,8,3,8
6543,1.1,973,4.0,712,184,69,1157,831,13.2,65.2,0.9841,2004,12,8,3,9
6544,1.7,1111,7.6,884,310,81,1280,1025,13.1,66.2,0.9933,2004,12,8,3,10
6545,2.3,1206,9.8,969,363,95,1365,1178,14.3,63.3,1.0266,2004,12,8,3,11
6546,2.1,1202,9.5,958,302,92,1330,1181,16.0,58.1,1.0482,2004,12,8,3,12
6547,2.7,1261,11.2,1022,424,113,1407,1250,17.3,53.9,1.0562,2004,12,8,3,13
6548,2.3,1102,6.9,855,258,98,1279,1039,17.3,53.3,1.0407,2004,12,8,3,14
6549,1.2,997,4.6,742,179,82,1180,899,16.7,54.7,1.0311,2004,12,8,3,15
6550,1.4,1049,5.5,790,221,96,1183,1019,15.4,58.9,1.02,2004,12,8,3,16
6551,1.9,1082,6.5,834,303,107,1207,1057,15.2,58.0,0.9927,2004,12,8,3,17
6552,2.6,1177,10.3,987,429,119,1324,1229,16.2,54.5,0.9956,2004,12,8,3,18
6553,2.4,1166,8.9,935,357,114,1301,1135,16.5,55.3,1.0267,2004,12,8,3,19
6554,3.5,1352,14.0,1118,438,127,1524,1188,14.6,72.1,1.1947,2004,12,8,3,20
6555,3.5,1210,9.2,947,457,121,1404,1060,13.9,76.7,1.2098,2004,12,8,3,21
6556,2.2,1161,8.2,909,355,109,1370,962,13.7,79.3,1.2326,2004,12,8,3,22
6557,2.3,1142,7.2,866,348,107,1329,939,13.8,77.3,1.2169,2004,12,8,3,23
6558,1.9,1054,5.5,789,241,100,1254,864,14.2,71.7,1.1578,2004,12,9,4,0
6559,1.0,926,2.9,649,134,83,1145,741,14.9,65.7,1.105,2004,12,9,4,1
6560,0.8,873,2.0,583,94,66,1108,642,14.7,67.3,1.1177,2004,12,9,4,2
6561,0.5,832,1.2,518,141,96,1061,539,15.2,63.2,1.0821,2004,12,9,4,3
6562,0.4,803,0.7,466,33,30,1034,449,14.8,65.5,1.0965,2004,12,9,4,4
6563,0.4,818,0.7,463,33,29,1046,437,14.4,68.5,1.1158,2004,12,9,4,5
6564,0.4,814,0.8,482,57,41,1027,457,14.5,62.9,1.0335,2004,12,9,4,6
6565,0.6,832,1.3,530,112,63,1027,512,14.6,56.7,0.9358,2004,12,9,4,7
6566,1.9,1091,7.6,882,358,114,1288,931,15.0,55.3,0.9338,2004,12,9,4,8
6567,2.0,1019,7.4,874,287,114,1235,905,14.5,56.5,0.9306,2004,12,9,4,9
6568,1.4,937,4.7,750,263,102,1141,790,14.3,55.4,0.9005,2004,12,9,4,10
6569,1.4,950,5.4,786,282,101,1145,850,14.7,52.5,0.8716,2004,12,9,4,11
6570,1.5,962,5.4,785,286,103,1161,870,15.5,51.7,0.9033,2004,12,9,4,12
6571,1.6,969,6.0,812,259,100,1189,842,14.9,53.4,0.8998,2004,12,9,4,13
6572,1.8,1010,7.1,863,265,95,1257,886,15.2,51.0,0.8762,2004,12,9,4,14
6573,1.4,946,5.3,780,249,99,1142,801,15.2,50.1,0.858,2004,12,9,4,15
6574,1.7,988,7.2,865,268,102,1190,895,15.6,46.6,0.8176,2004,12,9,4,16
6575,1.7,948,5.7,799,226,105,1145,827,14.8,48.4,0.8069,2004,12,9,4,17
6576,2.3,1045,9.5,960,301,118,1259,972,14.6,48.0,0.7902,2004,12,9,4,18
6577,3.2,1114,12.2,1057,388,135,1301,1079,15.1,45.4,0.7759,2004,12,9,4,19
6578,2.6,1006,10.3,987,285,124,1247,964,14.5,45.4,0.7458,2004,12,9,4,20
6579,1.6,889,4.5,738,197,100,1061,743,13.4,48.1,0.7374,2004,12,9,4,21
6580,0.8,792,2.0,583,105,66,946,517,12.3,48.7,0.6931,2004,12,9,4,22
6581,0.7,808,1.8,572,88,57,954,468,12.0,51.2,0.7179,2004,12,9,4,23
6582,0.6,814,1.9,574,92,58,965,461,11.9,54.6,0.7589,2004,12,10,5,0
6583,0.7,827,2.7,636,88,59,980,483,13.7,45.0,0.6991,2004,12,10,5,1
6584,0.7,801,2.7,633,90,60,940,482,14.7,37.5,0.622,2004,12,10,5,2
6585,0.5,770,2.2,600,141,96,901,416,13.8,36.8,0.576,2004,12,10,5,3
6586,1.5,721,0.7,470,42,35,815,367,13.2,35.6,0.5375,2004,12,10,5,4
6587,0.3,709,0.5,437,31,27,787,324,12.0,37.3,0.5239,2004,12,10,5,5
6588,0.4,734,0.8,478,51,39,805,378,11.7,38.1,0.5223,2004,12,10,5,6
6589,0.5,770,1.4,533,100,63,839,480,11.5,38.0,0.5159,2004,12,10,5,7
6590,1.4,919,5.6,795,315,110,998,822,12.3,35.8,0.5086,2004,12,10,5,8
6591,2.4,996,10.6,998,417,128,1136,1060,12.9,34.5,0.5102,2004,12,10,5,9
6592,1.8,925,7.2,866,328,122,1013,916,14.4,30.2,0.4911,2004,12,10,5,10
6593,1.5,883,6.2,821,304,111,967,844,16.2,26.2,0.4789,2004,12,10,5,11
6594,1.5,884,6.2,822,300,110,968,807,17.1,23.5,0.453,2004,12,10,5,12
6595,1.8,920,8.1,903,306,114,1011,853,18.1,21.3,0.4396,2004,12,10,5,13
6596,2.1,941,9.0,941,342,114,1036,884,18.8,20.0,0.4278,2004,12,10,5,14
6597,1.7,934,8.4,914,324,111,1016,834,18.1,20.8,0.4274,2004,12,10,5,15
6598,2.3,929,8.7,928,327,116,1001,893,17.6,19.9,0.3952,2004,12,10,5,16
6599,2.9,972,11.8,1043,404,148,1083,1037,16.0,20.8,0.3757,2004,12,10,5,17
6600,4.0,1073,16.5,1195,575,177,1249,1244,14.6,23.7,0.3903,2004,12,10,5,18
6601,4.2,1050,18.7,1260,539,164,1256,1269,13.7,22.9,0.3581,2004,12,10,5,19
6602,3.5,980,14.5,1132,460,151,1102,1125,12.8,21.7,0.3182,2004,12,10,5,20
6603,2.6,872,8.0,900,386,147,910,946,12.7,21.3,0.3119,2004,12,10,5,21
6604,1.3,802,4.6,743,202,110,826,751,12.8,22.5,0.3309,2004,12,10,5,22
6605,1.0,792,3.4,674,162,99,810,670,12.6,23.4,0.3408,2004,12,10,5,23
6606,1.6,857,4.8,753,261,116,860,754,12.4,24.0,0.3443,2004,12,11,6,0
6607,1.6,856,4.4,734,263,121,853,781,12.5,24.0,0.3462,2004,12,11,6,1
6608,1.1,869,3.8,702,159,103,891,842,11.9,32.4,0.4489,2004,12,11,6,2
6609,1.1,890,3.6,688,141,96,897,840,11.7,33.8,0.4623,2004,12,11,6,3
6610,0.8,834,2.7,632,111,83,871,746,11.5,34.2,0.4621,2004,12,11,6,4
6611,0.8,860,2.4,616,104,76,873,754,10.5,37.8,0.4799,2004,12,11,6,5
6612,1.0,909,4.3,728,221,107,948,905,7.8,47.4,0.5046,2004,12,11,6,6
6613,1.2,955,5.2,772,243,106,957,960,9.3,43.1,0.5062,2004,12,11,6,7
6614,1.7,1035,8.4,914,356,124,1064,1080,8.2,46.8,0.5091,2004,12,11,6,8
6615,2.4,1087,14.1,1121,429,134,1177,1209,10.7,34.2,0.439,2004,12,11,6,9
6616,2.8,1101,13.0,1083,518,147,1130,1243,14.4,28.2,0.4593,2004,12,11,6,10
6617,2.9,1135,13.5,1100,460,146,1161,1273,17.4,23.3,0.4599,2004,12,11,6,11
6618,2.6,1095,12.5,1067,389,133,1152,1216,17.8,23.6,0.4766,2004,12,11,6,12
6619,2.3,986,8.8,931,362,120,1011,976,18.3,19.5,0.4044,2004,12,11,6,13
6620,2.3,991,9.0,940,337,117,1035,973,18.9,18.9,0.4091,2004,12,11,6,14
6621,1.7,926,6.1,815,254,109,945,827,18.4,19.7,0.4117,2004,12,11,6,15
6622,1.8,974,7.8,891,281,112,1005,912,17.8,21.0,0.4234,2004,12,11,6,16
6623,2.5,1042,11.5,1031,369,131,1094,1084,16.1,23.4,0.4248,2004,12,11,6,17
6624,2.4,1006,10.7,1005,350,133,1071,1045,14.9,24.9,0.4178,2004,12,11,6,18
6625,2.0,979,9.2,946,323,138,1018,1026,14.6,24.6,0.4054,2004,12,11,6,19
6626,2.3,1072,10.9,1011,340,142,1075,1172,14.2,26.8,0.4332,2004,12,11,6,20
6627,2.9,1217,11.6,1037,443,138,1167,1452,13.3,38.7,0.5867,2004,12,11,6,21
6628,2.0,1124,9.0,939,292,118,1126,1317,11.2,45.1,0.6004,2004,12,11,6,22
6629,2.5,1152,11.6,1036,372,120,1206,1365,8.8,52.5,0.5969,2004,12,11,6,23
6630,3.0,1216,11.7,1039,443,132,1183,1378,8.6,54.3,0.606,2004,12,12,7,0
6631,2.4,1095,11.3,1024,360,121,1219,1246,8.1,53.2,0.5746,2004,12,12,7,1
6632,2.6,1099,10.4,994,401,117,1164,1186,6.8,57.8,0.5768,2004,12,12,7,2
6633,2.0,974,6.4,832,141,96,1035,1024,6.6,58.1,0.5687,2004,12,12,7,3
6634,2.1,1091,9.8,971,273,102,1148,1187,5.4,64.1,0.5772,2004,12,12,7,4
6635,1.7,955,5.8,804,199,95,1017,1007,5.6,61.6,0.5656,2004,12,12,7,5
6636,1.5,975,7.0,859,177,81,1043,1019,4.2,69.0,0.5737,2004,12,12,7,6
6637,1.3,909,4.0,709,206,95,953,921,4.8,64.6,0.563,2004,12,12,7,7
6638,1.9,992,6.9,853,323,111,1052,1038,4.0,69.0,0.5661,2004,12,12,7,8
6639,2.0,1018,7.7,889,392,118,1085,1105,4.9,66.3,0.5786,2004,12,12,7,9
6640,2.7,1100,9.9,974,420,130,1131,1208,9.4,48.7,0.5748,2004,12,12,7,10
6641,2.4,1101,8.9,934,333,116,1085,1208,12.6,39.9,0.5804,2004,12,12,7,11
6642,2.7,1148,11.3,1025,395,128,1165,1282,14.4,35.3,0.5763,2004,12,12,7,12
6643,3.2,1253,13.7,1108,478,156,1253,1494,15.1,37.4,0.6374,2004,12,12,7,13
6644,3.4,1229,12.7,1075,470,169,1226,1500,16.0,35.8,0.6456,2004,12,12,7,14
6645,3.2,1250,14.5,1133,508,168,1274,1463,17.5,30.8,0.6095,2004,12,12,7,15
6646,4.3,1432,18.4,1251,596,178,1396,1722,17.2,34.2,0.6669,2004,12,12,7,16
6647,5.0,1530,22.0,1352,694,178,1550,1934,14.3,45.8,0.7452,2004,12,12,7,17
6648,6.3,1604,25.4,1438,968,188,1650,2018,12.2,53.9,0.7617,2004,12,12,7,18
6649,4.6,1352,16.4,1191,658,169,1362,1796,11.6,51.2,0.6965,2004,12,12,7,19
6650,3.1,1235,12.4,1065,409,133,1213,1594,11.3,50.1,0.672,2004,12,12,7,20
6651,2.6,1127,9.6,962,345,125,1120,1389,10.6,51.2,0.6541,2004,12,12,7,21
6652,2.1,1073,7.1,860,230,110,1058,1238,9.6,51.7,0.6163,2004,12,12,7,22
6653,2.1,1074,7.2,867,285,112,1064,1221,8.7,55.2,0.6225,2004,12,12,7,23
6654,2.5,1133,9.3,951,310,112,1156,1254,7.9,60.2,0.6432,2004,12,13,1,0
6655,2.0,1021,5.9,808,224,102,1048,1098,7.9,59.2,0.6331,2004,12,13,1,1
6656,1.8,995,5.9,807,213,90,1056,1044,6.7,64.6,0.6381,2004,12,13,1,2
6657,1.3,882,2.4,614,141,96,931,888,6.9,62.3,0.6227,2004,12,13,1,3
6658,1.5,869,2.1,594,103,66,935,835,6.3,64.6,0.6197,2004,12,13,1,4
6659,0.7,868,1.8,567,91,64,919,823,6.4,63.3,0.6123,2004,12,13,1,5
6660,0.9,921,3.1,655,178,81,972,908,6.4,64.4,0.6204,2004,12,13,1,6
6661,1.5,1041,6.8,846,351,106,1112,1076,5.6,68.9,0.6328,2004,12,13,1,7
6662,3.4,1275,16.4,1193,587,140,1389,1393,6.4,65.6,0.6348,2004,12,13,1,8
6663,3.4,1238,16.7,1202,475,138,1382,1429,7.3,61.4,0.6306,2004,12,13,1,9
6664,3.2,1288,17.3,1220,576,165,1391,1594,9.6,53.7,0.6409,2004,12,13,1,10
6666,3.5,1293,17.9,1236,710,178,1370,1872,12.7,44.4,0.6512,2004,12,13,1,12
6667,4.1,1410,22.4,1363,696,187,1515,2014,13.9,42.8,0.6761,2004,12,13,1,13
6670,4.5,1520,30.1,1552,801,198,1615,2104,16.0,38.6,0.6952,2004,12,13,1,16
6674,4.3,1391,21.5,1338,729,183,1514,1816,11.5,60.9,0.8249,2004,12,13,1,20
6675,2.9,1263,15.5,1164,508,147,1338,1587,10.6,64.1,0.8182,2004,12,13,1,21
6676,2.0,1147,10.9,1012,347,120,1214,1381,10.1,66.2,0.8185,2004,12,13,1,22
6677,1.7,1103,8.7,928,327,112,1174,1287,9.0,70.1,0.8036,2004,12,13,1,23
6678,1.9,1071,7.4,873,339,107,1150,1193,8.6,70.5,0.7915,2004,12,14,2,0
6679,2.0,1137,9.9,975,358,103,1234,1223,7.6,74.3,0.7783,2004,12,14,2,1
6680,1.9,1066,8.2,907,377,97,1174,1122,6.9,76.1,0.759,2004,12,14,2,2
6681,1.0,918,3.9,704,141,96,1032,932,8.0,70.6,0.7607,2004,12,14,2,3
6682,0.8,895,3.2,663,165,74,1007,866,6.8,75.4,0.7475,2004,12,14,2,4
6683,0.7,885,3.0,655,145,68,1015,848,6.6,75.3,0.7378,2004,12,14,2,5
6684,1.1,964,5.4,784,282,92,1080,959,6.0,77.3,0.7262,2004,12,14,2,6
6685,1.7,1088,8.7,927,494,111,1196,1154,6.0,76.7,0.722,2004,12,14,2,7
6686,3.1,1274,15.4,1160,606,133,1412,1373,6.9,73.7,0.7348,2004,12,14,2,8
6687,4.4,1406,27.2,1483,581,139,1767,1708,7.6,70.6,0.7371,2004,12,14,2,9
6688,5.6,1521,30.7,1568,920,192,1843,2097,9.3,64.2,0.7544,2004,12,14,2,10
6689,4.4,1408,24.3,1412,811,192,1608,2056,11.7,55.7,0.763,2004,12,14,2,11
6691,4.7,1470,25.8,1450,677,182,1706,2015,14.0,53.0,0.8451,2004,12,14,2,13
6692,4.2,1416,21.8,1346,612,192,1570,1945,15.1,50.2,0.8552,2004,12,14,2,14
6693,3.3,1383,20.6,1314,524,188,1538,1793,16.7,47.3,0.8883,2004,12,14,2,15
6694,5.1,1574,27.2,1483,775,186,1778,1962,16.8,48.4,0.9175,2004,12,14,2,16
6699,4.1,1053,7.9,895,670,148,1446,942,17.2,48.6,0.9768,2004,12,14,2,21
6700,2.5,1053,7.9,895,341,112,1446,942,17.2,48.6,0.9768,2004,12,14,2,22
6701,2.1,1053,7.9,895,365,108,1446,942,17.2,48.6,0.9768,2004,12,14,2,23
6702,2.9,1053,7.9,895,510,115,1446,942,17.2,48.6,0.9768,2004,12,15,3,0
6703,2.3,1053,7.9,895,352,96,1446,942,17.2,48.6,0.9768,2004,12,15,3,1
6704,1.7,1053,7.9,895,299,87,1446,942,17.2,48.6,0.9768,2004,12,15,3,2
6705,0.9,1053,7.9,895,141,96,1446,942,17.2,48.6,0.9768,2004,12,15,3,3
6706,0.7,1053,7.9,895,103,61,1446,942,17.2,48.6,0.9768,2004,12,15,3,4
6707,0.8,1053,7.9,895,133,61,1446,942,17.2,48.6,0.9768,2004,12,15,3,5
6708,1.0,1053,7.9,895,244,82,1446,942,17.2,48.6,0.9768,2004,12,15,3,6
6709,1.2,1053,7.9,895,222,83,1446,942,17.2,48.6,0.9768,2004,12,15,3,7
6710,3.5,1053,7.9,895,591,116,1446,942,17.2,48.6,0.9768,2004,12,15,3,8
6711,4.5,1053,7.9,895,821,147,1446,942,17.2,48.6,0.9768,2004,12,15,3,9
6712,4.9,1053,7.9,895,803,167,1446,942,17.2,48.6,0.9768,2004,12,15,3,10
6713,3.5,1053,7.9,895,809,176,1446,942,17.2,48.6,0.9768,2004,12,15,3,11
6714,3.4,1053,7.9,895,836,177,1446,942,17.2,48.6,0.9768,2004,12,15,3,12
6715,4.0,1053,7.9,895,820,169,1446,942,17.2,48.6,0.9768,2004,12,15,3,13
6716,4.3,1053,7.9,895,861,181,1446,942,17.2,48.6,0.9768,2004,12,15,3,14
6717,4.0,1053,7.9,895,842,183,1446,942,17.2,48.6,0.9768,2004,12,15,3,15
6718,4.7,1053,7.9,895,933,176,1446,942,17.2,48.6,0.9768,2004,12,15,3,16
6721,3.6,1053,7.9,895,484,137,1446,942,17.2,48.6,0.9768,2004,12,15,3,19
6722,2.4,1053,7.9,895,325,115,1446,942,17.2,48.6,0.9768,2004,12,15,3,20
6723,2.1,1053,7.9,895,292,107,1446,942,17.2,48.6,0.9768,2004,12,15,3,21
6724,2.1,1053,7.9,895,303,105,1446,942,17.2,48.6,0.9768,2004,12,15,3,22
6725,1.7,1053,7.9,895,242,96,1446,942,17.2,48.6,0.9768,2004,12,15,3,23
6726,2.2,1053,7.9,895,314,100,1446,942,17.2,48.6,0.9768,2004,12,16,4,0
6727,2.0,1053,7.9,895,289,100,1446,942,17.2,48.6,0.9768,2004,12,16,4,1
6728,1.6,1053,7.9,895,224,92,1446,942,17.2,48.6,0.9768,2004,12,16,4,2
6729,1.7,1053,7.9,895,141,96,1446,942,17.2,48.6,0.9768,2004,12,16,4,3
6730,1.5,1053,7.9,895,191,81,1446,942,17.2,48.6,0.9768,2004,12,16,4,4
6731,1.0,1053,7.9,895,149,74,1446,942,17.2,48.6,0.9768,2004,12,16,4,5
6732,1.0,1053,7.9,895,212,81,1446,942,17.2,48.6,0.9768,2004,12,16,4,6
6733,1.6,1053,7.9,895,398,99,1446,942,17.2,48.6,0.9768,2004,12,16,4,7
6734,3.5,1053,7.9,895,763,123,1446,942,17.2,48.6,0.9768,2004,12,16,4,8
6736,4.6,1053,7.9,895,849,161,1446,942,17.2,48.6,0.9768,2004,12,16,4,10
6738,4.2,1053,7.9,895,845,190,1446,942,17.2,48.6,0.9768,2004,12,16,4,12
6739,4.1,1053,7.9,895,740,170,1446,942,17.2,48.6,0.9768,2004,12,16,4,13
6749,4.3,1053,7.9,895,873,173,1446,942,17.2,48.6,0.9768,2004,12,16,4,23
6750,4.2,1053,7.9,895,807,162,1446,942,17.2,48.6,0.9768,2004,12,17,5,0
6751,4.3,1053,7.9,895,798,161,1446,942,17.2,48.6,0.9768,2004,12,17,5,1
6752,4.2,1053,7.9,895,691,144,1446,942,17.2,48.6,0.9768,2004,12,17,5,2
6753,2.8,1053,7.9,895,141,96,1446,942,17.2,48.6,0.9768,2004,12,17,5,3
6754,2.2,1053,7.9,895,433,119,1446,942,17.2,48.6,0.9768,2004,12,17,5,4
6755,1.8,1053,7.9,895,371,112,1446,942,17.2,48.6,0.9768,2004,12,17,5,5
6756,2.0,1053,7.9,895,469,111,1446,942,17.2,48.6,0.9768,2004,12,17,5,6
6757,2.5,1053,7.9,895,658,122,1446,942,17.2,48.6,0.9768,2004,12,17,5,7
6758,4.1,1053,7.9,895,854,137,1446,942,17.2,48.6,0.9768,2004,12,17,5,8
6763,3.5,1053,7.9,895,521,164,1446,942,17.2,48.6,0.9768,2004,12,17,5,13
6764,3.7,1053,7.9,895,613,177,1446,942,17.2,48.6,0.9768,2004,12,17,5,14
6765,3.1,1053,7.9,895,516,168,1446,942,17.2,48.6,0.9768,2004,12,17,5,15
6766,3.2,1053,7.9,895,446,150,1446,942,17.2,48.6,0.9768,2004,12,17,5,16
6767,3.8,1053,7.9,895,499,152,1446,942,17.2,48.6,0.9768,2004,12,17,5,17
6768,3.2,1053,7.9,895,407,138,1446,942,17.2,48.6,0.9768,2004,12,17,5,18
6769,3.2,1053,7.9,895,418,129,1446,942,17.2,48.6,0.9768,2004,12,17,5,19
6770,3.3,1325,16.4,1191,403,130,1542,1389,13.3,68.0,1.0376,2004,12,17,5,20
6771,3.1,1316,13.4,1099,412,137,1451,1268,13.2,72.8,1.0984,2004,12,17,5,21
6772,2.4,1170,8.2,906,322,125,1317,1046,12.6,76.5,1.1106,2004,12,17,5,22
6773,1.4,1061,5.7,800,200,106,1232,862,12.6,74.3,1.0843,2004,12,17,5,23
6774,2.1,1109,7.0,855,244,121,1220,866,12.9,72.1,1.0658,2004,12,18,6,0
6775,1.4,1025,5.6,794,199,101,1202,788,13.1,70.5,1.0594,2004,12,18,6,1
6776,1.4,1086,5.1,769,190,100,1196,857,12.4,73.8,1.0574,2004,12,18,6,2
6777,1.3,1058,4.3,727,141,96,1193,860,12.2,74.5,1.0537,2004,12,18,6,3
6778,1.0,1034,4.2,719,153,86,1189,845,11.8,76.3,1.0547,2004,12,18,6,4
6779,1.3,1065,6.1,816,215,90,1245,873,10.8,80.0,1.0367,2004,12,18,6,5
6780,1.0,988,5.2,774,206,89,1189,841,10.4,77.3,0.9709,2004,12,18,6,6
6781,1.1,986,5.4,785,225,96,1173,853,10.0,76.2,0.9332,2004,12,18,6,7
6782,2.1,1136,11.0,1015,416,125,1287,1063,9.4,67.7,0.8018,2004,12,18,6,8
6783,3.2,1256,16.1,1184,613,143,1448,1276,9.3,71.2,0.8325,2004,12,18,6,9
6784,3.3,1228,15.7,1170,567,153,1375,1332,12.6,54.0,0.784,2004,12,18,6,10
6785,2.3,956,8.8,931,409,140,1046,1015,16.1,28.5,0.5164,2004,12,18,6,11
6786,1.0,781,3.9,704,183,92,842,594,16.6,19.9,0.3728,2004,12,18,6,12
6787,0.8,759,3.8,699,140,78,799,501,15.9,18.2,0.3255,2004,12,18,6,13
6788,0.8,722,3.3,671,133,68,737,448,14.3,18.4,0.2991,2004,12,18,6,14
6789,0.6,699,2.4,613,115,64,682,387,15.0,16.3,0.2749,2004,12,18,6,15
6790,0.9,755,3.6,690,157,80,750,467,14.9,17.1,0.2875,2004,12,18,6,16
6791,0.8,746,3.5,684,149,81,764,484,13.2,18.8,0.2837,2004,12,18,6,17
6792,1.2,784,4.6,744,219,102,802,608,12.4,19.6,0.2797,2004,12,18,6,18
6793,2.1,931,9.9,972,424,132,974,953,11.9,21.3,0.2957,2004,12,18,6,19
6794,3.9,1112,19.0,1267,659,162,1250,1307,11.1,24.8,0.3264,2004,12,18,6,20
6795,4.4,1133,17.2,1215,727,179,1196,1415,10.1,29.7,0.3666,2004,12,18,6,21
6796,2.0,886,8.4,917,398,148,901,1023,10.2,23.8,0.2955,2004,12,18,6,22
6797,2.3,993,11.4,1030,414,146,1005,1154,9.4,27.4,0.3239,2004,12,18,6,23
6798,3.6,1215,15.6,1167,600,164,1181,1426,7.9,39.0,0.4154,2004,12,19,7,0
6799,3.9,1160,13.0,1083,596,162,1114,1363,7.6,40.6,0.4273,2004,12,19,7,1
6800,1.6,928,6.2,819,225,118,923,1006,6.4,43.7,0.4242,2004,12,19,7,2
6801,1.0,879,4.2,722,141,96,878,873,6.3,44.7,0.4293,2004,12,19,7,3
6802,1.5,833,2.7,632,120,78,834,760,5.1,46.5,0.4125,2004,12,19,7,4
6803,1.0,840,3.0,649,126,79,869,799,3.3,53.5,0.418,2004,12,19,7,5
6804,0.8,848,2.4,612,83,62,852,703,4.8,49.9,0.4325,2004,12,19,7,6
6805,0.7,828,3.1,660,156,85,881,781,2.2,60.1,0.4361,2004,12,19,7,7
6806,1.0,847,3.8,698,240,110,905,815,2.5,59.3,0.4401,2004,12,19,7,8
6807,1.0,868,3.2,665,186,99,865,800,3.2,55.7,0.4344,2004,12,19,7,9
6808,1.5,970,6.2,819,224,101,959,926,5.0,48.8,0.429,2004,12,19,7,10
6809,2.5,1077,9.6,963,386,129,1081,1151,5.8,49.8,0.4613,2004,12,19,7,11
6810,2.6,1058,9.6,962,397,132,1058,1153,6.0,47.6,0.4488,2004,12,19,7,12
6811,3.2,1136,12.5,1067,477,148,1143,1298,7.4,44.6,0.4613,2004,12,19,7,13
6812,3.0,1228,12.5,1068,405,134,1264,1238,5.2,73.1,0.6535,2004,12,19,7,14
6813,3.4,1235,14.0,1118,453,148,1354,1222,4.8,81.4,0.7055,2004,12,19,7,15
6814,3.3,1217,11.6,1036,459,146,1260,1171,4.7,82.3,0.7105,2004,12,19,7,16
6815,3.6,1298,13.0,1082,452,148,1287,1237,4.7,82.8,0.7157,2004,12,19,7,17
6816,5.5,1327,17.3,1219,579,175,1453,1366,4.7,83.4,0.7177,2004,12,19,7,18
6817,4.5,1293,14.6,1136,542,170,1365,1278,5.2,83.1,0.7411,2004,12,19,7,19
6818,4.7,1353,16.2,1187,601,173,1424,1293,5.5,84.1,0.7657,2004,12,19,7,20
6819,4.3,1254,13.8,1111,521,151,1360,1198,5.8,84.5,0.7822,2004,12,19,7,21
6820,3.2,1189,10.6,999,411,129,1286,1115,6.2,84.1,0.8018,2004,12,19,7,22
6821,2.9,1183,9.1,944,382,126,1226,1092,6.6,83.3,0.8183,2004,12,19,7,23
6822,3.1,1185,9.7,966,421,127,1250,1104,6.8,82.8,0.8216,2004,12,20,1,0
6823,2.8,1098,7.0,859,362,118,1211,1006,8.2,78.4,0.8561,2004,12,20,1,1
6824,1.2,938,2.8,639,104,83,1059,777,9.7,70.9,0.8539,2004,12,20,1,2
6825,0.9,883,2.0,583,141,96,1019,710,9.5,69.9,0.8298,2004,12,20,1,3
6826,0.8,839,1.4,536,69,60,970,600,9.3,65.9,0.7757,2004,12,20,1,4
6827,0.6,784,0.8,479,41,37,905,477,8.8,62.9,0.7154,2004,12,20,1,5
6828,0.6,779,0.7,466,46,39,881,454,8.6,58.8,0.6603,2004,12,20,1,6
6829,1.0,883,2.6,625,118,70,997,630,9.2,55.9,0.6521,2004,12,20,1,7
6830,3.2,970,5.3,776,295,108,1059,858,8.4,57.7,0.6376,2004,12,20,1,8
6831,3.6,1012,7.1,861,311,119,1133,951,8.5,60.4,0.6713,2004,12,20,1,9
6832,2.9,934,5.0,766,269,111,1047,836,8.9,57.4,0.6575,2004,12,20,1,10
6833,2.4,888,3.8,700,225,106,999,721,9.2,55.8,0.6479,2004,12,20,1,11
6834,2.5,918,4.5,737,220,105,1030,703,9.6,53.9,0.6425,2004,12,20,1,12
6835,2.6,901,4.7,747,216,114,1020,657,9.6,52.4,0.6276,2004,12,20,1,13
6836,2.3,857,3.9,708,162,93,983,581,9.7,49.8,0.5998,2004,12,20,1,14
6837,2.2,838,3.8,699,152,89,944,546,9.4,44.9,0.5296,2004,12,20,1,15
6838,2.3,869,5.2,772,183,102,966,641,9.8,41.9,0.5083,2004,12,20,1,16
6839,2.9,928,6.8,850,254,129,1004,794,8.9,44.9,0.5125,2004,12,20,1,17
6840,4.1,1037,11.9,1047,355,151,1159,1042,8.4,45.4,0.5035,2004,12,20,1,18
6841,4.1,980,10.8,1008,341,151,1103,993,8.0,41.0,0.4416,2004,12,20,1,19
6842,4.0,978,11.5,1031,341,149,1066,968,7.9,37.1,0.3974,2004,12,20,1,20
6843,3.7,891,7.6,882,342,149,950,894,7.8,33.9,0.3594,2004,12,20,1,21
6844,1.7,762,3.1,657,186,114,783,592,7.3,32.4,0.334,2004,12,20,1,22
6845,1.1,794,3.6,687,170,104,826,611,7.4,34.6,0.3576,2004,12,20,1,23
6846,1.1,799,3.6,690,169,104,823,611,7.1,33.7,0.3417,2004,12,21,2,0
6847,1.5,818,4.3,725,246,127,849,694,6.4,35.8,0.3471,2004,12,21,2,1
6848,0.5,691,0.7,471,63,53,698,357,5.6,37.7,0.3444,2004,12,21,2,2
6849,0.3,697,0.6,455,141,96,698,318,5.6,37.6,0.3448,2004,12,21,2,3
6850,0.2,697,0.5,437,44,39,702,325,5.3,38.8,0.3473,2004,12,21,2,4
6851,0.3,716,0.7,473,54,41,734,343,4.7,41.4,0.3576,2004,12,21,2,5
6852,0.6,791,2.2,598,176,97,802,608,4.3,43.9,0.3675,2004,12,21,2,6
6853,0.7,804,2.6,630,236,120,806,712,4.9,40.6,0.3539,2004,12,21,2,7
6854,2.6,1093,13.4,1098,613,167,1221,1173,5.1,40.8,0.3603,2004,12,21,2,8
6856,2.6,951,9.4,953,460,157,1022,1055,7.4,36.5,0.3778,2004,12,21,2,10
6857,1.5,882,6.3,826,280,125,910,799,7.9,36.4,0.3889,2004,12,21,2,11
6858,1.7,897,6.7,845,322,135,943,787,7.8,36.8,0.3908,2004,12,21,2,12
6859,2.2,949,9.7,965,349,138,1041,892,8.7,33.7,0.379,2004,12,21,2,13
6860,2.1,896,7.8,891,297,132,935,766,8.5,34.3,0.3813,2004,12,21,2,14
6861,2.2,908,7.7,886,353,142,947,835,8.9,34.5,0.3946,2004,12,21,2,15
6862,2.3,959,8.6,924,316,137,993,897,8.8,35.7,0.4043,2004,12,21,2,16
6863,2.5,994,10.7,1005,348,145,1054,1009,7.9,38.6,0.4137,2004,12,21,2,17
6864,3.1,1081,16.7,1202,445,166,1230,1250,7.6,40.1,0.4195,2004,12,21,2,18
6865,3.6,1081,15.5,1164,457,165,1171,1283,6.9,40.3,0.4025,2004,12,21,2,19
6866,3.9,1175,18.3,1248,516,175,1308,1377,6.5,41.7,0.4047,2004,12,21,2,20
6867,4.0,1123,13.8,1110,575,185,1152,1322,6.3,42.6,0.4106,2004,12,21,2,21
6868,2.3,1032,9.3,952,449,166,1025,1198,5.9,44.7,0.4186,2004,12,21,2,22
6869,1.5,927,5.8,805,289,140,918,1007,5.8,43.4,0.4037,2004,12,21,2,23
6870,1.5,952,6.6,838,268,133,937,976,5.8,42.5,0.3937,2004,12,22,3,0
6871,2.2,987,7.6,883,343,144,949,1013,5.6,42.0,0.3856,2004,12,22,3,1
6872,1.3,902,5.0,761,222,126,872,868,5.3,42.3,0.3806,2004,12,22,3,2
6873,0.9,833,2.9,648,141,96,814,760,5.1,43.5,0.3852,2004,12,22,3,3
6874,1.5,776,1.3,525,87,72,770,585,5.1,44.8,0.3967,2004,12,22,3,4
6875,0.5,812,1.5,541,89,70,774,616,5.2,45.9,0.4099,2004,12,22,3,5
6876,0.5,821,1.7,563,103,74,807,678,4.7,49.0,0.4209,2004,12,22,3,6
6877,0.9,932,3.8,701,254,124,875,936,4.5,51.8,0.4418,2004,12,22,3,7
6878,2.0,1069,8.8,931,481,152,1054,1110,4.5,53.0,0.4495,2004,12,22,3,8
6879,3.2,1137,12.5,1066,638,174,1151,1258,4.8,53.1,0.4605,2004,12,22,3,9
6880,2.3,1009,8.7,926,492,161,1015,1080,7.8,42.0,0.4464,2004,12,22,3,10
6881,1.8,962,7.5,877,413,120,969,949,9.3,37.6,0.4391,2004,12,22,3,11
6882,2.1,972,8.2,909,364,111,1012,894,10.0,34.2,0.4212,2004,12,22,3,12
6883,1.9,968,8.5,920,299,128,991,882,10.3,32.6,0.4094,2004,12,22,3,13
6884,2.4,939,8.1,902,342,133,969,872,9.8,31.8,0.3858,2004,12,22,3,14
6885,2.1,901,6.7,843,309,121,907,751,9.8,30.3,0.3658,2004,12,22,3,15
6886,2.8,975,9.0,938,367,147,989,928,9.6,29.6,0.3545,2004,12,22,3,16
6887,3.3,1028,11.3,1025,357,136,1024,1160,8.1,32.5,0.3516,2004,12,22,3,17
6888,2.9,998,9.9,972,345,153,984,1090,6.8,36.1,0.3575,2004,12,22,3,18
6889,3.9,1094,13.6,1105,483,178,1086,1274,6.4,36.5,0.3519,2004,12,22,3,19
6890,4.1,1128,15.4,1161,480,174,1163,1340,5.9,37.8,0.3528,2004,12,22,3,20
6891,3.3,1111,11.4,1030,427,166,1033,1271,5.1,40.7,0.3621,2004,12,22,3,21
6892,3.3,1121,11.2,1023,504,169,1053,1354,4.8,45.1,0.3925,2004,12,22,3,22
6893,1.9,956,5.7,796,248,132,861,1084,4.5,43.9,0.3728,2004,12,22,3,23
6894,2.0,973,5.4,785,241,127,883,1086,5.2,44.1,0.3939,2004,12,23,4,0
6895,1.9,952,5.5,790,210,113,896,1038,4.3,46.4,0.3896,2004,12,23,4,1
6896,2.1,969,5.2,773,292,128,914,1064,3.0,52.5,0.4021,2004,12,23,4,2
6897,1.7,919,3.7,693,141,96,882,979,2.3,56.3,0.4134,2004,12,23,4,3
6898,1.3,874,3.1,657,129,85,867,930,1.5,61.4,0.4235,2004,12,23,4,4
6899,1.1,806,1.6,554,106,77,807,783,4.0,50.4,0.4154,2004,12,23,4,5
6900,1.2,874,2.5,623,125,78,847,831,2.8,55.2,0.4177,2004,12,23,4,6
6901,1.8,961,5.3,779,267,115,960,983,1.2,61.4,0.4159,2004,12,23,4,7
6902,3.6,1195,13.4,1096,543,169,1166,1315,1.4,61.3,0.4208,2004,12,23,4,8
6903,3.7,1184,15.0,1148,496,174,1178,1389,2.2,58.1,0.4218,2004,12,23,4,9
6904,3.4,1135,12.8,1076,491,171,1120,1396,4.3,49.4,0.4138,2004,12,23,4,10
6905,4.0,1211,15.9,1177,667,179,1221,1585,6.6,42.5,0.416,2004,12,23,4,11
6906,3.8,1228,15.9,1178,693,193,1202,1628,8.0,38.3,0.4133,2004,12,23,4,12
6909,3.3,1205,12.8,1079,512,175,1168,1476,11.0,33.0,0.4331,2004,12,23,4,15
6910,4.3,1305,17.9,1238,587,177,1325,1640,11.3,33.6,0.4504,2004,12,23,4,16
6916,5.0,1441,20.6,1314,825,196,1389,2051,6.2,56.8,0.5421,2004,12,23,4,22
6917,4.2,1376,17.0,1209,740,190,1283,2041,6.1,54.7,0.5201,2004,12,23,4,23
6918,4.6,1412,17.2,1216,759,187,1300,2059,6.0,55.6,0.5244,2004,12,24,5,0
6919,3.9,1352,14.6,1137,610,174,1234,2016,5.1,59.0,0.5248,2004,12,24,5,1
6920,3.4,1285,12.1,1052,465,158,1164,1967,5.1,58.4,0.517,2004,12,24,5,2
6921,3.0,1263,10.5,997,141,96,1140,1960,4.7,60.8,0.5232,2004,12,24,5,3
6922,2.4,1200,8.7,929,288,132,1082,1847,4.2,63.1,0.5259,2004,12,24,5,4
6923,2.5,1187,8.8,931,251,121,1093,1792,4.3,64.1,0.537,2004,12,24,5,5
6924,3.5,1166,8.2,909,351,136,1079,1680,4.8,61.9,0.537,2004,12,24,5,6
6925,3.9,1209,9.5,958,379,138,1124,1662,5.3,61.1,0.5499,2004,12,24,5,7
6926,4.8,1349,14.6,1136,539,149,1299,1810,5.7,61.3,0.5657,2004,12,24,5,8
6927,6.1,1458,20.4,1307,706,165,1483,2103,6.1,60.5,0.5719,2004,12,24,5,9
6928,6.6,1462,18.8,1263,750,170,1421,2082,6.7,59.7,0.589,2004,12,24,5,10
6929,6.5,1448,18.8,1263,747,165,1428,1971,7.2,58.6,0.5986,2004,12,24,5,11
6930,6.0,1419,18.5,1254,670,167,1406,1950,8.0,55.9,0.6018,2004,12,24,5,12
6931,6.9,1561,24.8,1425,772,197,1624,2101,9.8,52.4,0.6349,2004,12,24,5,13
6934,6.7,1532,22.2,1356,678,193,1610,2033,10.6,55.3,0.7058,2004,12,24,5,16
6935,6.8,1522,21.5,1337,706,192,1578,2034,10.4,57.0,0.7167,2004,12,24,5,17
6936,6.7,1514,21.5,1338,668,175,1598,2018,10.2,58.3,0.7256,2004,12,24,5,18
6942,5.9,1505,15.6,1168,567,169,1447,2066,9.4,66.1,0.7816,2004,12,25,6,0
6943,5.6,1458,14.2,1123,527,164,1395,2030,9.6,65.9,0.7869,2004,12,25,6,1
6944,5.5,1431,13.5,1100,503,154,1385,1913,9.5,66.2,0.7882,2004,12,25,6,2
6945,5.2,1366,11.4,1027,141,96,1328,1901,9.2,67.3,0.7851,2004,12,25,6,3
6946,1.5,1332,10.5,997,345,130,1304,1783,9.1,68.7,0.7925,2004,12,25,6,4
6947,2.2,1243,8.6,924,274,119,1250,1534,9.0,69.8,0.8039,2004,12,25,6,5
6948,2.0,1251,8.6,924,231,106,1246,1568,8.9,70.5,0.8056,2004,12,25,6,6
6949,2.2,1259,9.1,944,268,111,1267,1622,8.9,70.4,0.8074,2004,12,25,6,7
6950,2.0,1268,8.6,926,281,122,1247,1628,9.1,69.6,0.8045,2004,12,25,6,8
6951,2.5,1288,9.4,956,340,121,1272,1553,9.0,70.8,0.8173,2004,12,25,6,9
6952,3.0,1410,11.0,1015,406,136,1319,1769,9.8,68.6,0.8324,2004,12,25,6,10
6953,2.8,1374,10.6,999,379,138,1316,1776,10.2,67.3,0.8373,2004,12,25,6,11
6954,3.4,1458,13.2,1090,436,147,1383,1898,10.7,65.0,0.8378,2004,12,25,6,12
6955,5.5,1609,18.1,1243,602,178,1491,2100,11.4,62.9,0.8454,2004,12,25,6,13
6956,4.0,1424,13.2,1090,507,176,1351,1896,12.2,61.1,0.8652,2004,12,25,6,14
6957,2.4,1331,9.7,966,266,159,1266,1745,12.1,61.8,0.8723,2004,12,25,6,15
6958,3.1,1434,13.3,1093,335,168,1366,1893,11.7,65.6,0.898,2004,12,25,6,16
6959,4.0,1542,15.4,1161,464,181,1435,1972,11.4,67.9,0.9119,2004,12,25,6,17
6960,4.6,1651,17.8,1234,527,184,1513,2020,11.2,70.8,0.9386,2004,12,25,6,18
6961,4.8,1633,18.0,1240,592,170,1555,1906,10.9,75.9,0.9868,2004,12,25,6,19
6962,6.2,1739,21.3,1333,821,174,1689,1832,11.3,78.3,1.0455,2004,12,25,6,20
6963,4.6,1523,14.5,1132,538,136,1488,1470,10.3,82.8,1.0369,2004,12,25,6,21
6964,4.5,1543,15.8,1174,513,127,1542,1494,10.4,82.5,1.0406,2004,12,25,6,22
6965,4.2,1469,13.1,1086,514,125,1485,1394,11.0,81.7,1.0727,2004,12,25,6,23
6966,2.6,1271,7.7,886,345,121,1321,1113,11.7,79.8,1.0964,2004,12,26,7,0
6967,1.6,1161,6.0,810,231,117,1281,958,11.6,80.0,1.0924,2004,12,26,7,1
6968,1.3,1053,3.5,680,166,108,1166,807,11.3,80.1,1.0741,2004,12,26,7,2
6969,0.6,916,1.5,541,141,96,1064,536,11.7,74.1,1.0167,2004,12,26,7,3
6970,0.5,900,1.2,522,61,55,1070,471,10.8,78.7,1.0202,2004,12,26,7,4
6971,0.4,855,0.8,479,49,46,1068,450,10.7,81.5,1.0497,2004,12,26,7,5
6972,0.3,848,0.7,464,54,46,1062,438,10.9,80.3,1.0444,2004,12,26,7,6
6973,0.4,873,0.9,485,78,67,1083,512,10.7,80.7,1.0377,2004,12,26,7,7
6974,0.6,945,1.8,569,136,90,1135,632,10.5,81.8,1.0416,2004,12,26,7,8
6975,0.9,1003,2.5,618,198,117,1159,754,10.4,82.9,1.0419,2004,12,26,7,9
6976,1.1,1041,3.1,659,211,118,1188,792,10.6,82.1,1.0451,2004,12,26,7,10
6977,1.0,1036,3.5,685,183,112,1168,776,11.5,72.6,0.9846,2004,12,26,7,11
6978,1.6,1124,5.7,799,277,134,1231,969,12.8,65.5,0.964,2004,12,26,7,12
6979,1.8,1130,5.8,803,267,127,1230,975,13.9,60.9,0.9644,2004,12,26,7,13
6980,1.0,991,2.7,632,123,88,1114,637,14.9,57.9,0.9726,2004,12,26,7,14
6981,0.8,988,2.2,596,68,57,1118,541,14.8,63.5,1.0592,2004,12,26,7,15
6982,1.4,1163,5.8,801,186,99,1288,876,13.6,68.9,1.0699,2004,12,26,7,16
6983,2.1,1226,6.9,853,321,129,1307,1029,13.6,68.9,1.0661,2004,12,26,7,17
6984,2.3,1286,9.1,942,343,137,1362,1103,13.5,67.1,1.0357,2004,12,26,7,18
6985,3.5,1423,14.0,1116,550,146,1531,1369,12.3,75.4,1.0768,2004,12,26,7,19
6986,3.8,1408,13.1,1088,598,139,1504,1381,11.7,80.0,1.0938,2004,12,26,7,20
6987,2.4,1178,7.2,866,390,128,1342,1094,11.8,82.7,1.1381,2004,12,26,7,21
6988,1.0,985,3.8,701,159,106,1187,835,11.8,77.5,1.0741,2004,12,26,7,22
6989,1.3,1113,5.2,776,193,114,1217,881,12.0,72.3,1.0095,2004,12,26,7,23
6990,2.3,1178,7.4,873,316,137,1328,987,11.2,79.6,1.0587,2004,12,27,1,0
6991,1.5,1024,3.9,705,199,114,1168,807,11.5,74.2,1.0063,2004,12,27,1,1
6992,1.1,954,2.7,630,134,92,1107,664,11.6,68.9,0.9411,2004,12,27,1,2
6993,0.6,875,1.5,548,141,96,1049,525,11.5,67.4,0.9106,2004,12,27,1,3
6994,0.7,877,1.3,526,63,55,1023,496,11.7,64.6,0.8888,2004,12,27,1,4
6995,0.4,826,0.7,465,50,46,978,433,11.9,61.1,0.8527,2004,12,27,1,5
6996,0.5,862,1.4,535,93,67,1020,524,12.5,57.3,0.8269,2004,12,27,1,6
6997,0.8,938,3.0,653,161,95,1100,747,12.3,60.1,0.8562,2004,12,27,1,7
6998,1.9,1205,9.1,943,368,133,1361,1052,11.5,68.7,0.9302,2004,12,27,1,8
6999,2.3,1171,10.0,978,344,138,1374,1092,12.5,63.2,0.9113,2004,12,27,1,9
7000,1.9,1131,8.6,926,288,127,1324,1036,12.9,63.2,0.9335,2004,12,27,1,10
7001,1.6,1074,6.4,832,244,119,1230,934,13.5,59.9,0.9261,2004,12,27,1,11
7002,1.4,1062,6.2,822,224,113,1228,917,13.4,61.3,0.9379,2004,12,27,1,12
7003,1.5,1045,5.7,800,206,109,1193,839,14.4,57.1,0.9309,2004,12,27,1,13
7004,1.4,1034,5.0,763,163,97,1192,761,15.0,57.2,0.9698,2004,12,27,1,14
7005,2.0,1186,8.0,899,296,117,1332,926,12.4,72.6,1.0422,2004,12,27,1,15
7006,2.5,1256,10.5,996,386,132,1417,1104,12.8,73.6,1.0851,2004,12,27,1,16
7007,2.2,1138,6.9,854,262,117,1276,911,13.3,68.2,1.0356,2004,12,27,1,17
7008,2.0,1138,7.8,891,212,110,1295,918,13.4,66.6,1.0187,2004,12,27,1,18
7009,2.1,1114,8.0,899,245,119,1279,948,13.3,63.6,0.9661,2004,12,27,1,19
7010,2.1,1107,8.1,905,263,116,1288,966,12.9,62.4,0.9258,2004,12,27,1,20
7011,2.1,1117,7.5,876,300,123,1264,1057,12.4,64.7,0.9266,2004,12,27,1,21
7012,1.6,1090,6.0,812,242,117,1213,1001,12.1,65.6,0.9222,2004,12,27,1,22
7013,1.1,954,3.2,665,152,100,1119,777,11.3,69.8,0.932,2004,12,27,1,23
7014,1.2,987,4.1,715,165,101,1145,797,11.0,68.7,0.9001,2004,12,28,2,0
7015,1.5,969,3.1,659,141,96,1082,691,11.1,65.3,0.8601,2004,12,28,2,1
7016,1.5,939,2.9,648,141,96,1084,680,10.2,66.9,0.8323,2004,12,28,2,2
7017,1.5,961,3.0,654,141,96,1084,755,9.5,70.1,0.8343,2004,12,28,2,3
7018,1.5,916,2.5,623,141,96,1064,725,9.8,69.4,0.8397,2004,12,28,2,4
7019,1.5,835,0.9,484,141,96,961,432,10.7,62.5,0.802,2004,12,28,2,5
7020,1.5,885,1.8,572,141,96,1031,612,10.4,64.8,0.8138,2004,12,28,2,6
7021,1.5,1088,6.6,839,141,96,1236,951,9.7,73.1,0.8772,2004,12,28,2,7
7022,1.5,1358,15.3,1158,141,96,1537,1326,9.3,77.0,0.9018,2004,12,28,2,8
7023,1.5,1456,23.4,1389,141,96,1808,1504,9.1,77.1,0.8947,2004,12,28,2,9
7024,1.5,1274,15.3,1159,141,96,1493,1326,10.6,67.9,0.8666,2004,12,28,2,10
7025,1.5,1092,9.2,946,141,96,1234,1043,12.7,56.7,0.8304,2004,12,28,2,11
7026,1.5,1111,10.4,993,141,96,1287,1058,13.0,53.9,0.8029,2004,12,28,2,12
7027,1.5,1177,14.8,1143,141,96,1443,1205,13.9,49.0,0.7727,2004,12,28,2,13
7028,1.5,1199,14.6,1138,141,96,1452,1203,14.4,49.2,0.8027,2004,12,28,2,14
7029,1.5,1121,10.7,1003,141,96,1323,1058,14.3,48.6,0.79,2004,12,28,2,15
7030,1.5,1252,15.5,1164,141,96,1474,1257,13.6,52.8,0.8177,2004,12,28,2,16
7031,1.5,1233,14.9,1144,141,96,1436,1271,13.1,54.3,0.8167,2004,12,28,2,17
7032,1.5,1215,12.4,1063,141,96,1370,1214,12.4,59.3,0.853,2004,12,28,2,18
7033,1.5,1193,11.2,1020,141,96,1340,1135,12.1,61.5,0.8677,2004,12,28,2,19
7034,1.5,1195,11.3,1026,141,96,1342,1150,12.0,60.8,0.852,2004,12,28,2,20
7035,1.5,1301,12.9,1080,141,96,1435,1248,11.0,73.8,0.9677,2004,12,28,2,21
7036,1.5,1126,6.4,828,141,96,1250,955,9.6,82.9,0.99,2004,12,28,2,22
7037,1.5,1013,3.6,687,141,96,1135,726,8.6,83.5,0.9372,2004,12,28,2,23
7038,1.5,982,2.9,645,141,96,1107,708,8.7,83.0,0.9393,2004,12,29,3,0
7039,1.5,970,2.8,642,141,96,1107,704,8.8,81.2,0.9214,2004,12,29,3,1
7040,1.5,959,2.8,637,141,96,1107,667,8.9,79.0,0.9032,2004,12,29,3,2
7041,1.5,925,2.2,598,141,96,1079,662,9.0,76.5,0.8828,2004,12,29,3,3
7042,1.5,847,1.0,502,141,96,1020,508,9.0,75.8,0.8721,2004,12,29,3,4
7043,1.5,885,1.4,534,141,96,1036,529,9.1,73.9,0.8576,2004,12,29,3,5
7044,1.5,883,1.6,549,141,96,1025,607,9.4,70.9,0.8386,2004,12,29,3,6
7045,1.5,892,2.0,587,141,96,1041,623,10.1,65.9,0.8148,2004,12,29,3,7
7046,1.5,970,3.4,678,141,96,1101,732,10.1,64.6,0.7967,2004,12,29,3,8
7047,1.5,904,2.9,644,141,96,1036,697,9.3,64.7,0.7575,2004,12,29,3,9
7048,1.5,919,3.0,652,141,96,1045,712,9.9,61.3,0.7499,2004,12,29,3,10
7049,1.5,929,3.3,668,141,96,1054,696,10.6,59.9,0.7674,2004,12,29,3,11
7050,1.5,938,4.3,729,141,96,1060,702,11.1,55.3,0.7325,2004,12,29,3,12
7051,1.5,971,5.5,786,141,96,1086,796,12.0,49.3,0.69,2004,12,29,3,13
7052,1.5,914,4.5,739,141,96,1025,714,11.6,46.8,0.6397,2004,12,29,3,14
7053,1.5,892,4.1,719,141,96,1019,635,12.0,44.0,0.6169,2004,12,29,3,15
7054,1.5,913,4.5,735,141,96,1024,706,11.8,44.3,0.6141,2004,12,29,3,16
7055,1.5,928,4.9,759,141,96,1040,775,11.3,45.4,0.6063,2004,12,29,3,17
7056,1.5,1035,9.0,941,141,96,1175,965,11.3,44.1,0.5909,2004,12,29,3,18
7057,1.5,1033,9.0,939,141,96,1159,979,11.2,45.1,0.5971,2004,12,29,3,19
7058,1.5,990,7.2,865,141,96,1130,902,10.8,47.3,0.6122,2004,12,29,3,20
7059,1.5,934,4.7,750,141,96,1035,798,10.7,47.7,0.6127,2004,12,29,3,21
7060,1.5,881,3.3,670,141,96,978,697,10.5,46.9,0.5956,2004,12,29,3,22
7061,1.5,855,2.7,631,141,96,932,626,10.2,45.4,0.5632,2004,12,29,3,23
7062,1.5,832,2.2,598,141,96,912,537,9.7,46.0,0.5546,2004,12,30,4,0
7063,1.5,848,2.8,639,141,96,929,574,9.8,45.2,0.5489,2004,12,30,4,1
7064,1.5,806,1.8,567,141,96,878,490,9.4,45.4,0.5355,2004,12,30,4,2
7065,1.5,796,1.5,545,141,96,853,450,9.3,44.0,0.5153,2004,12,30,4,3
7066,1.5,777,0.9,493,141,96,828,438,8.8,45.2,0.5134,2004,12,30,4,4
7067,1.5,785,1.1,505,141,96,829,428,8.7,45.6,0.5128,2004,12,30,4,5
7068,1.5,766,0.7,470,141,96,810,404,8.5,44.8,0.498,2004,12,30,4,6
7069,1.5,808,1.4,534,141,96,853,480,8.7,43.4,0.4905,2004,12,30,4,7
7070,1.5,975,6.2,822,141,96,1049,876,8.5,43.6,0.4865,2004,12,30,4,8
7071,1.5,943,6.1,816,141,96,1033,868,8.8,42.0,0.4773,2004,12,30,4,9
7072,1.5,886,5.0,764,141,96,946,740,10.8,35.1,0.4549,2004,12,30,4,10
7073,1.5,861,4.1,716,141,96,921,628,11.7,34.4,0.4712,2004,12,30,4,11
7074,1.5,881,4.4,734,141,96,925,636,12.6,31.7,0.4613,2004,12,30,4,12
7075,1.5,855,4.6,741,141,96,901,616,12.5,30.3,0.4367,2004,12,30,4,13
7076,1.5,855,4.3,725,141,96,898,613,11.4,32.8,0.4424,2004,12,30,4,14
7077,1.5,844,3.6,689,141,96,867,545,12.1,31.1,0.4383,2004,12,30,4,15
7078,1.5,900,5.6,794,141,96,930,710,12.3,29.7,0.4226,2004,12,30,4,16
7079,1.5,883,4.8,751,141,96,922,661,9.8,36.4,0.4414,2004,12,30,4,17
7080,1.5,994,8.1,903,141,96,1079,922,9.3,40.8,0.4781,2004,12,30,4,18
7081,1.5,927,5.2,774,141,96,976,755,8.6,45.1,0.5038,2004,12,30,4,19
7082,1.5,1078,10.2,987,141,96,1152,1015,9.3,41.7,0.4884,2004,12,30,4,20
7083,1.5,952,5.5,788,141,96,1018,876,8.7,44.3,0.4998,2004,12,30,4,21
7084,1.5,882,3.1,660,141,96,922,727,8.0,47.6,0.5113,2004,12,30,4,22
7085,1.5,924,4.2,724,141,96,969,781,7.7,47.2,0.4975,2004,12,30,4,23
7086,1.5,987,6.2,823,141,96,1027,893,7.2,50.2,0.5118,2004,12,31,5,0
7087,1.5,930,4.8,752,141,96,981,820,6.9,50.3,0.5029,2004,12,31,5,1
7088,1.5,861,3.0,654,141,96,919,632,6.7,50.7,0.4998,2004,12,31,5,2
7089,1.5,783,1.2,522,141,96,832,458,7.6,46.4,0.4869,2004,12,31,5,3
7090,1.5,744,0.4,431,141,96,778,345,7.4,45.7,0.4714,2004,12,31,5,4
7091,1.5,753,0.4,426,141,96,792,337,6.9,49.3,0.4913,2004,12,31,5,5
7092,1.5,787,0.6,452,141,96,823,370,7.8,48.1,0.5095,2004,12,31,5,6
7093,1.5,820,1.1,506,141,96,871,466,8.1,47.8,0.5157,2004,12,31,5,7
7094,1.5,840,1.6,552,141,96,893,510,8.5,46.7,0.5191,2004,12,31,5,8
7095,1.5,897,3.1,656,141,96,964,641,8.9,44.1,0.5039,2004,12,31,5,9
7096,1.5,989,5.6,793,141,96,1052,862,9.4,42.5,0.5038,2004,12,31,5,10
7097,1.5,909,4.5,737,141,96,941,753,10.8,36.3,0.4712,2004,12,31,5,11
7098,1.5,865,3.8,697,141,96,883,589,11.9,30.6,0.4264,2004,12,31,5,12
7099,1.5,924,6.2,821,141,96,955,704,12.2,29.7,0.4205,2004,12,31,5,13
7100,1.5,912,5.6,794,141,96,943,731,12.0,31.1,0.434,2004,12,31,5,14
7101,1.5,872,4.1,717,141,96,882,592,12.7,28.4,0.416,2004,12,31,5,15
7102,1.5,917,5.6,794,141,96,946,740,13.3,27.5,0.4185,2004,12,31,5,16
7103,1.5,962,7.6,883,141,96,996,896,11.4,30.8,0.4148,2004,12,31,5,17
7104,1.5,932,6.1,817,141,96,942,854,9.8,34.0,0.4112,2004,12,31,5,18
7105,1.5,930,5.3,781,141,96,906,866,9.3,33.6,0.3958,2004,12,31,5,19
7106,1.5,962,5.3,780,141,96,909,884,9.6,32.3,0.3871,2004,12,31,5,20
7107,1.5,974,5.5,790,141,96,895,951,9.1,32.5,0.3766,2004,12,31,5,21
7108,1.5,1055,5.6,791,141,96,936,1195,9.1,37.2,0.431,2004,12,31,5,22
7109,1.5,1003,4.6,744,141,96,899,1138,7.8,38.4,0.4085,2004,12,31,5,23
7110,1.5,1046,4.2,724,141,96,898,1201,8.2,40.1,0.4375,2005,1,1,6,0
7111,1.6,1275,8.8,930,215,106,1024,1617,5.3,50.7,0.4564,2005,1,1,6,1
7112,2.5,1173,7.5,878,300,129,1002,1355,5.9,50.0,0.4689,2005,1,1,6,2
7113,2.7,1163,7.6,881,141,96,1001,1296,4.9,53.9,0.4693,2005,1,1,6,3
7114,1.9,1054,5.6,791,253,126,967,1131,4.3,55.3,0.465,2005,1,1,6,4
7115,1.4,1004,4.8,753,181,106,942,1036,4.2,57.1,0.4759,2005,1,1,6,5
7116,1.5,1001,5.3,777,171,99,954,1009,3.5,58.3,0.4636,2005,1,1,6,6
7117,1.4,974,4.5,736,168,97,945,966,3.0,60.7,0.4667,2005,1,1,6,7
7118,1.1,915,3.0,653,169,94,905,901,2.6,63.2,0.4721,2005,1,1,6,8
7119,1.0,939,3.0,649,145,86,897,879,3.9,59.0,0.4807,2005,1,1,6,9
7120,1.2,973,4.7,748,190,97,968,991,4.7,57.2,0.4932,2005,1,1,6,10
7121,1.7,1011,5.4,782,225,113,992,1019,6.8,48.6,0.4822,2005,1,1,6,11
7122,2.3,1097,7.4,875,261,125,1080,1151,8.6,43.6,0.4887,2005,1,1,6,12
7123,2.2,1149,8.4,914,382,147,1072,1242,9.5,41.2,0.4908,2005,1,1,6,13
7124,2.4,1117,8.9,934,357,153,1075,1206,10.9,35.9,0.468,2005,1,1,6,14
7125,2.2,1085,7.9,896,299,147,1049,1138,12.5,32.3,0.467,2005,1,1,6,15
7126,2.1,1102,7.7,885,313,139,1051,1142,12.8,32.6,0.4814,2005,1,1,6,16
7127,3.0,1281,12.1,1053,510,165,1192,1438,10.9,39.7,0.5166,2005,1,1,6,17
7128,4.7,1472,16.6,1198,832,191,1344,1735,9.0,51.8,0.5961,2005,1,1,6,18
7129,3.6,1328,11.4,1029,622,172,1188,1611,8.1,54.1,0.5882,2005,1,1,6,19
7130,2.5,1198,7.9,897,402,151,1072,1436,7.8,54.6,0.5786,2005,1,1,6,20
7131,2.3,1176,8.1,905,334,137,1104,1389,6.2,59.6,0.5698,2005,1,1,6,21
7132,2.1,1118,6.4,830,295,130,1058,1313,5.7,59.9,0.5523,2005,1,1,6,22
7133,1.7,1091,5.2,773,222,115,1003,1232,5.6,59.7,0.5463,2005,1,1,6,23
7134,1.8,1078,5.2,775,230,112,1012,1195,4.7,62.9,0.5424,2005,1,2,7,0
7135,1.6,1043,4.3,726,195,105,972,1107,4.5,63.5,0.5411,2005,1,2,7,1
7136,1.3,992,3.6,685,167,96,963,1035,4.5,63.6,0.5414,2005,1,2,7,2
7137,1.3,1004,4.5,739,141,96,1004,1030,3.1,70.0,0.5388,2005,1,2,7,3
7138,1.3,947,3.3,673,148,87,974,929,3.2,68.3,0.531,2005,1,2,7,4
7139,1.1,923,2.7,634,123,75,943,875,3.1,69.2,0.5337,2005,1,2,7,5
7140,1.0,911,2.4,613,148,82,934,861,2.4,71.9,0.5288,2005,1,2,7,6
7141,1.0,924,2.6,629,143,83,941,852,3.1,68.7,0.5317,2005,1,2,7,7
7142,1.2,954,3.4,674,180,88,981,891,2.1,73.1,0.5289,2005,1,2,7,8
7143,1.3,960,3.9,704,226,106,1003,947,3.3,68.2,0.5346,2005,1,2,7,9
7144,1.6,1016,4.9,760,254,112,1044,1016,4.1,65.8,0.5451,2005,1,2,7,10
7145,2.2,1139,7.5,879,372,141,1092,1201,6.6,56.6,0.5528,2005,1,2,7,11
7146,2.2,1130,7.1,860,379,148,1058,1218,8.0,51.2,0.5516,2005,1,2,7,12
7147,2.8,1237,9.6,962,478,171,1138,1385,10.3,44.9,0.5612,2005,1,2,7,13
7148,2.1,1159,6.5,837,344,160,1087,1311,12.3,41.7,0.5961,2005,1,2,7,14
7149,1.6,1124,5.5,790,258,137,1071,1206,13.5,41.3,0.6342,2005,1,2,7,15
7150,2.8,1312,10.5,998,474,167,1249,1473,13.4,43.1,0.66,2005,1,2,7,16
7151,2.6,1246,8.9,936,438,164,1182,1460,9.9,53.3,0.6504,2005,1,2,7,17
7152,2.8,1232,8.8,931,451,166,1171,1627,8.9,54.6,0.6226,2005,1,2,7,18
7153,2.9,1286,10.5,996,473,167,1217,1827,8.9,54.8,0.6244,2005,1,2,7,19
7154,3.4,1347,13.0,1084,560,174,1290,2004,8.3,58.2,0.6391,2005,1,2,7,20
7155,2.9,1053,7.9,895,470,160,1446,942,17.2,48.6,0.9768,2005,1,2,7,21
7156,3.2,1053,7.9,895,506,169,1446,942,17.2,48.6,0.9768,2005,1,2,7,22
7157,3.1,1053,7.9,895,482,162,1446,942,17.2,48.6,0.9768,2005,1,2,7,23
7158,3.0,1053,7.9,895,436,149,1446,942,17.2,48.6,0.9768,2005,1,3,1,0
7159,3.4,1053,7.9,895,472,158,1446,942,17.2,48.6,0.9768,2005,1,3,1,1
7160,3.0,1053,7.9,895,379,143,1446,942,17.2,48.6,0.9768,2005,1,3,1,2
7161,2.7,1053,7.9,895,141,96,1446,942,17.2,48.6,0.9768,2005,1,3,1,3
7162,1.5,1053,7.9,895,286,121,1446,942,17.2,48.6,0.9768,2005,1,3,1,4
7163,1.1,1053,7.9,895,155,92,1446,942,17.2,48.6,0.9768,2005,1,3,1,5
7164,1.4,1053,7.9,895,264,102,1446,942,17.2,48.6,0.9768,2005,1,3,1,6
7165,1.8,1053,7.9,895,366,121,1446,942,17.2,48.6,0.9768,2005,1,3,1,7
7166,3.6,1053,7.9,895,622,164,1446,942,17.2,48.6,0.9768,2005,1,3,1,8
7167,3.1,1053,7.9,895,551,175,1446,942,17.2,48.6,0.9768,2005,1,3,1,9
7168,1.9,1053,7.9,895,349,130,1446,942,17.2,48.6,0.9768,2005,1,3,1,10
7169,1.7,1053,7.9,895,285,117,1446,942,17.2,48.6,0.9768,2005,1,3,1,11
7170,1.7,1053,7.9,895,265,115,1446,942,17.2,48.6,0.9768,2005,1,3,1,12
7171,1.6,1053,7.9,895,222,106,1446,942,17.2,48.6,0.9768,2005,1,3,1,13
7172,1.6,1053,7.9,895,237,102,1446,942,17.2,48.6,0.9768,2005,1,3,1,14
7173,1.7,1053,7.9,895,294,122,1446,942,17.2,48.6,0.9768,2005,1,3,1,15
7174,2.2,1053,7.9,895,329,138,1446,942,17.2,48.6,0.9768,2005,1,3,1,16
7175,3.3,1053,7.9,895,487,162,1446,942,17.2,48.6,0.9768,2005,1,3,1,17
7176,3.9,1053,7.9,895,604,177,1446,942,17.2,48.6,0.9768,2005,1,3,1,18
7178,4.2,1053,7.9,895,653,182,1446,942,17.2,48.6,0.9768,2005,1,3,1,20
7179,3.2,1053,7.9,895,509,163,1446,942,17.2,48.6,0.9768,2005,1,3,1,21
7180,1.7,1053,7.9,895,277,135,1446,942,17.2,48.6,0.9768,2005,1,3,1,22
7181,1.5,1053,7.9,895,268,130,1446,942,17.2,48.6,0.9768,2005,1,3,1,23
7182,1.3,1053,7.9,895,193,117,1446,942,17.2,48.6,0.9768,2005,1,4,2,0
7183,1.2,1053,7.9,895,167,104,1446,942,17.2,48.6,0.9768,2005,1,4,2,1
7184,1.3,1053,7.9,895,159,97,1446,942,17.2,48.6,0.9768,2005,1,4,2,2
7185,0.8,1053,7.9,895,141,96,1446,942,17.2,48.6,0.9768,2005,1,4,2,3
7186,0.6,1053,7.9,895,89,72,1446,942,17.2,48.6,0.9768,2005,1,4,2,4
7187,0.8,1053,7.9,895,97,71,1446,942,17.2,48.6,0.9768,2005,1,4,2,5
7188,0.9,1053,7.9,895,182,94,1446,942,17.2,48.6,0.9768,2005,1,4,2,6
7189,1.1,1053,7.9,895,262,118,1446,942,17.2,48.6,0.9768,2005,1,4,2,7
7190,3.4,1053,7.9,895,561,174,1446,942,17.2,48.6,0.9768,2005,1,4,2,8
7191,3.6,1053,7.9,895,540,170,1446,942,17.2,48.6,0.9768,2005,1,4,2,9
7192,3.1,1053,7.9,895,480,171,1446,942,17.2,48.6,0.9768,2005,1,4,2,10
7193,3.3,1053,7.9,895,608,196,1446,942,17.2,48.6,0.9768,2005,1,4,2,11
7194,3.4,1053,7.9,895,584,191,1446,942,17.2,48.6,0.9768,2005,1,4,2,12
7195,2.8,1053,7.9,895,426,165,1446,942,17.2,48.6,0.9768,2005,1,4,2,13
7196,2.6,1053,7.9,895,397,148,1446,942,17.2,48.6,0.9768,2005,1,4,2,14
7197,3.0,1053,7.9,895,473,172,1446,942,17.2,48.6,0.9768,2005,1,4,2,15
7198,2.9,1053,7.9,895,369,165,1446,942,17.2,48.6,0.9768,2005,1,4,2,16
7199,3.8,1053,7.9,895,532,184,1446,942,17.2,48.6,0.9768,2005,1,4,2,17
7200,3.8,1053,7.9,895,498,173,1446,942,17.2,48.6,0.9768,2005,1,4,2,18
7201,3.6,1053,7.9,895,487,174,1446,942,17.2,48.6,0.9768,2005,1,4,2,19
7202,4.5,1053,7.9,895,629,181,1446,942,17.2,48.6,0.9768,2005,1,4,2,20
7203,3.7,1053,7.9,895,502,166,1446,942,17.2,48.6,0.9768,2005,1,4,2,21
7204,2.4,1053,7.9,895,381,150,1446,942,17.2,48.6,0.9768,2005,1,4,2,22
7205,1.7,1053,7.9,895,250,131,1446,942,17.2,48.6,0.9768,2005,1,4,2,23
7206,1.7,1053,7.9,895,266,129,1446,942,17.2,48.6,0.9768,2005,1,5,3,0
7207,1.7,1135,5.6,792,226,120,1170,1151,9.5,69.5,0.8261,2005,1,5,3,1
7208,1.9,1188,8.1,901,259,119,1261,1185,9.1,70.9,0.8176,2005,1,5,3,2
7209,2.0,1242,8.5,921,141,96,1219,1374,8.1,72.1,0.7798,2005,1,5,3,3
7210,2.0,1219,7.7,889,260,111,1186,1405,7.9,72.1,0.7679,2005,1,5,3,4
7211,1.7,1187,6.8,850,242,109,1169,1383,7.6,72.7,0.7598,2005,1,5,3,5
7212,1.8,1225,8.1,904,267,110,1194,1460,7.5,71.7,0.7439,2005,1,5,3,6
7213,2.2,1333,11.1,1019,411,126,1275,1612,7.9,70.6,0.7562,2005,1,5,3,7
7214,3.7,1489,16.4,1193,670,148,1475,1776,8.6,69.0,0.7732,2005,1,5,3,8
7215,4.8,1596,21.6,1341,830,162,1672,1991,9.1,67.5,0.7831,2005,1,5,3,9
7216,4.8,1585,19.3,1277,845,173,1567,1944,9.8,65.8,0.7967,2005,1,5,3,10
7217,5.2,1674,22.9,1376,992,198,1643,2098,11.2,61.9,0.8226,2005,1,5,3,11
7220,3.1,1295,13.2,1090,459,155,1479,1441,14.3,61.2,0.9941,2005,1,5,3,14
7221,2.6,1288,13.9,1112,346,150,1492,1380,14.6,59.6,0.9824,2005,1,5,3,15
7222,2.8,1281,13.8,1111,383,148,1483,1409,14.2,60.0,0.9684,2005,1,5,3,16
7223,2.8,1310,13.5,1099,414,158,1481,1445,13.8,62.6,0.9862,2005,1,5,3,17
7224,2.8,1276,13.5,1099,370,152,1504,1388,13.6,64.0,0.9891,2005,1,5,3,18
7225,3.1,1312,15.0,1148,400,148,1525,1411,13.4,64.5,0.9865,2005,1,5,3,19
7226,3.3,1332,14.9,1146,378,147,1523,1377,13.5,64.7,0.9971,2005,1,5,3,20
7227,2.7,1248,11.9,1046,357,144,1404,1316,13.4,65.3,0.9967,2005,1,5,3,21
7228,2.3,1182,9.2,947,333,144,1334,1210,13.2,64.5,0.9732,2005,1,5,3,22
7229,1.6,1059,6.0,810,227,126,1200,1002,13.2,62.3,0.9392,2005,1,5,3,23
7230,1.6,1056,5.6,795,203,115,1187,896,12.5,63.7,0.9196,2005,1,6,4,0
7231,1.7,1064,5.4,785,210,116,1184,946,12.3,64.6,0.9229,2005,1,6,4,1
7232,1.6,1059,5.4,783,198,112,1188,877,12.5,63.8,0.9244,2005,1,6,4,2
7233,1.4,991,3.5,681,141,96,1125,718,12.6,62.7,0.9121,2005,1,6,4,3
7234,1.5,950,2.5,622,89,67,1093,643,12.0,64.6,0.906,2005,1,6,4,4
7235,0.9,1005,3.4,679,89,67,1120,745,10.7,69.5,0.8919,2005,1,6,4,5
7236,0.8,939,1.8,568,101,72,1054,656,12.4,62.6,0.8994,2005,1,6,4,6
7237,0.7,961,2.6,629,104,69,1114,682,12.3,62.7,0.8947,2005,1,6,4,7
7238,1.1,1017,4.0,712,192,107,1147,829,11.4,66.6,0.8948,2005,1,6,4,8
7239,1.5,1108,6.2,823,237,117,1247,961,11.1,70.2,0.9276,2005,1,6,4,9
7240,1.5,1122,5.8,803,211,115,1225,960,13.4,61.0,0.9348,2005,1,6,4,10
7241,1.6,1099,6.3,826,230,120,1223,940,15.9,52.2,0.9377,2005,1,6,4,11
7242,1.6,1124,5.9,805,240,128,1233,938,15.6,54.0,0.9515,2005,1,6,4,12
7243,2.0,1186,8.5,921,295,138,1310,1040,16.3,51.5,0.9462,2005,1,6,4,13
7244,1.7,1096,6.2,819,243,127,1238,904,16.5,50.8,0.9442,2005,1,6,4,14
7245,1.5,1120,6.4,829,196,111,1259,910,16.3,51.9,0.9535,2005,1,6,4,15
7246,2.0,1185,7.9,893,237,122,1312,1011,16.2,53.0,0.9687,2005,1,6,4,16
7247,1.9,1173,7.7,885,274,134,1288,1038,15.6,54.8,0.966,2005,1,6,4,17
7248,2.1,1221,8.9,935,352,153,1323,1144,14.5,57.5,0.944,2005,1,6,4,18
7249,2.8,1330,12.4,1063,488,169,1419,1352,14.0,60.1,0.9566,2005,1,6,4,19
7250,2.7,1325,11.3,1027,426,162,1394,1365,13.5,63.0,0.9686,2005,1,6,4,20
7251,2.4,1195,8.4,915,376,152,1295,1245,12.6,65.4,0.9529,2005,1,6,4,21
7252,1.6,1150,7.3,869,237,127,1252,1203,12.0,67.5,0.9413,2005,1,6,4,22
7253,1.7,1145,5.9,806,199,112,1207,1120,10.5,72.0,0.912,2005,1,6,4,23
7254,1.3,1041,4.3,729,164,98,1130,972,10.0,70.9,0.8706,2005,1,7,5,0
7255,1.4,1032,3.6,687,142,89,1109,878,9.8,70.7,0.8571,2005,1,7,5,1
7256,1.2,1010,3.1,661,142,82,1100,853,8.0,75.0,0.8098,2005,1,7,5,2
7257,1.0,951,2.5,620,141,96,1077,779,7.9,75.1,0.805,2005,1,7,5,3
7258,1.0,944,2.5,617,127,77,1039,766,7.0,77.3,0.7782,2005,1,7,5,4
7259,0.6,862,1.4,540,73,55,999,670,7.2,74.4,0.7581,2005,1,7,5,5
7260,0.7,909,1.8,567,100,63,993,694,6.7,75.0,0.7418,2005,1,7,5,6
7261,1.0,965,3.1,659,126,69,1059,739,6.4,76.3,0.7389,2005,1,7,5,7
7262,1.7,1102,7.6,884,284,99,1218,940,6.0,78.5,0.7377,2005,1,7,5,8
7263,3.0,1226,15.3,1157,419,125,1464,1201,6.3,77.4,0.7452,2005,1,7,5,9
7264,2.4,1132,9.3,950,432,123,1253,1106,7.7,73.8,0.7769,2005,1,7,5,10
7265,2.2,1183,11.0,1013,310,128,1306,1186,10.2,61.5,0.7638,2005,1,7,5,11
7266,2.6,1211,10.6,998,446,149,1298,1302,11.3,58.1,0.7743,2005,1,7,5,12
7267,2.5,1253,11.4,1030,464,137,1351,1368,10.6,62.3,0.7981,2005,1,7,5,13
7268,3.0,1311,13.1,1088,505,147,1402,1452,11.1,62.0,0.8199,2005,1,7,5,14
7269,3.3,1341,14.8,1142,564,168,1454,1537,12.6,57.7,0.8387,2005,1,7,5,15
7270,3.8,1432,16.5,1195,625,180,1513,1651,13.3,56.2,0.8548,2005,1,7,5,16
7271,3.6,1404,16.5,1195,590,170,1501,1623,11.2,65.3,0.8639,2005,1,7,5,17
7272,5.0,1493,21.5,1337,712,180,1638,1742,8.8,74.6,0.8434,2005,1,7,5,18
7273,5.7,1478,22.2,1357,723,178,1652,1639,7.2,78.5,0.803,2005,1,7,5,19
7274,5.0,1411,20.5,1311,707,159,1589,1537,6.5,80.0,0.7789,2005,1,7,5,20
7275,4.8,1387,17.7,1231,737,156,1487,1463,5.8,83.8,0.7768,2005,1,7,5,21
7276,3.9,1306,15.4,1161,646,146,1407,1379,5.5,83.5,0.7619,2005,1,7,5,22
7277,3.3,1232,11.6,1035,536,132,1296,1256,5.8,81.3,0.7568,2005,1,7,5,23
7278,3.4,1277,13.0,1085,567,137,1329,1344,5.4,82.6,0.7495,2005,1,8,6,0
7279,2.4,1063,6.7,843,357,114,1125,1089,6.4,76.3,0.7369,2005,1,8,6,1
7280,1.4,991,4.6,744,187,95,1069,949,7.0,73.6,0.7417,2005,1,8,6,2
7281,1.4,989,3.8,701,141,96,1049,933,7.2,72.3,0.7392,2005,1,8,6,3
7282,1.2,972,3.4,674,169,88,1032,882,7.9,69.3,0.7413,2005,1,8,6,4
7283,1.2,973,3.4,675,184,94,1029,905,7.4,71.7,0.7434,2005,1,8,6,5
7284,1.2,985,3.6,691,205,97,1056,902,7.7,71.9,0.7575,2005,1,8,6,6
7285,1.3,1020,4.5,736,213,93,1069,923,8.1,68.0,0.7396,2005,1,8,6,7
7286,2.3,1192,10.0,978,415,113,1273,1210,6.7,77.1,0.7597,2005,1,8,6,8
7287,3.4,1325,14.7,1140,583,126,1403,1468,6.8,77.9,0.7756,2005,1,8,6,9
7288,3.0,1219,11.3,1026,462,133,1311,1329,8.9,66.7,0.7634,2005,1,8,6,10
7289,2.5,1195,10.4,992,387,141,1251,1295,11.6,54.1,0.7387,2005,1,8,6,11
7290,2.7,1230,11.2,1020,414,139,1301,1365,13.5,49.4,0.7598,2005,1,8,6,12
7291,2.8,1312,13.1,1087,440,147,1393,1452,13.8,50.9,0.796,2005,1,8,6,13
7292,3.6,1387,14.3,1127,516,175,1430,1615,13.4,55.9,0.8588,2005,1,8,6,14
7293,3.1,1375,12.8,1076,495,180,1377,1599,12.9,59.0,0.8736,2005,1,8,6,15
7294,4.3,1532,18.9,1265,643,194,1578,1777,13.3,59.0,0.8945,2005,1,8,6,16
7295,4.6,1531,17.9,1235,725,192,1541,1742,13.0,61.9,0.9224,2005,1,8,6,17
7296,4.3,1479,16.5,1196,683,188,1511,1739,12.5,63.6,0.9193,2005,1,8,6,18
7297,4.3,1521,16.9,1208,681,179,1549,1770,12.2,65.8,0.931,2005,1,8,6,19
7298,5.5,1616,22.4,1363,833,196,1701,1918,12.6,65.2,0.9474,2005,1,8,6,20
7299,3.4,1371,13.6,1105,514,169,1429,1581,13.3,63.6,0.9681,2005,1,8,6,21
7300,2.4,1198,9.1,943,371,151,1307,1291,13.5,62.6,0.9644,2005,1,8,6,22
7301,1.6,1102,6.0,813,213,123,1204,1000,14.1,59.6,0.9563,2005,1,8,6,23
7302,1.7,1120,6.3,826,242,127,1222,974,14.0,61.4,0.9773,2005,1,9,7,0
7303,1.6,1093,5.5,789,241,127,1206,949,13.5,63.4,0.9755,2005,1,9,7,1
7304,1.3,1112,5.6,791,218,118,1216,934,13.2,64.2,0.9706,2005,1,9,7,2
7305,0.8,986,3.4,674,141,96,1137,730,13.6,62.2,0.9643,2005,1,9,7,3
7306,1.5,934,2.3,609,70,55,1094,581,13.7,61.1,0.9537,2005,1,9,7,4
7307,0.6,919,1.8,571,54,44,1082,521,13.5,63.8,0.9801,2005,1,9,7,5
7308,0.6,929,1.6,556,60,46,1094,575,12.5,67.3,0.9743,2005,1,9,7,6
7309,0.5,919,1.6,552,55,46,1080,522,13.2,64.2,0.9664,2005,1,9,7,7
7310,0.6,944,2.0,586,93,61,1090,586,13.1,63.4,0.9535,2005,1,9,7,8
7311,0.7,943,1.9,580,81,60,1074,566,13.8,60.5,0.9526,2005,1,9,7,9
7312,0.9,1036,3.5,683,109,71,1144,693,13.7,60.4,0.939,2005,1,9,7,10
7313,1.5,1168,5.7,797,251,111,1235,1022,14.0,59.7,0.9495,2005,1,9,7,11
7314,1.9,1232,8.1,903,284,127,1313,1152,15.0,56.2,0.9539,2005,1,9,7,12
7315,1.9,1236,8.1,901,262,128,1311,1108,16.9,50.9,0.9714,2005,1,9,7,13
7316,2.2,1278,12.6,1070,256,142,1479,1110,16.6,52.4,0.981,2005,1,9,7,14
7317,3.8,1369,18.1,1242,310,145,1669,1306,16.4,53.2,0.9826,2005,1,9,7,15
7318,2.0,1182,8.7,929,269,145,1324,1029,16.1,52.8,0.9579,2005,1,9,7,16
7319,2.2,1210,8.8,933,348,156,1327,1094,15.7,54.4,0.9616,2005,1,9,7,17
7320,3.3,1316,14.1,1121,396,154,1488,1282,15.4,55.3,0.9616,2005,1,9,7,18
7321,2.7,1221,9.3,952,432,165,1334,1147,15.2,54.7,0.9362,2005,1,9,7,19
7322,2.6,1260,11.6,1034,419,153,1402,1208,14.7,56.6,0.9392,2005,1,9,7,20
7323,2.5,1231,9.6,962,412,151,1348,1192,14.4,58.2,0.9495,2005,1,9,7,21
7324,1.5,1115,5.8,804,223,131,1220,1136,14.3,59.2,0.9608,2005,1,9,7,22
7325,1.9,1180,7.5,877,242,128,1297,1131,14.0,60.4,0.9622,2005,1,9,7,23
7326,2.0,1174,7.4,873,288,137,1300,1071,13.7,63.6,0.9912,2005,1,10,1,0
7327,1.7,1178,7.4,876,209,119,1319,1059,13.1,68.7,1.0329,2005,1,10,1,1
7328,1.2,1052,3.9,704,141,96,1210,909,13.2,69.9,1.0526,2005,1,10,1,2
7329,0.9,998,2.1,591,141,96,1147,820,12.8,71.2,1.0454,2005,1,10,1,3
7330,0.6,960,1.3,532,66,60,1122,724,12.9,70.4,1.0444,2005,1,10,1,4
7331,1.5,958,1.8,571,64,54,1138,707,12.4,72.5,1.0411,2005,1,10,1,5
7332,1.5,989,3.0,650,105,66,1171,768,13.0,70.3,1.0502,2005,1,10,1,6
7333,0.4,1162,6.7,843,303,104,1336,1027,12.3,73.3,1.0448,2005,1,10,1,7
7334,2.6,1523,21.0,1324,620,137,1776,1502,12.8,71.8,1.0551,2005,1,10,1,8
7335,3.5,1511,21.4,1334,590,146,1804,1606,13.1,70.2,1.0567,2005,1,10,1,9
7336,2.1,1420,16.1,1183,592,136,1626,1520,12.8,71.8,1.0551,2005,1,10,1,10
7337,2.1,1413,16.4,1193,698,144,1598,1566,13.1,70.3,1.0566,2005,1,10,1,11
7338,1.7,1335,14.8,1141,482,133,1536,1501,13.7,67.0,1.0446,2005,1,10,1,12
7339,2.6,1451,20.1,1298,575,148,1744,1634,14.0,65.4,1.0427,2005,1,10,1,13
7340,2.6,1410,19.3,1276,548,155,1701,1587,14.4,63.8,1.0421,2005,1,10,1,14
7341,2.4,1429,19.3,1277,498,152,1721,1560,14.1,65.9,1.0531,2005,1,10,1,15
7342,2.4,1409,17.4,1223,479,145,1640,1538,14.1,65.9,1.0552,2005,1,10,1,16
7343,2.0,1372,17.0,1210,420,139,1629,1491,14.1,66.0,1.0539,2005,1,10,1,17
7344,2.0,1366,17.1,1213,378,134,1611,1469,14.0,66.4,1.0536,2005,1,10,1,18
7345,3.1,1365,16.4,1192,340,128,1593,1486,13.8,66.4,1.0451,2005,1,10,1,19
7346,3.3,1385,17.3,1218,399,135,1620,1494,13.4,68.1,1.0441,2005,1,10,1,20
7347,3.3,1361,14.6,1137,449,136,1526,1471,13.2,69.1,1.0452,2005,1,10,1,21
7348,2.6,1312,11.9,1047,374,126,1430,1399,13.0,70.0,1.042,2005,1,10,1,22
7349,1.7,1177,7.3,871,244,116,1292,1192,12.7,69.9,1.0223,2005,1,10,1,23
7350,1.8,1205,7.7,888,256,116,1292,1187,12.0,71.9,1.0071,2005,1,11,2,0
7351,1.5,1114,4.9,757,212,107,1204,1070,13.2,66.8,1.0087,2005,1,11,2,1
7352,1.1,1047,3.9,708,146,91,1167,949,12.4,69.5,0.9986,2005,1,11,2,2
7353,0.9,982,2.1,592,141,96,1106,830,13.1,65.7,0.9858,2005,1,11,2,3
7354,0.7,992,2.9,644,96,70,1128,854,11.8,70.6,0.9731,2005,1,11,2,4
7355,0.7,977,2.6,629,106,78,1129,835,12.3,68.0,0.9734,2005,1,11,2,5
7356,0.9,1047,3.3,671,115,75,1147,887,12.0,69.2,0.9697,2005,1,11,2,6
7357,1.3,1126,5.2,775,236,101,1205,1019,11.7,69.8,0.9612,2005,1,11,2,7
7358,3.2,1474,19.0,1268,583,136,1677,1503,12.1,67.6,0.95,2005,1,11,2,8
7359,5.1,1526,26.5,1466,662,147,1855,1687,12.5,65.1,0.9399,2005,1,11,2,9
7360,3.7,1386,15.3,1158,528,143,1485,1553,12.8,62.5,0.9213,2005,1,11,2,10
7361,3.2,1392,15.6,1166,549,153,1488,1624,13.4,59.9,0.9143,2005,1,11,2,11
7362,3.1,1363,16.4,1192,531,148,1501,1637,13.4,57.9,0.8895,2005,1,11,2,12
7363,3.0,1331,16.1,1184,493,149,1508,1533,13.6,56.4,0.8754,2005,1,11,2,13
7364,3.6,1401,18.8,1261,527,141,1580,1577,13.8,56.3,0.8841,2005,1,11,2,14
7365,3.2,1374,18.0,1239,487,147,1569,1532,13.7,57.9,0.9063,2005,1,11,2,15
7366,3.9,1436,20.1,1299,581,159,1616,1621,13.6,58.9,0.9139,2005,1,11,2,16
7367,3.4,1386,17.6,1228,531,152,1546,1578,13.4,59.7,0.9142,2005,1,11,2,17
7368,3.9,1419,19.3,1277,495,144,1603,1631,13.3,61.2,0.933,2005,1,11,2,18
7369,3.6,1428,19.7,1288,487,146,1580,1629,13.2,61.8,0.9313,2005,1,11,2,19
7370,4.7,1508,24.5,1416,596,162,1773,1733,12.9,61.5,0.9139,2005,1,11,2,20
7371,4.1,1438,18.4,1251,595,156,1593,1622,12.6,63.9,0.9307,2005,1,11,2,21
7372,3.4,1415,16.6,1197,559,146,1539,1597,12.0,67.4,0.9417,2005,1,11,2,22
7373,3.5,1433,16.2,1186,586,151,1497,1738,11.9,69.0,0.9568,2005,1,11,2,23
7374,1.2,1208,9.6,964,399,127,1305,1350,12.0,66.6,0.9293,2005,1,12,3,0
7375,2.4,1280,11.4,1029,399,123,1366,1363,11.4,69.6,0.9373,2005,1,12,3,1
7376,2.1,1174,9.1,942,381,122,1296,1262,11.2,70.3,0.9323,2005,1,12,3,2
7377,1.1,1022,4.3,729,141,96,1139,1034,11.5,68.2,0.9271,2005,1,12,3,3
7378,1.5,1002,4.2,722,162,85,1161,998,10.7,71.3,0.9161,2005,1,12,3,4
7379,1.0,1018,4.7,746,183,83,1171,958,10.0,74.8,0.9161,2005,1,12,3,5
7380,1.4,1095,7.3,868,357,98,1241,1078,9.2,78.5,0.9143,2005,1,12,3,6
7381,1.8,1182,9.3,951,479,109,1327,1143,8.8,79.4,0.9033,2005,1,12,3,7
7382,3.8,1478,17.8,1234,852,138,1606,1551,8.7,79.4,0.8944,2005,1,12,3,8
7383,4.1,1515,20.1,1298,822,138,1706,1669,8.9,76.5,0.8767,2005,1,12,3,9
7384,4.4,1488,19.6,1286,910,170,1648,1766,9.9,73.3,0.8936,2005,1,12,3,10
7385,3.5,1383,16.5,1196,800,191,1514,1717,11.8,65.5,0.901,2005,1,12,3,11
7386,3.5,1383,17.3,1218,758,196,1506,1738,13.0,60.9,0.9061,2005,1,12,3,12
7387,3.8,1337,17.7,1231,647,185,1518,1611,14.7,52.3,0.8687,2005,1,12,3,13
7388,3.1,1243,15.2,1155,431,156,1473,1398,15.1,49.6,0.8428,2005,1,12,3,14
7389,3.4,1304,18.2,1244,491,173,1558,1497,15.7,48.8,0.8657,2005,1,12,3,15
7390,3.3,1284,17.2,1216,476,166,1545,1415,15.8,48.9,0.8707,2005,1,12,3,16
7391,3.4,1303,17.6,1226,538,173,1554,1457,14.6,54.0,0.8946,2005,1,12,3,17
7392,4.7,1461,25.4,1440,621,177,1806,1669,14.3,56.3,0.9119,2005,1,12,3,18
7393,5.7,1517,28.4,1512,728,182,1902,1740,14.1,57.8,0.9262,2005,1,12,3,19
7394,5.6,1526,27.5,1492,716,166,1883,1770,13.1,62.9,0.943,2005,1,12,3,20
7395,5.9,1495,23.3,1386,782,177,1736,1734,12.0,67.5,0.9467,2005,1,12,3,21
7396,3.6,1333,15.2,1154,550,158,1441,1647,10.7,70.9,0.9113,2005,1,12,3,22
7397,2.5,1216,11.1,1020,377,133,1337,1379,10.0,73.2,0.8988,2005,1,12,3,23
7398,2.9,1232,11.5,1032,391,123,1347,1331,9.4,75.0,0.8874,2005,1,13,4,0
7399,2.5,1181,10.2,985,433,120,1312,1240,8.5,76.9,0.8557,2005,1,13,4,1
7400,1.7,1042,6.0,814,287,105,1167,1036,8.4,75.9,0.8407,2005,1,13,4,2
7401,1.6,1027,6.3,824,141,96,1171,969,6.9,80.7,0.8054,2005,1,13,4,3
7402,1.1,915,3.7,695,192,86,1094,826,6.2,82.1,0.7825,2005,1,13,4,4
7403,0.9,891,3.2,666,161,77,1058,798,7.0,77.3,0.7759,2005,1,13,4,5
7404,1.0,937,3.7,694,194,81,1054,817,6.5,79.7,0.7751,2005,1,13,4,6
7405,1.6,1086,8.0,901,343,103,1216,1055,7.7,76.8,0.8112,2005,1,13,4,7
7406,3.1,1326,16.3,1190,624,127,1509,1391,8.2,74.9,0.8184,2005,1,13,4,8
7407,4.1,1469,24.0,1403,758,134,1780,1665,8.8,73.2,0.8298,2005,1,13,4,9
7408,3.9,1321,15.7,1170,760,158,1488,1539,9.7,70.1,0.8432,2005,1,13,4,10
7409,3.6,1396,16.5,1196,713,175,1492,1653,11.7,62.7,0.8586,2005,1,13,4,11
7410,3.2,1270,12.8,1077,615,178,1353,1586,13.1,58.5,0.877,2005,1,13,4,12
7411,2.2,1189,11.3,1025,319,135,1316,1332,14.2,54.1,0.8707,2005,1,13,4,13
7412,2.4,1227,12.9,1081,338,133,1396,1369,14.2,54.3,0.8757,2005,1,13,4,14
7413,2.7,1266,14.1,1118,380,134,1410,1373,14.0,56.3,0.894,2005,1,13,4,15
7414,2.7,1277,15.8,1175,366,137,1480,1397,13.5,57.8,0.8933,2005,1,13,4,16
7415,3.9,1438,19.9,1295,567,160,1620,1577,12.3,63.0,0.9015,2005,1,13,4,17
7416,5.2,1523,26.6,1470,702,166,1811,1783,11.4,68.0,0.9166,2005,1,13,4,18
7417,4.0,1384,19.8,1290,523,144,1571,1568,10.8,69.5,0.8995,2005,1,13,4,19
7418,2.9,1283,13.3,1093,373,129,1354,1356,11.0,67.1,0.8766,2005,1,13,4,20
7419,3.3,1304,13.0,1085,467,129,1385,1419,9.5,71.3,0.8458,2005,1,13,4,21
7420,2.0,1126,7.5,880,260,107,1202,1177,8.8,71.0,0.8089,2005,1,13,4,22
7421,1.8,1141,7.8,892,244,101,1213,1141,8.0,73.4,0.7899,2005,1,13,4,23
7422,2.7,1183,8.8,930,317,112,1210,1179,7.6,73.0,0.7629,2005,1,14,5,0
7423,1.8,1090,6.4,830,224,98,1125,1056,7.1,73.9,0.7515,2005,1,14,5,1
7424,1.3,1032,4.5,736,176,90,1064,973,7.1,73.5,0.7439,2005,1,14,5,2
7425,1.0,940,3.6,691,141,96,1036,827,6.7,75.0,0.739,2005,1,14,5,3
7426,1.1,981,4.2,721,103,59,1059,836,5.1,81.3,0.7204,2005,1,14,5,4
7427,1.6,1104,6.9,851,367,98,1101,1085,4.3,82.9,0.6968,2005,1,14,5,5
7428,1.3,989,5.0,762,326,109,1076,959,5.3,80.4,0.7234,2005,1,14,5,6
7429,1.4,1079,7.3,869,374,110,1160,1039,5.7,79.3,0.7326,2005,1,14,5,7
7430,5.0,1472,24.5,1418,756,159,1681,1554,6.8,74.8,0.7423,2005,1,14,5,8
7431,4.3,1313,16.9,1206,690,144,1469,1546,6.9,75.2,0.7505,2005,1,14,5,9
7432,4.1,1363,17.7,1229,754,147,1490,1638,8.0,71.9,0.7712,2005,1,14,5,10
7433,3.8,1347,17.1,1212,750,179,1443,1568,9.3,67.1,0.7849,2005,1,14,5,11
7434,3.1,1240,14.7,1140,590,164,1388,1433,10.2,63.6,0.7928,2005,1,14,5,12
7435,3.3,1280,17.4,1222,525,160,1519,1452,11.0,60.9,0.7966,2005,1,14,5,13
7436,3.1,1210,15.1,1151,406,143,1428,1345,11.3,60.1,0.8022,2005,1,14,5,14
7437,2.7,1216,14.5,1134,360,138,1403,1336,12.2,56.9,0.8068,2005,1,14,5,15
7438,3.4,1320,16.9,1207,448,143,1498,1442,11.9,59.1,0.8211,2005,1,14,5,16
7439,5.0,1477,24.3,1412,733,196,1704,1748,10.3,66.3,0.8286,2005,1,14,5,17
7440,5.7,1500,26.1,1458,847,197,1750,1776,8.2,74.9,0.8187,2005,1,14,5,18
7441,5.8,1512,26.4,1463,765,189,1720,1802,7.9,77.1,0.8223,2005,1,14,5,19
7442,5.8,1496,25.7,1447,715,188,1710,1796,8.3,75.0,0.8253,2005,1,14,5,20
7443,5.0,1360,18.2,1246,716,190,1504,1600,8.2,75.2,0.8185,2005,1,14,5,21
7444,1.7,1024,6.2,819,235,126,1101,1083,8.3,69.7,0.7632,2005,1,14,5,22
7445,1.6,1094,6.7,845,198,113,1127,1064,6.7,74.4,0.7344,2005,1,14,5,23
7446,2.3,1111,7.5,877,293,129,1142,1104,6.4,74.9,0.7238,2005,1,15,6,0
7447,2.4,1097,7.5,878,356,128,1140,1053,4.9,80.1,0.7011,2005,1,15,6,1
7448,2.0,1051,6.2,820,285,122,1087,1009,4.8,79.4,0.6872,2005,1,15,6,2
7449,1.6,979,5.1,767,141,96,1041,908,3.3,82.6,0.645,2005,1,15,6,3
7450,1.5,978,4.8,756,266,115,1015,878,2.4,86.6,0.6369,2005,1,15,6,4
7451,1.1,902,3.1,659,158,92,972,800,3.4,81.4,0.6425,2005,1,15,6,5
7452,1.0,957,2.8,641,95,70,940,784,4.2,77.0,0.6439,2005,1,15,6,6
7453,1.3,973,4.3,728,148,83,1004,854,3.5,80.8,0.6406,2005,1,15,6,7
7454,1.9,1074,9.7,967,337,127,1201,1065,3.5,80.3,0.6366,2005,1,15,6,8
7455,2.6,1115,10.9,1012,453,142,1230,1161,4.0,78.5,0.645,2005,1,15,6,9
7456,2.7,1136,10.6,1001,497,155,1216,1192,4.5,76.6,0.6534,2005,1,15,6,10
7457,2.4,1128,10.0,977,448,153,1199,1202,5.6,72.3,0.6627,2005,1,15,6,11
7458,2.7,1196,11.6,1035,496,177,1259,1338,7.5,64.4,0.672,2005,1,15,6,12
7459,3.1,1267,15.6,1166,535,179,1382,1505,8.9,60.8,0.6921,2005,1,15,6,13
7461,3.2,1194,12.3,1061,459,182,1257,1473,12.3,46.3,0.6597,2005,1,15,6,15
7462,2.9,1188,11.4,1029,409,168,1243,1433,12.2,47.0,0.6686,2005,1,15,6,16
7463,3.0,1279,15.2,1154,515,179,1391,1544,10.5,55.1,0.6993,2005,1,15,6,17
7464,3.7,1361,17.4,1223,640,182,1454,1648,8.7,66.3,0.7491,2005,1,15,6,18
7465,5.2,1474,20.8,1319,816,194,1524,1784,7.9,69.9,0.7487,2005,1,15,6,19
7466,3.3,1235,12.8,1078,505,166,1265,1519,7.6,65.3,0.6842,2005,1,15,6,20
7467,3.6,1289,14.7,1140,560,168,1317,1532,6.5,67.6,0.6608,2005,1,15,6,21
7468,2.3,1124,8.3,910,389,148,1112,1340,5.9,66.4,0.6226,2005,1,15,6,22
7469,3.0,1231,11.1,1017,492,151,1207,1414,5.2,70.0,0.6232,2005,1,15,6,23
7470,3.8,1289,13.6,1104,531,165,1257,1499,5.2,67.8,0.6028,2005,1,16,7,0
7471,3.2,1166,9.8,970,487,165,1136,1306,4.9,67.1,0.5863,2005,1,16,7,1
7472,2.1,1062,7.6,884,293,128,1062,1172,5.1,65.5,0.5811,2005,1,16,7,2
7473,1.7,1028,6.0,813,141,96,1019,1076,4.0,69.5,0.5706,2005,1,16,7,3
7474,1.7,1003,5.9,807,219,115,1021,1005,3.7,68.9,0.5549,2005,1,16,7,4
7475,1.4,929,4.2,721,198,120,956,913,4.5,62.7,0.5343,2005,1,16,7,5
7476,1.2,951,4.5,737,166,106,977,922,4.7,62.3,0.5368,2005,1,16,7,6
7477,1.4,1011,5.4,783,255,118,1013,1026,3.9,67.1,0.5483,2005,1,16,7,7
7478,1.4,939,4.8,751,312,156,984,952,5.7,54.5,0.5034,2005,1,16,7,8
7479,1.7,946,6.3,827,236,130,1037,915,6.1,50.3,0.4769,2005,1,16,7,9
7480,1.0,841,2.6,625,172,112,846,687,9.0,39.5,0.4554,2005,1,16,7,10
7481,1.0,850,2.6,629,138,96,847,597,10.7,34.4,0.4406,2005,1,16,7,11
7482,0.8,831,2.2,602,121,89,824,527,11.1,33.4,0.4401,2005,1,16,7,12
7483,1.0,866,3.0,652,143,98,857,573,11.9,30.8,0.4285,2005,1,16,7,13
7484,0.8,819,1.9,576,114,85,809,492,11.4,32.0,0.431,2005,1,16,7,14
7485,0.7,833,2.0,584,107,80,821,463,11.3,32.5,0.4334,2005,1,16,7,15
7486,1.1,877,2.8,642,176,112,859,565,11.0,33.0,0.4331,2005,1,16,7,16
7487,1.1,892,3.3,668,180,121,872,632,10.3,35.0,0.4377,2005,1,16,7,17
7488,1.2,899,3.4,674,212,132,893,691,8.4,40.9,0.4542,2005,1,16,7,18
7489,2.0,1008,7.1,861,331,160,977,943,8.3,38.5,0.4228,2005,1,16,7,19
7490,2.2,1013,7.4,873,369,167,984,985,8.1,37.9,0.41,2005,1,16,7,20
7491,1.5,912,4.3,730,274,157,893,821,7.7,39.0,0.4106,2005,1,16,7,21
7492,1.2,907,3.9,705,199,130,880,767,7.0,41.5,0.4193,2005,1,16,7,22
7493,1.5,953,5.2,771,248,145,936,895,6.6,42.6,0.4179,2005,1,16,7,23
7494,1.4,916,3.8,701,197,133,899,791,6.4,44.2,0.428,2005,1,17,1,0
7495,1.2,894,3.5,682,147,110,881,770,6.0,46.0,0.4349,2005,1,17,1,1
7496,1.0,895,2.9,648,135,100,875,839,4.4,53.1,0.4484,2005,1,17,1,2
7497,0.6,845,1.4,534,141,96,833,721,4.0,54.3,0.4454,2005,1,17,1,3
7498,0.7,837,1.1,512,95,79,836,720,3.7,55.8,0.4489,2005,1,17,1,4
7499,0.5,795,1.0,504,94,79,840,682,2.6,58.6,0.4385,2005,1,17,1,5
7500,0.7,874,1.6,552,121,90,857,723,3.2,56.0,0.4364,2005,1,17,1,6
7501,1.0,920,3.2,667,131,95,916,813,3.6,55.4,0.4419,2005,1,17,1,7
7502,3.0,1257,15.9,1176,552,169,1357,1365,1.8,63.3,0.4464,2005,1,17,1,8
7503,4.1,1222,18.0,1239,614,199,1346,1472,2.4,60.2,0.4426,2005,1,17,1,9
7504,3.1,1196,14.7,1139,530,186,1271,1497,4.6,52.1,0.4472,2005,1,17,1,10
7506,2.7,1149,13.4,1096,474,178,1219,1476,10.5,34.7,0.4393,2005,1,17,1,12
7507,3.1,1166,14.5,1134,514,176,1227,1531,11.1,33.3,0.4384,2005,1,17,1,13
7508,3.1,1170,14.7,1138,504,177,1233,1503,11.1,32.6,0.4292,2005,1,17,1,14
7509,3.2,1176,17.0,1209,508,182,1264,1488,12.4,28.3,0.4076,2005,1,17,1,15
7510,3.3,1147,15.3,1158,529,182,1200,1435,12.9,24.5,0.363,2005,1,17,1,16
7511,4.0,1294,21.2,1330,676,193,1363,1725,11.4,28.7,0.3865,2005,1,17,1,17
7514,3.6,1256,16.7,1201,582,181,1251,1699,7.2,50.6,0.517,2005,1,17,1,20
7515,3.0,1205,13.4,1098,460,172,1170,1587,6.0,53.3,0.5008,2005,1,17,1,21
7516,1.9,1087,8.7,926,340,153,1053,1390,5.3,55.0,0.4921,2005,1,17,1,22
7517,1.9,1092,7.4,875,298,143,1010,1347,4.2,58.1,0.4832,2005,1,17,1,23
7518,1.6,1039,6.7,845,300,142,993,1268,3.4,60.9,0.4809,2005,1,18,2,0
7519,1.4,1001,5.0,762,223,131,948,1155,3.0,60.2,0.4639,2005,1,18,2,1
7520,1.0,925,3.4,677,151,105,901,1024,3.2,58.8,0.4578,2005,1,18,2,2
7521,0.7,880,2.4,613,141,96,878,968,3.3,57.7,0.4516,2005,1,18,2,3
7522,1.5,873,2.1,592,108,83,869,915,4.5,53.8,0.4572,2005,1,18,2,4
7523,0.8,880,2.5,618,125,87,893,928,3.1,59.7,0.4604,2005,1,18,2,5
7524,0.9,950,3.5,680,181,106,914,1028,4.2,57.1,0.4743,2005,1,18,2,6
7525,1.5,1039,6.9,855,341,140,1025,1210,3.4,58.5,0.4608,2005,1,18,2,7
7526,3.1,1284,16.8,1204,552,167,1337,1531,3.9,57.3,0.4661,2005,1,18,2,8
7527,5.1,1350,20.3,1305,839,175,1383,1745,4.3,56.8,0.4768,2005,1,18,2,9
7529,3.8,1342,17.2,1215,796,196,1332,1806,5.5,54.9,0.4985,2005,1,18,2,11
7538,4.2,1523,21.7,1342,745,184,1588,1677,6.4,82.9,0.8022,2005,1,18,2,20
7539,1.5,1172,6.0,813,339,152,1233,1118,10.3,74.0,0.9237,2005,1,18,2,21
7540,0.1,1021,3.3,670,135,104,1187,828,11.3,71.8,0.9577,2005,1,18,2,22
7541,0.2,1125,4.9,758,167,104,1241,867,9.8,81.9,0.9923,2005,1,18,2,23
7542,0.9,1197,6.6,840,232,124,1298,974,9.5,83.8,0.9972,2005,1,19,3,0
7543,1.0,1174,6.7,842,273,127,1286,975,9.9,81.0,0.9885,2005,1,19,3,1
7544,0.4,1106,4.4,733,165,109,1208,902,9.9,79.8,0.9725,2005,1,19,3,2
7545,1.5,873,1.5,549,141,96,1008,791,6.9,76.4,0.7661,2005,1,19,3,3
7546,1.5,828,1.1,506,75,73,945,673,4.8,75.7,0.659,2005,1,19,3,4
7547,1.5,830,0.9,492,53,52,948,578,4.7,78.9,0.682,2005,1,19,3,5
7548,1.5,840,1.2,515,72,57,941,563,5.0,75.0,0.6627,2005,1,19,3,6
7549,0.1,909,2.5,622,130,89,992,730,5.6,69.5,0.6362,2005,1,19,3,7
7550,0.7,1098,7.6,881,265,128,1203,974,7.0,64.9,0.6512,2005,1,19,3,8
7551,1.2,1036,7.3,868,314,152,1158,958,7.1,65.4,0.6644,2005,1,19,3,9
7552,0.2,912,3.7,692,194,128,1020,713,6.4,67.4,0.6537,2005,1,19,3,10
7553,1.5,873,2.5,618,180,124,994,617,5.3,75.9,0.6824,2005,1,19,3,11
7554,1.5,889,2.7,634,181,117,1018,591,6.3,73.0,0.7024,2005,1,19,3,12
7555,0.3,965,4.6,742,193,110,1099,661,8.6,63.3,0.7073,2005,1,19,3,13
7556,0.6,1009,6.7,845,263,128,1132,856,10.0,55.0,0.6753,2005,1,19,3,14
7557,0.2,918,4.3,729,176,114,1014,639,9.4,53.6,0.6333,2005,1,19,3,15
7558,0.2,920,4.3,729,168,110,1013,647,9.2,55.0,0.6402,2005,1,19,3,16
7559,0.7,923,4.1,715,170,112,1015,646,8.7,55.1,0.6228,2005,1,19,3,17
7560,1.8,1021,7.6,883,234,130,1139,846,8.9,54.4,0.62,2005,1,19,3,18
7561,2.2,998,7.0,858,256,135,1109,857,8.6,53.6,0.5992,2005,1,19,3,19
7562,2.3,1061,9.6,962,257,141,1167,942,9.0,50.4,0.5809,2005,1,19,3,20
7563,2.6,1016,7.8,892,317,141,1109,945,9.2,49.8,0.5808,2005,1,19,3,21
7564,1.1,859,2.4,611,135,95,918,562,8.8,52.1,0.5918,2005,1,19,3,22
7565,1.2,945,3.9,707,159,97,1005,657,8.8,50.9,0.5781,2005,1,19,3,23
7566,1.8,937,4.1,715,186,112,995,723,8.7,51.1,0.5755,2005,1,20,4,0
7567,1.1,876,2.5,618,102,74,948,555,8.6,51.5,0.5772,2005,1,20,4,1
7568,0.9,831,1.3,530,75,62,893,472,8.5,51.9,0.5766,2005,1,20,4,2
7569,0.7,828,1.2,514,141,96,880,434,8.1,53.1,0.5742,2005,1,20,4,3
7570,0.6,810,0.7,470,41,40,863,412,7.8,54.2,0.5755,2005,1,20,4,4
7571,0.6,822,0.9,493,50,45,876,453,7.1,56.0,0.569,2005,1,20,4,5
7572,0.9,898,2.9,646,189,93,954,702,7.0,57.6,0.5784,2005,1,20,4,6
7573,1.0,909,2.7,636,182,104,947,720,7.5,55.3,0.5734,2005,1,20,4,7
7574,3.4,1256,14.4,1130,636,162,1316,1311,7.0,56.3,0.566,2005,1,20,4,8
7575,4.2,1298,17.2,1217,704,169,1409,1444,7.6,53.5,0.5605,2005,1,20,4,9
7576,4.4,1326,17.4,1223,854,190,1381,1613,8.3,50.5,0.5558,2005,1,20,4,10
7577,2.9,1139,11.5,1031,652,170,1181,1388,12.4,37.1,0.5329,2005,1,20,4,11
7578,2.6,1135,11.9,1047,529,151,1175,1379,13.9,32.3,0.5117,2005,1,20,4,12
7579,2.6,1117,12.6,1071,438,150,1178,1289,14.4,28.9,0.4723,2005,1,20,4,13
7580,3.0,1094,14.3,1128,438,154,1191,1280,14.8,25.4,0.4259,2005,1,20,4,14
7581,2.3,982,10.3,990,378,140,1018,1059,15.1,20.8,0.3536,2005,1,20,4,15
7582,3.0,1107,14.5,1134,482,167,1172,1299,15.4,23.5,0.4076,2005,1,20,4,16
7585,4.3,1357,21.2,1330,605,182,1414,1798,10.4,42.3,0.5337,2005,1,20,4,19
7586,3.4,1248,16.0,1179,472,165,1259,1609,9.9,44.0,0.5381,2005,1,20,4,20
7587,2.8,1220,13.0,1085,411,150,1205,1531,8.7,48.3,0.5458,2005,1,20,4,21
7588,2.1,1137,7.0,856,264,132,1032,1338,8.1,49.9,0.5417,2005,1,20,4,22
7589,1.7,1102,6.4,829,217,120,1015,1274,7.3,52.8,0.5419,2005,1,20,4,23
7590,1.8,1082,5.8,801,211,119,1035,1200,8.0,52.2,0.5623,2005,1,21,5,0
7591,1.6,1053,5.6,795,179,110,1039,1143,6.8,56.4,0.5609,2005,1,21,5,1
7592,1.4,1003,4.5,740,135,94,992,1048,6.7,57.4,0.5654,2005,1,21,5,2
7593,1.3,1019,4.6,744,141,96,1000,1049,5.9,62.1,0.5806,2005,1,21,5,3
7594,1.5,1071,5.9,808,221,101,1046,1172,5.4,65.9,0.5947,2005,1,21,5,4
7595,1.3,1118,6.6,841,284,117,1056,1368,5.5,66.5,0.6054,2005,1,21,5,5
7596,1.6,1206,9.2,948,357,121,1129,1540,5.9,65.8,0.6178,2005,1,21,5,6
7597,2.4,1256,12.2,1056,469,138,1230,1575,6.4,63.9,0.6192,2005,1,21,5,7
7598,4.5,1501,22.6,1367,766,174,1558,1856,7.2,62.2,0.6351,2005,1,21,5,8
7599,5.7,1578,29.0,1527,875,179,1761,2086,7.9,60.0,0.6406,2005,1,21,5,9
7600,4.3,1427,19.4,1280,800,175,1481,1948,8.3,58.5,0.6403,2005,1,21,5,10
7601,4.2,1440,20.5,1311,815,183,1476,2022,9.3,54.5,0.6415,2005,1,21,5,11
7602,4.5,1522,22.5,1365,841,189,1526,2104,10.2,53.1,0.6608,2005,1,21,5,12
7603,5.0,1517,24.0,1403,827,198,1579,2195,11.1,51.4,0.679,2005,1,21,5,13
7604,2.9,1300,13.9,1113,402,142,1291,1845,12.8,46.9,0.6919,2005,1,21,5,14
7605,3.0,1401,16.8,1204,415,139,1401,1947,13.1,48.0,0.7181,2005,1,21,5,15
7606,3.3,1551,20.2,1303,435,99,1520,2171,13.5,51.5,0.793,2005,1,21,5,16
7607,1.4,1411,16.4,1191,570,135,1426,1920,13.4,51.2,0.7808,2005,1,21,5,17
7609,1.6,1489,20.3,1305,617,194,1547,1919,12.0,56.5,0.7924,2005,1,21,5,19
7616,1.5,1392,15.1,1153,757,198,1395,1506,7.1,77.3,0.7826,2005,1,22,6,2
7617,0.9,1326,13.1,1087,141,96,1333,1398,6.7,78.7,0.7779,2005,1,22,6,3
7618,0.5,1297,11.5,1032,388,126,1297,1300,7.0,77.8,0.7848,2005,1,22,6,4
7619,0.9,1331,13.7,1106,497,144,1322,1383,5.7,80.5,0.7416,2005,1,22,6,5
7620,0.4,1288,11.6,1036,582,183,1242,1413,5.2,81.4,0.7276,2005,1,22,6,6
7621,0.5,1322,13.2,1091,574,193,1307,1471,5.6,80.4,0.7349,2005,1,22,6,7
7622,0.8,1390,15.6,1167,588,196,1392,1619,6.3,78.8,0.7544,2005,1,22,6,8
7627,1.0,1398,15.0,1149,461,192,1417,1699,15.0,50.2,0.8495,2005,1,22,6,13
7628,1.3,1380,16.9,1206,455,186,1500,1677,14.9,49.9,0.8394,2005,1,22,6,14
7629,0.1,1022,7.0,857,244,133,1068,1088,15.8,33.8,0.6034,2005,1,22,6,15
7630,1.5,973,5.9,806,202,126,994,926,15.4,29.3,0.5068,2005,1,22,6,16
7631,1.5,951,7.1,862,256,138,972,961,14.4,25.7,0.4193,2005,1,22,6,17
7632,0.1,987,8.6,925,310,148,1016,1066,13.4,27.2,0.4157,2005,1,22,6,18
7633,0.4,1100,12.2,1057,391,167,1126,1241,12.2,28.7,0.4077,2005,1,22,6,19
7634,0.7,1064,12.6,1072,444,175,1103,1220,11.3,25.7,0.3422,2005,1,22,6,20
7637,1.3,1259,15.1,1152,565,196,1165,1569,8.2,36.8,0.4016,2005,1,22,6,23
7638,0.8,1166,10.1,981,451,195,993,1445,8.0,36.0,0.3872,2005,1,23,7,0
7639,1.5,1066,7.5,880,313,181,946,1240,7.0,39.9,0.4006,2005,1,23,7,1
7640,1.5,1051,7.6,883,241,150,978,1169,5.7,44.3,0.4093,2005,1,23,7,2
7641,1.5,992,5.9,808,141,96,926,1052,4.7,46.6,0.4025,2005,1,23,7,3
7642,1.5,969,5.5,788,224,139,938,1006,4.2,50.8,0.4234,2005,1,23,7,4
7643,1.5,862,2.3,609,82,74,810,757,4.6,45.1,0.3861,2005,1,23,7,5
7644,1.5,859,2.0,581,89,73,829,753,2.7,53.3,0.4006,2005,1,23,7,6
7645,1.5,849,1.6,552,93,77,812,737,3.1,51.0,0.3947,2005,1,23,7,7
7646,1.5,879,2.1,594,134,98,839,792,2.5,54.1,0.4017,2005,1,23,7,8
7647,1.5,956,4.4,735,189,121,942,945,3.1,53.5,0.4123,2005,1,23,7,9
7648,1.5,1039,6.4,828,292,162,987,1115,5.0,47.5,0.418,2005,1,23,7,10
7649,1.5,1066,7.3,871,326,178,996,1131,5.8,43.4,0.4032,2005,1,23,7,11
7651,1.5,1160,9.2,948,371,191,1072,1289,7.9,41.6,0.4459,2005,1,23,7,13
7652,1.5,1110,7.9,896,305,175,1040,1276,8.1,41.2,0.448,2005,1,23,7,14
7653,1.5,1138,9.0,940,328,169,1088,1359,8.3,41.3,0.4533,2005,1,23,7,15
7654,1.5,1095,7.0,857,281,180,1075,1020,8.9,49.1,0.5629,2005,1,23,7,16
7655,1.5,1045,3.7,694,168,124,1025,805,7.1,66.0,0.6678,2005,1,23,7,17
7656,1.5,1078,4.3,727,183,130,1057,857,5.7,75.1,0.6942,2005,1,23,7,18
7657,1.5,1169,6.8,846,217,141,1157,942,5.4,77.6,0.7031,2005,1,23,7,19
7658,1.5,1174,8.7,926,245,157,1220,1020,5.4,78.2,0.7074,2005,1,23,7,20
7659,1.5,1075,4.7,749,154,123,1050,899,7.3,68.1,0.6979,2005,1,23,7,21
7660,1.5,1044,3.5,685,141,104,1042,860,5.8,74.4,0.6924,2005,1,23,7,22
7661,1.5,1110,5.4,782,210,134,1101,954,6.2,72.3,0.6887,2005,1,23,7,23
7662,1.5,1086,4.4,733,140,105,1064,883,5.9,72.7,0.6791,2005,1,24,1,0
7663,1.5,1092,6.0,811,191,121,1129,966,5.0,76.5,0.6728,2005,1,24,1,1
7664,0.1,1127,7.6,884,248,136,1173,983,4.0,80.4,0.663,2005,1,24,1,2
7665,1.5,881,1.9,578,141,96,876,607,5.8,59.0,0.5493,2005,1,24,1,3
7666,1.5,831,1.0,498,50,48,855,443,5.8,59.5,0.5519,2005,1,24,1,4
7667,0.3,791,0.6,459,43,40,809,390,6.6,51.3,0.5026,2005,1,24,1,5
7668,0.5,836,1.2,520,86,67,832,479,7.0,47.2,0.4745,2005,1,24,1,6
7669,0.6,907,2.9,644,152,104,902,732,6.6,47.9,0.4686,2005,1,24,1,7
7670,1.8,1174,11.1,1018,341,169,1210,1149,7.2,49.8,0.5061,2005,1,24,1,8
7672,1.4,992,5.7,800,327,183,1007,934,8.7,46.7,0.5249,2005,1,24,1,10
7673,0.6,955,5.4,783,240,151,976,845,10.0,40.6,0.4971,2005,1,24,1,11
7674,0.5,959,5.1,771,217,138,975,808,11.8,35.4,0.4877,2005,1,24,1,12
7675,0.7,981,5.8,804,191,127,997,783,10.7,37.2,0.4788,2005,1,24,1,13
7676,0.7,947,5.6,791,141,96,963,785,10.9,34.9,0.456,2005,1,24,1,14
7677,1.1,1023,8.0,898,256,148,1034,899,10.7,33.1,0.4256,2005,1,24,1,15
7678,1.3,1009,7.1,860,287,172,993,922,10.6,34.2,0.4375,2005,1,24,1,16
7679,1.0,1007,7.6,884,278,163,1014,951,8.9,38.1,0.4341,2005,1,24,1,17
7680,1.5,1054,10.4,992,302,180,1092,1051,7.8,39.7,0.4206,2005,1,24,1,18
7681,1.5,1018,8.9,934,259,169,1014,967,7.3,42.2,0.4341,2005,1,24,1,19
7682,1.2,976,7.3,870,221,152,971,861,6.9,42.5,0.4257,2005,1,24,1,20
7683,0.3,872,3.6,689,142,107,866,631,6.6,43.2,0.4247,2005,1,24,1,21
7684,1.5,805,1.7,559,93,75,781,466,6.4,41.7,0.4034,2005,1,24,1,22
7685,1.5,800,1.5,541,71,58,779,407,6.1,42.6,0.4041,2005,1,24,1,23
7686,1.5,785,1.0,504,66,57,760,387,5.9,41.8,0.3928,2005,1,25,2,0
7687,1.5,757,0.6,459,49,44,735,337,5.7,41.5,0.3836,2005,1,25,2,1
7688,1.5,751,0.4,424,29,29,726,303,5.5,42.4,0.3867,2005,1,25,2,2
7689,1.5,766,0.3,412,141,96,763,295,4.5,52.0,0.4436,2005,1,25,2,3
7690,1.5,759,0.2,399,19,19,749,288,4.3,51.6,0.4323,2005,1,25,2,4
7691,1.5,758,0.2,388,20,20,765,274,3.7,56.3,0.453,2005,1,25,2,5
7692,1.5,761,0.1,383,39,35,787,289,3.3,58.1,0.4559,2005,1,25,2,6
7693,1.5,762,0.4,434,77,60,763,318,3.9,47.3,0.3862,2005,1,25,2,7
7694,0.2,869,2.9,646,180,115,876,476,4.3,45.9,0.3843,2005,1,25,2,8
7695,0.7,938,5.4,785,243,157,969,704,4.2,50.1,0.4168,2005,1,25,2,9
7696,0.5,951,5.1,769,236,147,1000,735,3.4,62.7,0.4943,2005,1,25,2,10
7697,0.4,892,3.8,702,297,188,924,735,5.0,51.4,0.4534,2005,1,25,2,11
7698,0.3,876,3.9,703,235,126,892,653,5.7,44.1,0.4063,2005,1,25,2,12
7699,0.3,872,3.6,686,186,114,880,603,5.2,44.5,0.3968,2005,1,25,2,13
7700,0.4,893,4.2,722,196,123,917,645,4.7,48.6,0.4194,2005,1,25,2,14
7701,0.2,879,3.6,687,167,107,914,564,4.5,51.0,0.4327,2005,1,25,2,15
7702,0.4,896,3.6,689,211,121,909,614,5.1,50.1,0.4432,2005,1,25,2,16
7703,0.4,909,3.9,706,194,118,923,658,5.0,50.4,0.443,2005,1,25,2,17
7704,0.7,958,4.9,758,206,134,985,719,4.3,56.4,0.4721,2005,1,25,2,18
7705,1.0,984,5.8,803,211,142,1012,772,4.3,56.7,0.476,2005,1,25,2,19
7706,1.1,991,6.1,814,197,133,1040,812,4.3,57.0,0.4771,2005,1,25,2,20
7707,0.3,881,2.8,638,139,106,910,583,3.5,60.3,0.4782,2005,1,25,2,21
7708,0.1,853,2.4,616,113,87,870,491,4.1,52.5,0.4351,2005,1,25,2,22
7709,1.5,804,1.5,546,81,67,796,400,3.9,50.6,0.4127,2005,1,25,2,23
7710,1.5,788,1.1,514,63,55,771,354,3.9,47.7,0.3901,2005,1,26,3,0
7711,1.5,788,0.9,487,55,49,769,329,4.0,47.8,0.3939,2005,1,26,3,1
7712,1.5,763,0.4,428,31,30,757,296,3.9,50.9,0.4144,2005,1,26,3,2
7713,1.5,771,0.3,410,141,96,765,283,3.0,57.7,0.4423,2005,1,26,3,3
7714,1.5,747,0.2,390,20,20,738,266,3.3,52.8,0.4137,2005,1,26,3,4
7715,1.5,744,0.1,383,17,17,720,253,2.7,53.9,0.4062,2005,1,26,3,5
7716,1.5,774,0.5,441,42,35,760,282,2.8,54.4,0.411,2005,1,26,3,6
7717,1.5,800,0.9,492,90,71,783,353,3.6,49.0,0.3915,2005,1,26,3,7
7718,0.3,896,3.3,668,227,136,887,519,3.3,50.2,0.3934,2005,1,26,3,8
7719,0.6,913,4.4,733,250,163,901,681,3.5,47.5,0.3778,2005,1,26,3,9
7720,0.3,871,2.8,638,219,143,860,583,4.3,49.4,0.4136,2005,1,26,3,10
7721,0.1,872,3.2,662,211,134,874,628,4.5,48.4,0.4131,2005,1,26,3,11
7722,0.1,858,2.7,634,189,130,868,566,4.3,50.0,0.4199,2005,1,26,3,12
7723,0.2,876,3.5,683,180,122,894,572,4.3,49.7,0.4166,2005,1,26,3,13
7724,0.5,900,4.8,751,197,129,913,637,4.9,45.3,0.3955,2005,1,26,3,14
7725,0.3,864,3.4,678,198,132,866,579,5.6,42.4,0.3884,2005,1,26,3,15
7726,0.3,902,4.2,721,203,133,900,666,5.7,43.1,0.3984,2005,1,26,3,16
7727,0.3,916,4.2,720,188,126,922,707,4.8,49.7,0.4305,2005,1,26,3,17
7728,1.0,1004,8.5,918,294,177,1033,990,5.1,43.0,0.3821,2005,1,26,3,18
7729,1.4,1024,9.2,945,302,185,1073,1026,5.3,44.4,0.397,2005,1,26,3,19
7730,1.4,1011,7.6,884,261,169,1048,910,4.9,47.9,0.418,2005,1,26,3,20
7731,1.1,1006,6.2,822,232,151,1025,897,4.7,50.8,0.4398,2005,1,26,3,21
7732,0.4,913,2.9,645,154,114,922,651,4.6,54.8,0.4704,2005,1,26,3,22
7733,0.2,905,2.5,620,120,90,904,598,4.0,56.8,0.4688,2005,1,26,3,23
7734,0.2,872,2.6,628,117,87,857,560,4.2,46.8,0.39,2005,1,27,4,0
7735,0.2,843,2.2,597,108,83,808,527,4.5,42.0,0.3571,2005,1,27,4,1
7736,0.2,863,2.5,622,97,74,826,574,4.1,42.1,0.3487,2005,1,27,4,2
7737,1.5,791,0.8,480,141,96,738,422,4.5,39.7,0.3379,2005,1,27,4,3
7738,1.5,769,0.3,412,28,28,727,326,4.4,42.2,0.3571,2005,1,27,4,4
7739,0.4,778,0.3,417,27,26,745,312,4.1,45.9,0.3804,2005,1,27,4,5
7740,0.5,801,0.7,470,81,61,762,382,4.3,42.5,0.3556,2005,1,27,4,6
7741,0.7,827,1.4,533,129,91,775,488,4.6,38.1,0.3267,2005,1,27,4,7
7742,1.9,1038,6.6,837,336,184,972,915,4.6,39.4,0.3367,2005,1,27,4,8
7744,2.0,980,5.5,790,318,185,934,897,5.9,40.2,0.376,2005,1,27,4,10
7745,1.3,912,3.5,683,201,125,872,699,7.0,38.4,0.3861,2005,1,27,4,11
7746,1.0,887,3.0,649,166,104,854,588,6.6,40.2,0.3944,2005,1,27,4,12
7747,1.2,922,4.1,716,192,115,893,643,6.6,41.2,0.4046,2005,1,27,4,13
7748,1.5,928,4.7,748,198,126,900,685,7.3,36.8,0.3779,2005,1,27,4,14
7749,1.3,921,4.5,736,198,125,881,673,7.3,35.0,0.3584,2005,1,27,4,15
7750,1.5,905,4.7,747,223,139,850,691,7.0,33.5,0.3367,2005,1,27,4,16
7751,1.5,906,5.1,769,224,142,865,726,6.5,32.4,0.3155,2005,1,27,4,17
7752,2.1,981,7.7,886,266,170,928,912,5.7,33.9,0.3131,2005,1,27,4,18
7753,2.6,1053,10.3,987,326,195,1025,1048,5.0,36.1,0.3178,2005,1,27,4,19
7755,2.0,967,6.0,811,243,168,911,909,4.5,39.9,0.339,2005,1,27,4,21
7756,1.4,902,3.6,689,177,128,838,719,4.3,41.1,0.3451,2005,1,27,4,22
7757,1.3,916,4.3,725,155,115,855,746,4.0,43.1,0.3551,2005,1,27,4,23
7758,1.2,895,3.4,677,143,111,827,700,3.7,46.0,0.3701,2005,1,28,5,0
7759,1.1,866,2.4,613,124,97,810,579,3.3,47.4,0.3716,2005,1,28,5,1
7760,0.9,861,2.0,585,94,77,807,553,3.0,49.1,0.3774,2005,1,28,5,2
7761,0.8,845,1.4,534,141,96,781,519,3.5,48.0,0.3822,2005,1,28,5,3
7762,0.6,849,1.2,522,56,51,779,467,3.6,48.0,0.3835,2005,1,28,5,4
7763,0.5,818,0.9,486,58,49,781,422,4.0,47.8,0.3919,2005,1,28,5,5
7764,0.6,864,1.6,554,105,79,819,545,4.1,48.1,0.3975,2005,1,28,5,6
7765,0.7,856,1.7,559,122,92,810,556,4.1,47.4,0.3926,2005,1,28,5,7
7766,1.6,1024,6.2,823,274,167,992,879,4.2,48.7,0.4073,2005,1,28,5,8
7768,1.8,984,6.4,832,296,184,966,892,4.3,48.4,0.4043,2005,1,28,5,10
7769,1.5,990,5.9,808,279,176,975,901,4.6,49.7,0.4271,2005,1,28,5,11
7770,1.8,970,5.7,798,325,191,941,874,4.5,49.6,0.421,2005,1,28,5,12
7771,1.4,943,5.3,781,222,147,925,722,4.4,48.4,0.4087,2005,1,28,5,13
7772,2.1,994,7.3,871,279,174,997,836,4.7,47.2,0.4075,2005,1,28,5,14
7773,1.6,932,5.1,767,248,167,920,669,4.2,49.5,0.4118,2005,1,28,5,15
7774,1.3,891,3.9,706,193,138,860,600,3.4,50.7,0.3991,2005,1,28,5,16
7775,1.9,1053,7.9,895,256,164,1446,942,17.2,48.6,0.9768,2005,1,28,5,17
7776,2.4,1053,7.9,895,288,190,1446,942,17.2,48.6,0.9768,2005,1,28,5,18
7777,3.0,1053,7.9,895,300,198,1446,942,17.2,48.6,0.9768,2005,1,28,5,19
7778,1.9,1053,7.9,895,224,155,1446,942,17.2,48.6,0.9768,2005,1,28,5,20
7779,1.8,1053,7.9,895,219,153,1446,942,17.2,48.6,0.9768,2005,1,28,5,21
7780,1.1,1053,7.9,895,145,110,1446,942,17.2,48.6,0.9768,2005,1,28,5,22
7781,1.1,1053,7.9,895,115,91,1446,942,17.2,48.6,0.9768,2005,1,28,5,23
7782,1.1,1053,7.9,895,136,105,1446,942,17.2,48.6,0.9768,2005,1,29,6,0
7783,1.0,1053,7.9,895,107,85,1446,942,17.2,48.6,0.9768,2005,1,29,6,1
7784,0.7,793,0.8,480,70,60,745,376,1.9,49.7,0.3528,2005,1,29,6,2
7785,0.6,790,0.6,455,141,96,751,336,1.6,52.9,0.3692,2005,1,29,6,3
7786,0.5,776,0.5,445,37,34,737,330,1.4,53.8,0.3687,2005,1,29,6,4
7787,0.5,766,0.5,448,33,31,734,321,1.0,54.7,0.3657,2005,1,29,6,5
7788,0.4,774,0.6,458,43,37,735,334,1.4,52.3,0.3591,2005,1,29,6,6
7789,0.5,801,0.9,494,73,58,754,395,1.6,51.0,0.3561,2005,1,29,6,7
7790,0.8,847,2.0,586,125,92,814,473,1.4,53.1,0.3642,2005,1,29,6,8
7791,1.1,874,2.8,641,154,110,857,553,1.7,54.1,0.3785,2005,1,29,6,9
7792,1.1,879,2.8,642,140,101,836,545,2.5,51.0,0.3778,2005,1,29,6,10
7793,1.1,888,3.0,652,150,96,833,547,2.9,48.7,0.3706,2005,1,29,6,11
7794,1.1,873,2.4,610,139,102,819,527,3.6,45.8,0.3674,2005,1,29,6,12
7795,1.1,877,2.5,618,135,96,830,505,3.1,48.1,0.3722,2005,1,29,6,13
7796,1.2,893,3.0,653,152,102,845,550,3.4,46.6,0.3668,2005,1,29,6,14
7797,1.0,866,2.2,602,121,88,809,465,3.7,45.8,0.3697,2005,1,29,6,15
7798,1.2,873,2.6,629,122,87,817,467,4.4,43.7,0.3688,2005,1,29,6,16
7799,1.3,911,3.4,676,167,115,855,555,4.0,44.9,0.3689,2005,1,29,6,17
7800,1.4,908,3.0,653,165,118,847,551,3.3,46.8,0.3671,2005,1,29,6,18
7801,1.3,907,3.1,657,190,134,844,569,3.1,48.1,0.3707,2005,1,29,6,19
7802,1.4,925,3.4,678,176,125,861,594,2.8,49.0,0.37,2005,1,29,6,20
7803,1.5,920,2.9,649,196,140,849,598,3.1,47.4,0.3661,2005,1,29,6,21
7804,1.0,865,1.7,561,103,83,791,434,2.9,49.0,0.3725,2005,1,29,6,22
7805,1.0,867,1.6,553,91,73,792,412,2.8,49.1,0.3726,2005,1,29,6,23
7806,1.1,900,2.3,604,119,92,815,469,2.9,49.7,0.3782,2005,1,30,7,0
7807,1.3,901,2.2,599,147,109,825,515,3.8,46.5,0.3762,2005,1,30,7,1
7808,1.0,863,1.7,560,101,82,787,430,3.2,46.9,0.3658,2005,1,30,7,2
7809,1.1,884,2.2,599,141,96,813,503,3.1,45.2,0.3504,2005,1,30,7,3
7810,1.5,873,1.8,565,102,83,793,494,3.1,44.8,0.3473,2005,1,30,7,4
7811,0.6,806,0.6,459,55,50,728,368,3.1,44.4,0.342,2005,1,30,7,5
7812,0.5,801,0.6,454,51,44,727,348,3.0,43.4,0.3337,2005,1,30,7,6
7813,0.4,790,0.4,431,53,49,722,354,2.8,43.8,0.3308,2005,1,30,7,7
7814,0.5,805,0.7,465,74,62,736,382,2.7,43.2,0.3259,2005,1,30,7,8
7815,0.7,843,1.2,520,113,85,762,450,3.3,42.3,0.3299,2005,1,30,7,9
7816,0.8,849,1.4,537,107,82,757,460,4.6,39.0,0.333,2005,1,30,7,10
7817,0.8,872,2.0,583,101,77,765,441,5.6,37.5,0.3426,2005,1,30,7,11
7818,1.0,890,2.0,585,129,92,776,454,7.2,34.2,0.3488,2005,1,30,7,12
7819,0.9,874,1.6,552,126,95,760,415,6.9,35.6,0.3561,2005,1,30,7,13
7820,0.9,863,1.6,553,132,95,742,419,8.2,30.1,0.3281,2005,1,30,7,14
7821,0.9,840,1.8,566,101,76,717,368,7.6,27.9,0.2927,2005,1,30,7,15
7822,1.0,845,1.8,569,128,95,709,397,7.9,25.9,0.2774,2005,1,30,7,16
7823,1.0,888,2.6,625,170,118,763,510,7.8,28.3,0.3017,2005,1,30,7,17
7824,1.1,845,2.0,582,174,123,719,473,6.3,28.8,0.2772,2005,1,30,7,18
7825,1.2,880,2.8,641,215,140,759,537,5.4,30.1,0.2726,2005,1,30,7,19
7826,1.6,917,3.9,708,248,163,787,670,5.0,31.1,0.273,2005,1,30,7,20
7827,1.7,927,4.1,715,247,164,797,711,4.6,33.8,0.2898,2005,1,30,7,21
7828,1.1,868,2.4,615,154,120,752,551,4.3,36.6,0.3064,2005,1,30,7,22
7829,1.3,932,3.5,685,186,130,820,670,4.0,39.0,0.3203,2005,1,30,7,23
7830,1.7,971,4.6,741,231,145,864,771,2.9,42.8,0.3276,2005,1,31,1,0
7831,1.5,891,3.0,650,174,126,782,586,3.4,38.9,0.3076,2005,1,31,1,1
7832,0.8,806,1.0,495,68,61,685,355,4.0,36.4,0.2982,2005,1,31,1,2
7833,0.5,787,0.5,446,141,96,657,310,4.0,36.4,0.2989,2005,1,31,1,3
7834,0.4,791,0.4,435,39,37,668,292,3.7,37.7,0.3024,2005,1,31,1,4
7835,0.4,787,0.3,415,39,37,667,293,3.4,38.9,0.3075,2005,1,31,1,5
7836,0.4,814,0.6,449,54,50,674,328,3.7,37.5,0.3012,2005,1,31,1,6
7837,0.7,844,1.4,538,158,109,726,479,3.7,35.2,0.2833,2005,1,31,1,7
7838,1.8,1049,7.1,863,350,198,923,979,3.7,33.9,0.2732,2005,1,31,1,8
7839,1.5,1201,14.0,1116,141,96,1130,1469,4.4,38.8,0.328,2005,1,31,1,9
7843,2.5,1060,11.9,1048,414,181,983,1246,12.5,17.2,0.2477,2005,1,31,1,13
7844,2.7,1056,11.7,1040,398,194,976,1187,13.2,17.3,0.2606,2005,1,31,1,14
7853,1.4,1055,5.4,782,231,161,940,1377,5.1,45.6,0.4056,2005,1,31,1,23
7854,1.3,1038,4.8,756,200,146,921,1317,4.2,49.4,0.412,2005,2,1,2,0
7855,1.1,996,3.8,698,153,123,894,1228,4.1,50.1,0.415,2005,2,1,2,1
7856,1.0,995,3.5,680,135,109,904,1201,4.1,51.5,0.4263,2005,2,1,2,2
7857,0.9,1000,3.3,670,141,96,917,1158,3.7,57.5,0.4621,2005,2,1,2,3
7858,0.8,1042,3.6,688,196,115,935,1204,2.5,64.8,0.4807,2005,2,1,2,4
7859,0.9,1042,3.8,701,208,114,945,1216,1.8,68.9,0.4878,2005,2,1,2,5
7860,1.1,1024,4.2,724,241,122,944,1198,2.0,64.9,0.4661,2005,2,1,2,6
7861,1.6,1147,7.7,886,417,149,1056,1381,2.2,65.3,0.473,2005,2,1,2,7
7862,3.7,1496,20.0,1298,896,187,1441,1873,3.1,64.0,0.4938,2005,2,1,2,8
7863,4.8,1541,22.1,1353,966,198,1492,2112,3.7,61.7,0.4967,2005,2,1,2,9
7864,4.1,1491,17.2,1215,878,196,1343,2038,4.4,58.8,0.4979,2005,2,1,2,10
7867,3.7,1451,18.8,1264,683,181,1408,1965,9.5,47.2,0.5589,2005,2,1,2,13
7868,4.2,1432,18.8,1264,660,179,1476,1888,11.8,44.4,0.6118,2005,2,1,2,14
7869,3.3,1408,16.7,1202,492,151,1411,1774,12.7,45.5,0.6648,2005,2,1,2,15
7870,3.2,1377,14.4,1129,497,162,1392,1626,13.5,44.8,0.6898,2005,2,1,2,16
7871,3.6,1454,16.3,1190,562,165,1434,1761,12.3,48.9,0.6967,2005,2,1,2,17
7872,3.5,1268,14.4,1128,539,173,1255,1533,10.8,40.3,0.5201,2005,2,1,2,18
7873,4.1,1259,17.0,1211,502,188,1243,1531,9.4,36.7,0.4324,2005,2,1,2,19
7874,4.0,1261,14.8,1143,452,186,1208,1477,8.3,39.5,0.4318,2005,2,1,2,20
7875,3.3,1133,9.8,971,357,172,1059,1332,7.8,41.3,0.4389,2005,2,1,2,21
7876,3.0,1054,6.1,818,289,150,966,1210,7.3,43.8,0.4505,2005,2,1,2,22
7877,2.6,1055,5.4,783,221,137,969,1167,6.7,47.6,0.4688,2005,2,1,2,23
7878,2.6,1059,4.7,747,204,133,964,1133,6.6,51.2,0.5007,2005,2,2,3,0
7879,2.6,1063,5.1,769,183,122,993,1109,6.4,52.6,0.5074,2005,2,2,3,1
7880,2.9,1135,6.9,854,222,130,1065,1218,5.3,57.8,0.5177,2005,2,2,3,2
7881,2.9,1126,7.3,869,141,96,1075,1222,3.4,66.7,0.5281,2005,2,2,3,3
7882,2.5,1058,4.8,753,210,121,986,1149,3.3,66.8,0.5215,2005,2,2,3,4
7883,2.0,1040,3.6,688,185,115,920,1090,3.7,62.9,0.5059,2005,2,2,3,5
7884,2.2,1069,4.5,737,257,125,946,1114,2.6,67.5,0.5034,2005,2,2,3,6
7885,2.4,1042,5.2,771,297,136,941,1089,3.5,60.9,0.4857,2005,2,2,3,7
7886,4.0,1322,15.1,1151,573,174,1286,1446,2.7,63.4,0.4787,2005,2,2,3,8
7891,2.6,1037,10.1,981,388,139,1000,1086,13.7,20.7,0.3221,2005,2,2,3,13
7892,2.2,1028,10.1,983,337,133,979,1048,13.7,19.9,0.3114,2005,2,2,3,14
7893,1.9,984,8.3,913,326,127,930,990,14.1,18.1,0.2884,2005,2,2,3,15
7894,1.8,1010,9.0,940,329,124,960,1027,14.5,18.0,0.2956,2005,2,2,3,16
7895,3.1,1113,13.4,1096,465,158,1092,1359,13.2,20.4,0.3074,2005,2,2,3,17
7896,4.8,1253,19.5,1284,612,171,1285,1618,10.5,25.1,0.3194,2005,2,2,3,18
7897,5.8,1400,27.8,1499,759,193,1527,1869,8.9,31.4,0.3597,2005,2,2,3,19
7898,5.9,1470,31.4,1584,771,195,1641,2033,8.2,36.2,0.3953,2005,2,2,3,20
7900,1.8,1084,7.0,855,332,193,939,1446,5.8,42.0,0.3904,2005,2,2,3,22
7901,1.7,1097,7.8,892,287,167,979,1423,4.9,45.9,0.3999,2005,2,2,3,23
7902,1.7,1032,5.6,791,242,156,915,1278,4.5,47.9,0.4079,2005,2,3,4,0
7903,1.5,1046,6.0,812,242,153,940,1265,3.9,51.6,0.4226,2005,2,3,4,1
7904,1.1,975,3.9,707,192,128,902,1107,3.4,54.7,0.4323,2005,2,3,4,2
7905,0.9,932,2.8,642,141,96,871,1014,3.3,56.1,0.4379,2005,2,3,4,3
7906,1.5,926,2.6,623,134,96,873,1011,2.0,60.8,0.4337,2005,2,3,4,4
7907,0.3,932,2.9,645,142,105,882,1006,1.2,63.7,0.4327,2005,2,3,4,5
7908,0.4,937,2.8,640,194,130,870,1010,2.1,60.3,0.4368,2005,2,3,4,6
7909,0.6,996,4.2,724,216,134,938,1067,1.3,63.1,0.4322,2005,2,3,4,7
7917,2.1,1280,11.4,1030,459,174,1246,1480,14.9,34.9,0.5869,2005,2,3,4,15
7918,2.0,1256,10.2,986,407,157,1240,1413,15.7,34.5,0.6111,2005,2,3,4,16
7919,2.4,1358,14.3,1128,434,170,1344,1611,14.7,37.2,0.618,2005,2,3,4,17
7926,1.2,1083,6.4,828,235,161,1067,1273,6.0,62.7,0.589,2005,2,4,5,0
7927,1.2,1055,5.1,771,217,147,1030,1174,5.1,65.4,0.5797,2005,2,4,5,1
7928,0.7,973,3.3,672,141,111,954,1031,4.7,64.6,0.5568,2005,2,4,5,2
7929,0.9,1039,5.3,777,141,96,1031,1082,2.9,72.2,0.5523,2005,2,4,5,3
7930,0.8,949,3.1,657,158,115,948,991,5.0,63.5,0.5575,2005,2,4,5,4
7931,0.4,920,2.2,601,87,80,920,925,3.9,65.5,0.5367,2005,2,4,5,5
7932,0.7,989,3.9,703,194,122,988,1017,1.8,74.5,0.5271,2005,2,4,5,6
7933,1.4,1100,6.9,854,401,186,1075,1187,1.8,73.7,0.5198,2005,2,4,5,7
7938,1.5,1056,7.0,857,309,169,1028,1117,15.0,28.5,0.4821,2005,2,4,5,12
7939,1.2,1019,6.3,825,229,138,994,901,14.5,28.3,0.4665,2005,2,4,5,13
7940,1.9,1084,8.6,923,312,149,1085,1046,12.9,31.8,0.4707,2005,2,4,5,14
7941,1.5,998,6.6,841,276,165,979,884,12.1,32.3,0.4548,2005,2,4,5,15
7942,1.4,987,6.1,816,236,156,959,821,11.3,33.5,0.4476,2005,2,4,5,16
7943,1.9,1079,8.8,932,312,184,1018,1056,11.4,32.6,0.4373,2005,2,4,5,17
7944,2.2,1096,9.4,954,345,197,1085,1139,9.1,37.8,0.4372,2005,2,4,5,18
7948,1.6,1017,5.8,805,287,174,958,1032,6.3,45.8,0.4408,2005,2,4,5,22
7949,1.3,1017,5.3,776,239,157,946,971,6.0,46.1,0.4351,2005,2,4,5,23
7950,1.6,1041,5.3,778,266,166,947,1011,5.5,49.0,0.4471,2005,2,5,6,0
7951,1.5,1034,5.1,769,261,167,952,1049,4.9,52.0,0.4548,2005,2,5,6,1
7952,1.3,1009,4.8,751,223,154,939,1053,4.1,54.7,0.4536,2005,2,5,6,2
7953,1.6,1105,6.4,828,141,96,997,1157,2.1,64.2,0.4633,2005,2,5,6,3
7954,2.0,1084,7.0,859,272,164,1017,1163,1.5,66.2,0.4571,2005,2,5,6,4
7955,1.3,989,4.4,731,226,149,936,1018,1.0,67.7,0.4523,2005,2,5,6,5
7956,0.9,1047,5.6,792,250,150,957,1121,0.8,69.9,0.4591,2005,2,5,6,6
7960,1.3,966,4.9,760,302,200,890,940,7.5,39.2,0.4091,2005,2,5,6,10
7961,0.9,927,3.8,702,210,147,847,750,9.0,34.5,0.398,2005,2,5,6,11
7962,1.0,909,3.4,678,180,128,838,652,9.2,34.5,0.4025,2005,2,5,6,12
7963,1.0,941,4.2,723,165,121,880,643,9.3,33.8,0.3981,2005,2,5,6,13
7964,1.1,903,3.7,696,180,129,850,629,9.3,33.1,0.3874,2005,2,5,6,14
7965,0.8,891,3.3,668,147,110,819,549,9.7,30.8,0.3716,2005,2,5,6,15
7966,1.0,904,3.4,674,177,126,824,578,9.6,31.1,0.3718,2005,2,5,6,16
7967,0.9,900,3.1,659,157,121,807,582,8.6,32.8,0.3669,2005,2,5,6,17
7968,0.9,926,4.3,725,195,142,847,694,7.2,35.0,0.3567,2005,2,5,6,18
7969,1.6,999,6.2,821,263,174,915,926,6.4,36.8,0.3566,2005,2,5,6,19
7970,1.4,994,5.2,774,239,168,917,915,6.0,40.2,0.3773,2005,2,5,6,20
7971,1.4,1010,5.8,801,267,180,944,986,5.5,42.6,0.3874,2005,2,5,6,21
7972,1.1,938,3.5,685,214,157,870,840,4.9,43.7,0.3809,2005,2,5,6,22
7973,1.2,983,4.9,760,236,162,898,939,4.2,43.2,0.3605,2005,2,5,6,23
7974,1.8,963,4.7,749,251,173,834,869,4.0,39.2,0.3228,2005,2,6,7,0
7975,1.4,962,4.9,756,255,176,843,908,3.7,40.1,0.323,2005,2,6,7,1
7976,1.4,980,5.0,761,235,172,876,1051,3.1,47.1,0.3638,2005,2,6,7,2
7977,0.9,914,2.9,644,141,96,832,922,2.6,48.8,0.3658,2005,2,6,7,3
7978,1.5,898,2.6,624,129,108,825,871,0.8,53.8,0.3542,2005,2,6,7,4
7979,0.8,854,1.8,572,95,88,788,793,1.2,51.9,0.3515,2005,2,6,7,5
7980,0.7,838,1.3,531,95,85,774,753,1.0,52.2,0.3489,2005,2,6,7,6
7981,0.7,831,1.5,543,100,88,787,737,0.6,53.3,0.3467,2005,2,6,7,7
7982,0.6,833,1.3,526,110,94,771,722,0.8,52.8,0.3468,2005,2,6,7,8
7983,0.8,870,2.0,582,149,115,791,737,0.3,53.7,0.3424,2005,2,6,7,9
7984,1.3,984,4.3,727,197,137,908,913,4.1,42.9,0.3551,2005,2,6,7,10
7986,1.7,968,4.6,743,249,173,840,774,10.7,25.2,0.3242,2005,2,6,7,12
7987,1.2,911,3.5,683,188,135,790,558,11.1,23.5,0.3105,2005,2,6,7,13
7988,1.0,868,2.1,590,127,100,753,420,10.6,26.0,0.332,2005,2,6,7,14
7989,0.8,868,1.9,576,96,78,755,363,10.3,27.7,0.3481,2005,2,6,7,15
7990,1.0,904,2.7,633,138,100,789,410,10.2,28.3,0.3516,2005,2,6,7,16
7991,1.4,944,3.7,693,217,150,832,568,9.2,29.9,0.3479,2005,2,6,7,17
7992,1.1,925,2.9,649,186,142,819,570,6.9,36.4,0.3635,2005,2,6,7,18
7993,1.6,985,4.5,736,227,165,875,774,6.0,38.0,0.3584,2005,2,6,7,19
7994,1.8,1002,5.3,780,252,179,892,857,5.8,36.4,0.3385,2005,2,6,7,20
7995,1.4,938,3.7,692,193,149,805,737,5.8,35.4,0.3286,2005,2,6,7,21
7996,1.1,896,2.6,627,158,126,782,610,5.4,36.6,0.3304,2005,2,6,7,22
7997,1.0,907,2.4,614,150,120,782,627,5.1,37.9,0.3358,2005,2,6,7,23
7998,1.1,902,2.4,613,130,110,777,566,4.8,38.0,0.33,2005,2,7,1,0
7999,1.0,885,2.0,582,104,92,760,517,4.5,38.1,0.3249,2005,2,7,1,1
8000,0.8,863,1.5,545,86,78,749,484,4.3,38.1,0.3207,2005,2,7,1,2
8001,0.6,861,1.2,518,141,96,738,482,3.9,39.9,0.325,2005,2,7,1,3
8002,0.6,852,0.8,482,67,65,726,496,3.8,41.0,0.3327,2005,2,7,1,4
8003,0.6,879,1.0,495,75,73,753,623,3.3,44.6,0.3499,2005,2,7,1,5
8004,0.6,900,1.3,525,97,85,780,696,3.6,44.5,0.3574,2005,2,7,1,6
8005,0.8,963,2.4,615,177,133,837,916,3.4,47.0,0.3713,2005,2,7,1,7
8009,1.7,1029,6.5,835,262,182,897,1002,10.8,25.2,0.3251,2005,2,7,1,11
8010,1.4,973,5.7,797,221,154,845,769,12.9,20.6,0.3045,2005,2,7,1,12
8011,1.6,981,6.2,820,265,168,876,784,12.2,21.4,0.3033,2005,2,7,1,13
8012,1.4,960,5.4,784,219,149,868,643,12.0,21.9,0.3069,2005,2,7,1,14
8013,1.3,973,4.9,761,235,156,865,682,12.2,24.0,0.3392,2005,2,7,1,15
8014,1.4,968,5.0,765,227,156,863,692,12.0,24.3,0.3393,2005,2,7,1,16
8015,1.7,1022,6.9,854,285,187,941,926,10.5,27.8,0.3525,2005,2,7,1,17
8016,1.9,1067,7.5,879,291,194,989,996,8.7,33.9,0.3832,2005,2,7,1,18
8018,2.0,1081,7.7,885,243,174,1017,1058,7.2,39.4,0.4032,2005,2,7,1,20
8019,1.6,988,4.5,738,209,154,906,893,7.1,39.6,0.4019,2005,2,7,1,21
8020,1.0,932,2.7,630,147,117,842,681,7.1,39.6,0.4001,2005,2,7,1,22
8021,0.9,923,2.3,602,117,98,831,599,7.2,39.3,0.4004,2005,2,7,1,23
8022,0.9,915,2.1,589,105,90,813,550,6.9,39.6,0.3966,2005,2,8,2,0
8023,0.9,879,1.4,534,84,74,785,470,7.0,39.8,0.4006,2005,2,8,2,1
8024,0.5,852,0.8,479,51,49,761,375,7.1,40.5,0.409,2005,2,8,2,2
8025,0.4,844,0.6,453,141,96,748,337,6.9,40.9,0.4091,2005,2,8,2,3
8026,0.5,878,1.0,496,54,54,782,451,6.0,42.9,0.404,2005,2,8,2,4
8027,0.6,910,1.3,524,74,69,802,600,6.4,42.7,0.4126,2005,2,8,2,5
8028,0.6,918,1.6,551,114,92,817,712,6.1,43.6,0.4129,2005,2,8,2,6
8029,1.0,991,3.0,653,228,146,885,931,5.9,45.1,0.4211,2005,2,8,2,7
8033,1.6,1088,6.9,853,277,180,996,1122,10.5,33.4,0.4246,2005,2,8,2,11
8034,1.8,1064,7.6,881,340,194,979,1099,11.4,27.8,0.3748,2005,2,8,2,12
8035,1.5,1047,6.9,854,238,158,959,904,12.7,27.4,0.4011,2005,2,8,2,13
8036,2.2,1075,8.5,920,323,184,992,1022,13.3,23.3,0.354,2005,2,8,2,14
8037,1.6,973,5.3,777,286,165,844,719,13.9,20.7,0.3271,2005,2,8,2,15
8038,1.5,942,4.4,733,271,156,800,609,13.6,20.0,0.3093,2005,2,8,2,16
8039,1.8,1053,7.9,895,276,172,1446,942,17.2,48.6,0.9768,2005,2,8,2,17
8040,1.8,1053,7.9,895,295,194,1446,942,17.2,48.6,0.9768,2005,2,8,2,18
8042,1.9,1053,7.9,895,275,187,1446,942,17.2,48.6,0.9768,2005,2,8,2,20
8043,1.9,1053,7.9,895,293,187,1446,942,17.2,48.6,0.9768,2005,2,8,2,21
8044,1.1,1053,7.9,895,157,127,1446,942,17.2,48.6,0.9768,2005,2,8,2,22
8045,0.9,1053,7.9,895,133,107,1446,942,17.2,48.6,0.9768,2005,2,8,2,23
8046,0.8,1053,7.9,895,120,99,1446,942,17.2,48.6,0.9768,2005,2,9,3,0
8047,0.9,1053,7.9,895,122,100,1446,942,17.2,48.6,0.9768,2005,2,9,3,1
8048,0.7,1053,7.9,895,80,73,1446,942,17.2,48.6,0.9768,2005,2,9,3,2
8049,0.8,1053,7.9,895,141,96,1446,942,17.2,48.6,0.9768,2005,2,9,3,3
8050,1.5,1053,7.9,895,88,83,1446,942,17.2,48.6,0.9768,2005,2,9,3,4
8051,0.7,1053,7.9,895,109,92,1446,942,17.2,48.6,0.9768,2005,2,9,3,5
8052,0.6,1053,7.9,895,120,100,1446,942,17.2,48.6,0.9768,2005,2,9,3,6
8053,1.0,1053,7.9,895,233,149,1446,942,17.2,48.6,0.9768,2005,2,9,3,7
8057,2.1,1053,7.9,895,266,165,1446,942,17.2,48.6,0.9768,2005,2,9,3,11
8058,2.0,1053,7.9,895,261,168,1446,942,17.2,48.6,0.9768,2005,2,9,3,12
8059,2.0,1053,7.9,895,220,151,1446,942,17.2,48.6,0.9768,2005,2,9,3,13
8060,2.3,1053,7.9,895,241,152,1446,942,17.2,48.6,0.9768,2005,2,9,3,14
8061,2.0,1053,7.9,895,208,144,1446,942,17.2,48.6,0.9768,2005,2,9,3,15
8062,2.1,1053,7.9,895,215,148,1446,942,17.2,48.6,0.9768,2005,2,9,3,16
8063,2.3,1053,7.9,895,257,176,1446,942,17.2,48.6,0.9768,2005,2,9,3,17
8067,2.9,1053,7.9,895,254,187,1446,942,17.2,48.6,0.9768,2005,2,9,3,21
8068,2.2,1053,7.9,895,228,157,1446,942,17.2,48.6,0.9768,2005,2,9,3,22
8069,1.9,1053,7.9,895,156,123,1446,942,17.2,48.6,0.9768,2005,2,9,3,23
8070,2.0,1053,7.9,895,161,126,1446,942,17.2,48.6,0.9768,2005,2,10,4,0
8071,1.8,1053,7.9,895,123,106,1446,942,17.2,48.6,0.9768,2005,2,10,4,1
8072,1.6,1053,7.9,895,108,95,1446,942,17.2,48.6,0.9768,2005,2,10,4,2
8073,1.5,1053,7.9,895,141,96,1446,942,17.2,48.6,0.9768,2005,2,10,4,3
8074,1.4,1053,7.9,895,95,87,1446,942,17.2,48.6,0.9768,2005,2,10,4,4
8075,1.5,1053,7.9,895,102,88,1446,942,17.2,48.6,0.9768,2005,2,10,4,5
8076,1.7,1053,7.9,895,178,134,1446,942,17.2,48.6,0.9768,2005,2,10,4,6
8077,1.9,1053,7.9,895,214,156,1446,942,17.2,48.6,0.9768,2005,2,10,4,7
8082,2.7,1053,7.9,895,418,185,1446,942,17.2,48.6,0.9768,2005,2,10,4,12
8083,2.2,1053,7.9,895,250,147,1446,942,17.2,48.6,0.9768,2005,2,10,4,13
8084,2.4,1053,7.9,895,226,128,1446,942,17.2,48.6,0.9768,2005,2,10,4,14
8085,2.2,1053,7.9,895,271,131,1446,942,17.2,48.6,0.9768,2005,2,10,4,15
8086,2.3,1053,7.9,895,288,135,1446,942,17.2,48.6,0.9768,2005,2,10,4,16
8087,2.6,1053,7.9,895,299,149,1446,942,17.2,48.6,0.9768,2005,2,10,4,17
8092,2.7,1053,7.9,895,345,194,1446,942,17.2,48.6,0.9768,2005,2,10,4,22
8093,2.4,1053,7.9,895,255,164,1446,942,17.2,48.6,0.9768,2005,2,10,4,23
8094,2.3,1053,7.9,895,211,148,1446,942,17.2,48.6,0.9768,2005,2,11,5,0
8095,2.2,1053,7.9,895,190,136,1446,942,17.2,48.6,0.9768,2005,2,11,5,1
8096,2.0,1053,7.9,895,149,116,1446,942,17.2,48.6,0.9768,2005,2,11,5,2
8097,1.6,1053,7.9,895,141,96,1446,942,17.2,48.6,0.9768,2005,2,11,5,3
8098,1.6,1053,7.9,895,107,91,1446,942,17.2,48.6,0.9768,2005,2,11,5,4
8099,1.5,1053,7.9,895,98,87,1446,942,17.2,48.6,0.9768,2005,2,11,5,5
8100,1.7,1053,7.9,895,183,123,1446,942,17.2,48.6,0.9768,2005,2,11,5,6
8101,1.8,1053,7.9,895,224,152,1446,942,17.2,48.6,0.9768,2005,2,11,5,7
8117,3.6,1463,12.6,1069,422,192,1279,1967,7.1,58.1,0.5885,2005,2,11,5,23
8121,2.5,1185,5.9,807,141,96,1051,1467,5.0,66.3,0.5811,2005,2,12,6,3
8122,1.5,1154,5.5,788,223,146,1065,1390,5.1,65.9,0.5827,2005,2,12,6,4
8123,1.4,1175,6.6,839,214,136,1087,1371,4.1,69.0,0.5735,2005,2,12,6,5
8124,1.4,1203,7.3,870,274,156,1103,1427,4.6,67.6,0.5778,2005,2,12,6,6
8125,1.6,1250,8.8,933,338,176,1144,1489,5.2,65.5,0.5836,2005,2,12,6,7
8144,3.1,1574,13.3,1093,478,180,1451,1808,9.4,77.7,0.9203,2005,2,13,7,2
8145,2.7,1458,11.3,1024,141,96,1413,1571,9.6,78.7,0.9429,2005,2,13,7,3
8146,2.8,1515,12.5,1066,345,140,1430,1548,8.9,81.3,0.9277,2005,2,13,7,4
8147,2.9,1491,11.5,1031,373,153,1387,1541,8.5,82.9,0.9243,2005,2,13,7,5
8148,2.6,1453,10.9,1012,324,150,1348,1441,8.3,84.0,0.9234,2005,2,13,7,6
8149,2.6,1443,10.7,1003,341,145,1356,1396,8.1,85.0,0.9221,2005,2,13,7,7
8150,2.8,1473,11.9,1047,424,149,1420,1411,8.7,83.7,0.9423,2005,2,13,7,8
8151,3.3,1548,13.4,1097,522,155,1477,1497,9.5,82.4,0.976,2005,2,13,7,9
8152,3.2,1586,13.0,1084,492,158,1473,1619,11.0,78.2,1.022,2005,2,13,7,10
8153,3.3,1488,11.2,1023,492,188,1456,1590,14.1,67.9,1.0859,2005,2,13,7,11
8154,1.5,1220,5.5,787,204,154,1310,1163,16.3,56.6,1.0422,2005,2,13,7,12
8155,1.2,1198,4.9,758,142,107,1277,1001,18.7,48.0,1.0259,2005,2,13,7,13
8156,1.1,1168,6.5,836,118,92,1278,822,19.5,39.3,0.882,2005,2,13,7,14
8157,1.7,1149,8.4,917,126,106,1293,773,19.9,34.1,0.782,2005,2,13,7,15
8158,1.0,1052,4.4,734,115,90,1109,588,19.4,32.4,0.7239,2005,2,13,7,16
8159,1.0,1053,4.3,727,137,100,1081,610,17.1,35.8,0.6944,2005,2,13,7,17
8160,2.6,1238,11.6,1037,212,132,1388,1000,15.5,40.7,0.7103,2005,2,13,7,18
8162,2.1,1150,7.8,891,331,179,1198,1002,13.9,43.8,0.6937,2005,2,13,7,20
8163,1.0,984,3.7,694,141,116,1032,711,13.7,42.9,0.6687,2005,2,13,7,21
8164,1.3,1111,5.3,777,228,143,1137,1024,12.5,47.8,0.6877,2005,2,13,7,22
8165,1.5,1131,5.6,793,228,142,1173,1054,11.8,53.4,0.7366,2005,2,13,7,23
8166,1.4,1115,5.3,778,203,135,1158,994,10.9,55.9,0.7312,2005,2,14,1,0
8167,1.6,1133,6.0,811,215,136,1182,1031,10.1,58.9,0.7301,2005,2,14,1,1
8168,1.1,1024,4.0,709,142,109,1120,884,9.8,61.2,0.7413,2005,2,14,1,2
8169,0.7,968,2.8,639,141,96,1080,794,8.4,67.1,0.7411,2005,2,14,1,3
8170,0.5,923,1.8,567,66,62,1024,688,8.3,67.2,0.7382,2005,2,14,1,4
8171,0.4,902,1.5,548,54,49,1024,617,7.7,68.9,0.728,2005,2,14,1,5
8172,0.7,995,2.9,646,121,81,1053,818,6.9,70.0,0.6997,2005,2,14,1,6
8173,0.7,858,2.2,597,141,104,857,690,9.0,37.3,0.4297,2005,2,14,1,7
8174,2.3,1233,11.4,1030,388,176,1257,1291,9.4,44.9,0.5296,2005,2,14,1,8
8175,2.5,1140,9.5,958,366,193,1175,1200,10.3,45.4,0.5666,2005,2,14,1,9
8176,1.7,1096,11.6,1036,254,168,1043,1127,11.5,39.6,0.5372,2005,2,14,1,10
8177,2.5,1295,33.9,1639,164,123,1013,1582,11.7,36.9,0.506,2005,2,14,1,11
8178,2.1,926,7.6,882,142,111,913,700,11.8,36.2,0.4999,2005,2,14,1,12
8179,1.1,970,7.0,857,162,120,990,693,12.0,38.7,0.5402,2005,2,14,1,13
8180,1.3,960,6.9,853,177,123,967,709,13.7,30.3,0.4724,2005,2,14,1,14
8181,1.1,941,5.8,800,157,115,917,671,12.6,30.6,0.4443,2005,2,14,1,15
8182,1.1,921,5.2,771,162,120,885,632,13.0,27.4,0.4085,2005,2,14,1,16
8183,1.4,940,6.4,829,209,140,901,716,13.6,22.7,0.3529,2005,2,14,1,17
8184,2.3,1036,11.9,1046,304,185,1044,1059,11.8,23.0,0.3171,2005,2,14,1,18
8186,3.5,1035,14.7,1141,399,200,1018,1196,10.4,18.0,0.2269,2005,2,14,1,20
8187,3.0,990,10.0,978,390,191,928,1131,9.7,20.6,0.2488,2005,2,14,1,21
8188,1.7,950,6.6,839,287,169,878,977,9.4,24.8,0.2923,2005,2,14,1,22
8189,1.6,988,6.6,839,202,139,936,963,8.8,31.2,0.3533,2005,2,14,1,23
8190,1.0,884,3.1,658,126,102,813,581,8.7,31.2,0.3521,2005,2,15,2,0
8191,0.8,840,2.2,597,87,76,766,432,8.5,30.4,0.3391,2005,2,15,2,1
8192,0.6,814,1.3,526,59,56,740,352,8.0,32.9,0.353,2005,2,15,2,2
8193,0.4,821,1.1,509,141,96,762,348,7.1,37.4,0.3799,2005,2,15,2,3
8194,1.5,802,0.5,440,31,30,738,312,6.9,39.1,0.3901,2005,2,15,2,4
8195,0.3,805,0.5,437,28,28,738,296,6.9,39.8,0.3966,2005,2,15,2,5
8196,0.4,850,1.3,529,64,56,780,385,6.1,40.8,0.3868,2005,2,15,2,6
8197,0.5,913,2.5,619,123,94,834,586,6.0,41.5,0.3896,2005,2,15,2,7
8198,1.5,1047,6.7,844,363,196,979,987,6.1,39.9,0.3781,2005,2,15,2,8
8200,1.6,974,5.3,778,286,168,905,782,9.4,32.7,0.3855,2005,2,15,2,10
8201,1.0,863,3.3,669,198,133,776,511,11.3,24.9,0.3318,2005,2,15,2,11
8202,1.2,889,4.4,734,216,134,801,566,12.8,19.8,0.2933,2005,2,15,2,12
8203,1.3,906,5.5,790,211,138,837,642,12.3,19.3,0.274,2005,2,15,2,13
8204,1.4,874,4.8,751,199,135,792,591,12.0,19.3,0.2716,2005,2,15,2,14
8205,1.0,849,3.5,680,161,111,741,461,11.9,19.2,0.2677,2005,2,15,2,15
8206,1.4,923,4.9,761,218,124,840,609,12.1,20.7,0.2906,2005,2,15,2,16
8207,1.5,962,6.6,841,252,158,901,821,11.5,22.1,0.2987,2005,2,15,2,17
8208,2.4,1067,12.3,1059,337,181,1085,1163,10.4,23.1,0.2905,2005,2,15,2,18
8209,2.8,1125,14.1,1121,357,185,1132,1405,9.5,25.2,0.2996,2005,2,15,2,19
8210,3.1,1149,14.2,1124,410,187,1141,1405,8.9,26.9,0.3069,2005,2,15,2,20
8211,3.1,1155,11.6,1034,445,196,1061,1429,8.2,30.1,0.327,2005,2,15,2,21
8212,2.0,1065,8.2,908,314,174,953,1284,7.4,31.8,0.3287,2005,2,15,2,22
8213,2.1,1145,9.2,946,366,182,1015,1409,6.6,37.5,0.3664,2005,2,15,2,23
8214,1.9,1134,8.3,912,336,182,999,1376,6.3,40.1,0.3842,2005,2,16,3,0
8215,2.5,1195,10.7,1004,387,193,1078,1421,5.2,44.2,0.3943,2005,2,16,3,1
8216,2.0,1141,8.0,898,320,174,1014,1356,4.4,47.5,0.4017,2005,2,16,3,2
8217,1.4,1077,5.9,806,141,96,949,1296,4.0,49.1,0.4019,2005,2,16,3,3
8218,1.1,1052,4.5,740,237,142,913,1202,3.3,52.2,0.4074,2005,2,16,3,4
8219,0.8,1033,3.8,701,224,137,883,1206,3.2,52.4,0.4071,2005,2,16,3,5
8220,0.9,1080,5.1,768,237,140,924,1305,3.6,51.7,0.4123,2005,2,16,3,6
8225,1.3,956,5.0,761,205,98,887,885,9.1,33.0,0.3827,2005,2,16,3,11
8226,1.1,955,4.3,725,205,138,880,770,9.1,34.5,0.3994,2005,2,16,3,12
8227,1.5,997,6.3,825,226,139,948,852,9.6,31.3,0.3763,2005,2,16,3,13
8228,1.5,987,6.0,810,199,137,939,830,8.5,36.3,0.4026,2005,2,16,3,14
8229,1.6,1007,5.7,798,253,155,942,867,9.3,34.6,0.405,2005,2,16,3,15
8230,1.5,1025,5.6,795,259,155,967,881,8.9,37.9,0.4318,2005,2,16,3,16
8231,1.6,1083,7.0,856,252,148,1010,975,8.2,41.8,0.4563,2005,2,16,3,17
8232,2.2,1143,9.5,960,313,153,1110,1136,7.4,44.5,0.4582,2005,2,16,3,18
8233,3.4,1288,15.9,1178,433,171,1300,1434,7.0,43.4,0.4366,2005,2,16,3,19
8237,2.4,1089,8.3,913,357,200,1016,1208,5.8,40.3,0.374,2005,2,16,3,23
8238,2.7,1196,11.0,1014,375,192,1101,1334,5.4,43.8,0.3945,2005,2,17,4,0
8239,2.6,1107,7.4,874,326,187,984,1208,5.7,42.1,0.3883,2005,2,17,4,1
8240,2.3,1102,7.9,897,326,173,1024,1196,5.7,42.1,0.3885,2005,2,17,4,2
8241,1.0,993,3.6,688,141,96,874,931,5.8,42.9,0.399,2005,2,17,4,3
8242,0.6,912,1.7,559,72,64,837,656,5.7,46.6,0.4298,2005,2,17,4,4
8243,0.5,883,1.0,496,49,46,804,478,6.9,45.0,0.4499,2005,2,17,4,5
8244,0.5,893,1.1,507,59,51,794,489,6.9,42.2,0.4224,2005,2,17,4,6
8245,1.0,1033,4.0,711,220,115,935,893,6.4,43.8,0.423,2005,2,17,4,7
8248,1.8,1035,5.4,783,295,167,969,943,10.1,36.7,0.4536,2005,2,17,4,10
8249,1.2,990,3.9,705,217,139,913,772,9.0,41.4,0.4775,2005,2,17,4,11
8250,1.3,1011,4.4,732,236,147,944,826,8.7,42.5,0.4787,2005,2,17,4,12
8251,1.4,1041,5.0,763,196,130,1003,808,8.3,47.8,0.5238,2005,2,17,4,13
8252,1.8,1086,6.8,850,233,143,1072,901,8.9,45.5,0.5208,2005,2,17,4,14
8253,1.3,1021,4.8,755,207,143,980,763,8.9,46.1,0.5256,2005,2,17,4,15
8254,1.4,1014,5.0,761,198,136,972,722,9.0,44.9,0.5173,2005,2,17,4,16
8255,1.4,1023,5.2,771,212,143,982,735,9.3,42.3,0.4974,2005,2,17,4,17
8256,2.4,1172,10.0,977,280,177,1160,1047,8.4,45.2,0.4977,2005,2,17,4,18
8257,2.8,1172,11.1,1017,315,198,1185,1163,7.6,47.8,0.5013,2005,2,17,4,19
8258,3.3,1219,12.9,1081,378,200,1246,1244,7.4,47.2,0.4871,2005,2,17,4,20
8259,2.5,1106,7.8,891,320,191,1058,1025,7.4,46.9,0.4854,2005,2,17,4,21
8260,2.1,1078,6.3,824,265,169,1016,982,6.9,48.2,0.4832,2005,2,17,4,22
8261,1.2,939,2.8,637,129,106,883,607,7.1,47.9,0.4867,2005,2,17,4,23
8262,1.2,975,3.3,670,129,105,910,616,6.9,48.7,0.4874,2005,2,18,5,0
8263,1.3,958,3.1,660,172,130,905,654,6.8,48.2,0.4792,2005,2,18,5,1
8264,1.0,921,2.1,594,100,82,867,479,6.3,49.6,0.4787,2005,2,18,5,2
8265,0.8,931,1.9,580,141,96,863,487,5.6,52.9,0.4855,2005,2,18,5,3
8266,1.5,874,0.7,472,49,45,803,382,6.4,49.8,0.4814,2005,2,18,5,4
8267,0.4,872,0.8,476,36,35,794,350,6.9,48.1,0.4796,2005,2,18,5,5
8268,0.5,904,1.3,530,79,60,846,438,6.4,50.2,0.485,2005,2,18,5,6
8269,0.7,951,1.8,568,128,90,888,578,6.4,50.7,0.4886,2005,2,18,5,7
8271,2.5,1187,9.8,970,477,199,1174,1203,8.4,44.6,0.4922,2005,2,18,5,9
8272,2.0,1072,7.4,874,342,153,1033,1000,10.8,37.1,0.4794,2005,2,18,5,10
8273,1.4,1011,5.3,780,254,163,964,806,11.2,36.2,0.4818,2005,2,18,5,11
8274,1.3,997,4.8,752,231,152,952,724,11.8,34.4,0.4758,2005,2,18,5,12
8275,1.4,989,5.6,791,213,146,953,690,11.5,33.1,0.4479,2005,2,18,5,13
8276,1.6,1006,6.6,837,208,146,971,757,10.9,32.6,0.426,2005,2,18,5,14
8277,1.7,1016,6.7,845,270,134,987,818,11.3,31.7,0.4249,2005,2,18,5,15
8278,1.8,1069,8.4,918,276,164,1045,936,11.6,30.9,0.4223,2005,2,18,5,16
8279,2.4,1109,10.3,989,375,141,1096,1133,11.1,32.2,0.4243,2005,2,18,5,17
8284,2.4,1161,9.8,969,369,190,1111,1271,7.0,44.2,0.4446,2005,2,18,5,22
8288,1.5,1008,4.3,726,228,156,913,1083,3.1,56.7,0.4388,2005,2,19,6,2
8289,1.2,966,3.9,703,141,96,903,989,2.2,59.6,0.4333,2005,2,19,6,3
8290,0.9,931,2.6,627,117,98,860,911,2.3,58.9,0.4317,2005,2,19,6,4
8291,0.8,922,2.4,611,108,89,867,893,1.9,60.0,0.4276,2005,2,19,6,5
8292,0.8,911,2.3,606,126,104,866,894,1.9,60.3,0.4293,2005,2,19,6,6
8293,1.1,993,4.5,736,235,148,941,1018,0.9,64.6,0.4294,2005,2,19,6,7
8294,1.9,1100,8.5,919,339,194,1072,1191,0.6,65.0,0.4231,2005,2,19,6,8
8296,2.2,1085,5.7,800,346,200,983,1219,3.1,57.2,0.4402,2005,2,19,6,10
8299,1.2,992,3.5,685,166,126,902,818,11.2,34.5,0.4586,2005,2,19,6,13
8300,1.2,1018,3.7,693,157,118,937,683,13.8,32.4,0.5084,2005,2,19,6,14
8301,1.1,981,2.9,649,141,114,901,573,12.4,34.9,0.5002,2005,2,19,6,15
8302,1.1,988,3.4,679,144,117,911,595,12.8,31.9,0.4684,2005,2,19,6,16
8303,1.4,1059,5.3,777,191,140,969,774,13.5,29.1,0.4486,2005,2,19,6,17
8304,1.7,1110,7.3,870,255,168,1057,1059,11.6,33.3,0.454,2005,2,19,6,18
8309,1.9,1207,7.7,888,293,181,1062,1447,9.3,41.9,0.4927,2005,2,19,6,23
8310,1.9,1222,7.5,880,269,173,1083,1367,9.4,44.7,0.5279,2005,2,20,7,0
8311,1.7,1141,6.1,816,244,169,1026,1230,8.5,45.8,0.5108,2005,2,20,7,1
8312,2.2,1228,8.3,913,293,174,1124,1396,7.8,50.0,0.53,2005,2,20,7,2
8313,1.6,1120,5.1,770,141,96,1012,1191,7.7,49.7,0.5242,2005,2,20,7,3
8314,1.5,1067,4.9,758,177,130,993,1009,8.2,46.9,0.5099,2005,2,20,7,4
8315,0.8,947,1.9,580,81,72,894,572,8.4,48.6,0.5375,2005,2,20,7,5
8316,0.5,918,1.0,501,42,40,881,420,8.0,54.7,0.5883,2005,2,20,7,6
8317,0.5,920,1.1,506,61,56,905,453,7.8,55.7,0.5914,2005,2,20,7,7
8318,0.7,941,1.5,541,101,81,919,520,8.0,53.8,0.5796,2005,2,20,7,8
8319,0.7,949,1.6,552,98,81,919,531,8.8,50.7,0.5752,2005,2,20,7,9
8320,0.9,990,2.3,604,114,88,947,579,10.1,47.6,0.587,2005,2,20,7,10
8321,1.0,996,2.5,620,118,94,946,570,10.6,45.8,0.5838,2005,2,20,7,11
8322,1.1,1023,2.5,623,120,97,976,571,9.1,56.2,0.6515,2005,2,20,7,12
8323,1.1,1037,2.8,636,151,112,1024,582,7.9,66.5,0.7124,2005,2,20,7,13
8324,1.0,1017,2.4,613,131,104,1007,551,8.0,65.0,0.6991,2005,2,20,7,14
8325,1.1,1042,3.3,671,145,107,1038,634,8.4,61.0,0.6721,2005,2,20,7,15
8326,1.3,1037,3.2,665,156,114,1013,633,8.6,57.3,0.6429,2005,2,20,7,16
8327,1.2,1009,2.8,640,151,115,996,613,8.4,56.3,0.6227,2005,2,20,7,17
8328,1.3,1033,3.4,675,173,127,1006,702,8.0,57.7,0.6222,2005,2,20,7,18
8329,1.1,1016,2.9,647,154,119,997,649,7.1,62.6,0.6341,2005,2,20,7,19
8330,1.5,1076,4.6,745,221,149,1040,841,7.4,59.3,0.6123,2005,2,20,7,20
8331,1.4,1029,3.8,699,193,140,1001,795,7.7,56.9,0.5994,2005,2,20,7,21
8332,1.1,984,3.1,661,130,105,965,638,7.7,54.4,0.5753,2005,2,20,7,22
8333,1.3,1003,3.7,694,156,116,976,663,7.7,53.0,0.5572,2005,2,20,7,23
8334,1.4,1009,3.3,671,148,112,1010,610,6.7,62.8,0.6188,2005,2,21,1,0
8335,1.1,946,2.1,588,93,80,948,480,6.6,61.9,0.6056,2005,2,21,1,1
8336,0.8,910,1.2,518,66,59,936,404,5.7,70.3,0.6498,2005,2,21,1,2
8337,0.6,886,0.7,464,141,96,919,357,4.5,79.2,0.6751,2005,2,21,1,3
8338,1.5,879,0.5,447,38,36,910,348,4.0,81.5,0.6712,2005,2,21,1,4
8339,0.5,907,1.0,502,50,49,947,399,3.9,81.5,0.6653,2005,2,21,1,5
8340,0.6,949,2.1,589,77,63,1001,464,3.3,84.3,0.6617,2005,2,21,1,6
8341,1.2,1054,5.5,786,183,123,1129,699,4.2,80.9,0.6742,2005,2,21,1,7
8342,2.2,1214,10.9,1010,256,164,1282,1006,5.1,75.0,0.6646,2005,2,21,1,8
8348,1.8,1127,7.9,896,258,172,1227,1010,8.1,64.0,0.6942,2005,2,21,1,14
8349,1.6,1112,6.9,851,231,157,1184,931,6.9,71.3,0.7118,2005,2,21,1,15
8350,1.9,1186,8.6,925,290,181,1272,1025,7.0,73.7,0.7425,2005,2,21,1,16
8351,2.2,1192,10.0,976,335,194,1290,1110,7.3,70.0,0.7195,2005,2,21,1,17
8352,2.2,1177,8.8,931,293,193,1281,979,5.8,77.8,0.7223,2005,2,21,1,18
8356,1.4,1019,4.4,730,188,143,1082,916,5.6,71.9,0.6604,2005,2,21,1,22
8357,1.2,961,2.9,643,163,124,1046,825,6.4,70.7,0.6848,2005,2,21,1,23
8358,0.8,931,2.1,591,102,89,1015,704,6.3,70.1,0.6733,2005,2,22,2,0
8359,0.8,938,2.1,592,95,85,1032,668,4.4,80.5,0.6825,2005,2,22,2,1
8360,0.7,888,1.1,511,71,66,963,512,3.9,83.1,0.6787,2005,2,22,2,2
8361,0.4,844,0.6,454,141,96,908,385,2.5,86.6,0.6407,2005,2,22,2,3
8362,0.4,851,0.5,440,46,46,918,377,3.4,85.4,0.6736,2005,2,22,2,4
8363,0.5,905,1.0,503,62,60,956,467,3.3,84.5,0.6608,2005,2,22,2,5
8364,0.9,987,2.6,628,170,117,1035,691,3.4,84.5,0.664,2005,2,22,2,6
8365,1.5,1124,6.7,842,313,178,1180,981,3.4,84.5,0.6677,2005,2,22,2,7
8378,2.6,1062,8.1,903,270,190,1141,720,4.2,77.8,0.6491,2005,2,22,2,20
8380,1.4,940,3.6,686,190,150,1005,648,4.5,75.5,0.6429,2005,2,22,2,22
8381,0.9,935,2.6,628,126,111,986,611,4.4,77.1,0.6523,2005,2,22,2,23
8382,1.5,1011,4.3,725,189,142,1050,773,4.2,78.2,0.6506,2005,2,23,3,0
8383,1.1,952,3.2,665,146,119,1007,703,4.0,79.3,0.6517,2005,2,23,3,1
8384,0.8,899,1.8,572,98,87,951,560,3.9,78.7,0.643,2005,2,23,3,2
8385,0.6,880,1.4,533,141,96,948,499,3.5,80.6,0.6403,2005,2,23,3,3
8386,0.6,882,1.2,516,75,70,959,575,3.2,82.8,0.6426,2005,2,23,3,4
8387,0.6,844,0.7,466,77,68,894,478,4.1,76.0,0.6304,2005,2,23,3,5
8388,0.6,860,1.0,497,72,66,912,442,4.2,75.9,0.6311,2005,2,23,3,6
8389,0.7,917,2.2,597,152,117,994,602,4.5,76.3,0.648,2005,2,23,3,7
8390,1.7,1126,7.7,886,337,197,1208,936,4.4,79.1,0.6687,2005,2,23,3,8
8391,1.9,1033,6.2,820,360,198,1114,870,4.3,79.8,0.6706,2005,2,23,3,9
8392,1.4,944,3.8,697,243,167,1022,688,3.1,83.0,0.6419,2005,2,23,3,10
8393,1.3,955,3.6,687,277,180,1004,706,2.8,83.9,0.6326,2005,2,23,3,11
8394,1.2,992,3.7,694,266,169,1020,756,3.9,79.5,0.6482,2005,2,23,3,12
8405,1.5,1016,4.6,744,231,167,1053,1020,4.2,77.9,0.6479,2005,2,23,3,23
8406,1.6,1018,4.7,750,248,172,1051,916,3.2,83.0,0.645,2005,2,24,4,0
8407,1.1,937,2.6,625,142,120,983,798,5.1,74.5,0.6626,2005,2,24,4,1
8408,0.9,949,2.9,647,117,100,1023,762,4.0,80.8,0.6666,2005,2,24,4,2
8409,0.7,895,1.5,545,141,96,964,685,4.3,81.0,0.677,2005,2,24,4,3
8410,1.5,884,1.3,528,96,86,960,619,2.9,85.3,0.6503,2005,2,24,4,4
8411,0.6,883,1.2,518,87,81,962,606,3.3,84.5,0.6612,2005,2,24,4,5
8412,0.8,968,3.0,652,197,131,1051,788,3.6,84.4,0.6724,2005,2,24,4,6
8413,1.5,1071,5.5,787,290,170,1146,947,3.8,83.8,0.6771,2005,2,24,4,7
8418,1.4,1060,5.4,784,314,196,1117,941,5.5,79.5,0.7238,2005,2,24,4,12
8419,1.7,1121,7.4,873,317,195,1206,1000,6.7,76.2,0.7519,2005,2,24,4,13
8420,1.9,1118,7.7,888,290,189,1223,962,7.9,69.0,0.7394,2005,2,24,4,14
8429,2.1,1169,7.9,895,318,192,1201,1106,5.5,81.5,0.7393,2005,2,24,4,23
8431,2.1,1146,7.1,860,326,189,1181,1092,5.2,83.9,0.7487,2005,2,25,5,1
8432,1.5,1059,5.2,773,233,157,1127,984,5.1,83.5,0.7416,2005,2,25,5,2
8433,1.1,1010,3.4,679,141,96,1046,889,5.0,82.9,0.73,2005,2,25,5,3
8434,1.0,1007,3.4,677,116,97,1053,848,5.0,82.5,0.7265,2005,2,25,5,4
8435,0.8,932,2.1,595,120,100,1025,771,5.0,82.8,0.7273,2005,2,25,5,5
8436,1.0,998,4.1,717,228,146,1095,895,5.2,80.7,0.7219,2005,2,25,5,6
8437,1.4,1072,6.1,819,303,175,1161,1003,5.3,80.2,0.7179,2005,2,25,5,7
8438,3.6,1424,18.7,1260,141,96,1568,1442,5.7,79.7,0.734,2005,2,25,5,8
8439,5.8,1527,27.9,1502,141,96,1868,1727,6.2,76.8,0.7355,2005,2,25,5,9
8440,4.2,1364,17.8,1234,529,190,1533,1606,8.3,67.4,0.7384,2005,2,25,5,10
8441,3.3,1190,11.8,1044,615,166,1324,1354,10.8,52.1,0.6746,2005,2,25,5,11
8442,1.7,1021,6.6,839,298,153,1084,914,13.0,40.3,0.6028,2005,2,25,5,12
8443,2.1,1051,8.4,914,317,167,1122,913,10.9,44.8,0.5849,2005,2,25,5,13
8444,2.2,1021,7.6,882,305,137,1097,847,11.5,42.1,0.5706,2005,2,25,5,14
8445,1.8,1016,6.7,842,253,140,1067,778,12.5,38.5,0.5568,2005,2,25,5,15
8446,2.0,1040,7.9,893,296,150,1104,835,12.6,38.5,0.5586,2005,2,25,5,16
8447,2.3,1089,8.4,916,293,152,1124,903,12.3,38.4,0.5488,2005,2,25,5,17
8448,2.8,1148,12.1,1054,353,177,1233,1157,10.2,43.1,0.5366,2005,2,25,5,18
8449,3.4,1162,12.6,1070,399,189,1229,1237,8.6,48.2,0.5385,2005,2,25,5,19
8450,4.0,1197,13.6,1102,454,195,1309,1253,7.8,50.8,0.5384,2005,2,25,5,20
8451,2.3,1059,8.1,905,356,179,1098,1130,7.3,52.8,0.5404,2005,2,25,5,21
8452,2.7,1207,11.2,1023,473,188,1233,1373,6.2,62.4,0.5958,2005,2,25,5,22
8453,2.7,1188,10.1,983,482,170,1193,1338,5.1,68.2,0.6033,2005,2,25,5,23
8454,2.8,1153,8.8,933,443,161,1133,1268,4.7,69.0,0.5936,2005,2,26,6,0
8455,2.1,1061,6.8,849,373,145,1063,1125,4.0,69.8,0.5756,2005,2,26,6,1
8456,1.9,1028,6.4,831,320,136,1063,1054,3.4,71.3,0.5626,2005,2,26,6,2
8457,2.1,1082,6.7,843,141,96,1061,1090,2.8,74.0,0.5591,2005,2,26,6,3
8458,1.7,1037,5.2,771,233,122,1004,1029,2.3,75.1,0.5514,2005,2,26,6,4
8459,1.3,942,3.6,688,161,115,947,882,3.8,66.2,0.5359,2005,2,26,6,5
8460,0.9,904,2.7,633,137,103,897,717,4.6,60.5,0.5173,2005,2,26,6,6
8461,1.0,855,1.9,578,144,108,855,599,5.7,54.3,0.5022,2005,2,26,6,7
8462,1.0,914,3.9,705,182,124,926,687,6.2,51.3,0.488,2005,2,26,6,8
8463,1.5,933,4.1,714,227,133,927,706,6.7,49.5,0.4892,2005,2,26,6,9
8464,1.5,942,3.7,696,203,124,912,682,8.8,45.0,0.5114,2005,2,26,6,10
8465,1.4,943,3.6,688,179,116,909,629,9.6,43.5,0.5202,2005,2,26,6,11
8466,2.4,959,4.1,717,171,113,939,664,9.8,43.3,0.5238,2005,2,26,6,12
8467,2.8,971,4.5,739,181,117,972,664,9.9,43.5,0.53,2005,2,26,6,13
8468,2.9,954,4.5,735,175,118,953,630,9.8,44.1,0.5332,2005,2,26,6,14
8469,2.6,929,2.9,645,148,108,906,524,9.7,45.1,0.5417,2005,2,26,6,15
8470,2.5,933,3.1,660,132,98,911,488,9.0,47.3,0.542,2005,2,26,6,16
8471,2.7,967,3.9,704,162,117,961,609,7.4,56.0,0.5797,2005,2,26,6,17
8472,2.8,987,4.2,723,185,126,974,684,6.4,61.7,0.5956,2005,2,26,6,18
8473,3.0,1003,5.2,772,234,142,1008,788,6.8,58.0,0.5758,2005,2,26,6,19
8474,3.7,1138,10.2,986,275,157,1188,1030,7.3,56.7,0.5806,2005,2,26,6,20
8475,3.5,1087,8.1,903,272,161,1106,1026,7.2,56.7,0.579,2005,2,26,6,21
8476,3.8,1129,8.5,920,331,169,1139,1182,6.7,59.1,0.5848,2005,2,26,6,22
8477,4.3,1191,10.7,1005,347,166,1224,1284,5.9,62.1,0.5808,2005,2,26,6,23
8478,4.8,1256,11.5,1032,488,189,1230,1371,6.3,60.4,0.5811,2005,2,27,7,0
8479,4.2,1171,9.5,960,404,184,1121,1234,5.5,60.2,0.5458,2005,2,27,7,1
8480,3.3,1016,5.3,780,255,145,1004,1060,4.6,64.4,0.5525,2005,2,27,7,2
8481,3.0,1035,5.8,805,141,96,1022,1038,3.5,68.8,0.5458,2005,2,27,7,3
8482,1.5,980,4.6,744,174,119,979,970,2.8,70.9,0.5383,2005,2,27,7,4
8483,1.0,901,2.7,631,108,87,915,751,3.7,65.9,0.5295,2005,2,27,7,5
8484,0.9,914,3.1,655,107,77,949,742,1.6,74.3,0.5168,2005,2,27,7,6
8485,1.1,940,3.2,665,188,112,955,879,1.4,76.3,0.5261,2005,2,27,7,7
8486,1.1,935,3.6,689,225,118,949,871,2.5,69.5,0.5172,2005,2,27,7,8
8487,1.2,970,3.7,691,208,124,956,890,3.7,64.8,0.5208,2005,2,27,7,9
8488,1.7,1064,6.4,830,270,144,1053,1059,7.8,49.9,0.5307,2005,2,27,7,10
8489,1.6,1023,5.2,776,202,128,972,808,11.2,37.1,0.4936,2005,2,27,7,11
8490,1.4,955,3.9,706,168,120,884,616,12.6,30.6,0.446,2005,2,27,7,12
8491,1.8,943,4.1,714,191,131,868,609,10.3,32.9,0.4131,2005,2,27,7,13
8492,1.1,895,2.5,622,149,115,804,471,10.0,35.5,0.4346,2005,2,27,7,14
8493,0.9,890,2.2,601,101,82,803,391,8.8,40.0,0.4538,2005,2,27,7,15
8494,1.1,904,2.3,608,134,100,807,398,8.3,40.3,0.4431,2005,2,27,7,16
8495,1.1,888,2.4,611,150,111,791,419,7.9,38.9,0.4141,2005,2,27,7,17
8496,1.2,905,2.9,648,188,132,822,509,6.8,41.0,0.4072,2005,2,27,7,18
8497,1.6,974,4.9,757,254,155,884,723,6.0,42.0,0.3962,2005,2,27,7,19
8498,2.6,1048,6.8,847,324,181,955,888,5.5,43.5,0.3963,2005,2,27,7,20
8499,1.5,895,3.1,660,238,155,826,596,4.6,46.8,0.4001,2005,2,27,7,21
8500,1.0,875,2.1,594,128,105,793,451,4.5,48.0,0.4085,2005,2,27,7,22
8501,1.3,943,3.9,703,169,119,870,581,4.3,48.6,0.4069,2005,2,27,7,23
8502,1.6,947,3.8,697,215,150,878,698,4.0,50.0,0.4115,2005,2,28,1,0
8503,1.0,865,1.8,566,111,94,797,423,4.0,52.9,0.4338,2005,2,28,1,1
8504,0.6,823,1.0,503,60,56,755,332,4.0,51.0,0.42,2005,2,28,1,2
8505,0.4,798,0.6,452,141,96,699,280,3.9,48.1,0.393,2005,2,28,1,3
8506,0.3,781,0.4,425,29,28,667,261,3.8,48.0,0.3879,2005,2,28,1,4
8507,0.3,781,0.3,409,25,25,669,252,3.6,50.3,0.4022,2005,2,28,1,5
8508,0.3,779,0.2,402,34,31,684,257,2.8,52.6,0.3972,2005,2,28,1,6
8509,0.4,817,0.7,462,89,66,732,308,2.5,52.7,0.3908,2005,2,28,1,7
8510,1.0,893,2.6,629,212,111,837,456,2.7,50.5,0.3804,2005,2,28,1,8
8511,1.2,883,3.1,659,216,122,842,527,2.7,49.4,0.3714,2005,2,28,1,9
8512,1.0,839,2.3,608,191,115,780,475,3.3,45.2,0.354,2005,2,28,1,10
8513,0.9,809,2.0,587,200,123,744,434,3.1,43.3,0.3354,2005,2,28,1,11
8514,0.8,805,2.0,584,164,119,726,385,3.7,38.8,0.3123,2005,2,28,1,12
8515,1.1,840,3.1,661,185,125,757,435,4.0,36.8,0.3016,2005,2,28,1,13
8516,1.0,812,2.9,646,156,110,731,421,3.7,35.0,0.2823,2005,2,28,1,14
8517,0.8,782,2.1,594,155,111,673,371,3.4,32.4,0.2563,2005,2,28,1,15
8518,0.9,799,2.5,617,158,114,699,382,3.3,33.1,0.2592,2005,2,28,1,16
8519,0.9,812,2.8,640,166,114,716,408,2.6,35.1,0.2618,2005,2,28,1,17
8520,2.0,922,6.7,842,268,140,858,676,2.1,36.6,0.2634,2005,2,28,1,18
8521,2.4,938,8.1,903,309,141,885,798,1.6,37.9,0.2645,2005,2,28,1,19
8522,2.5,939,7.4,872,297,142,870,793,1.4,38.0,0.2615,2005,2,28,1,20
8523,1.6,827,3.6,687,225,123,727,573,1.0,36.6,0.2456,2005,2,28,1,21
8524,0.9,776,1.9,580,122,90,655,402,1.1,35.4,0.2382,2005,2,28,1,22
8525,0.7,755,1.4,538,100,79,621,343,1.0,34.3,0.2292,2005,2,28,1,23
8526,0.6,766,1.2,515,86,69,642,322,1.0,37.4,0.2487,2005,3,1,2,0
8527,0.6,762,0.9,487,71,60,640,307,0.7,41.2,0.2693,2005,3,1,2,1
8528,0.4,736,0.6,453,39,37,602,268,0.2,40.6,0.2566,2005,3,1,2,2
8529,0.2,715,0.2,387,141,96,559,227,0.1,40.0,0.2499,2005,3,1,2,3
8530,0.2,716,0.2,390,29,27,551,221,-0.1,37.5,0.2326,2005,3,1,2,4
8531,0.2,731,0.3,408,32,30,561,225,-0.3,38.4,0.2347,2005,3,1,2,5
8532,0.2,735,0.3,407,37,33,579,232,-0.6,40.1,0.2404,2005,3,1,2,6
8533,0.5,779,1.0,500,134,84,652,313,-0.6,41.4,0.2478,2005,3,1,2,7
8534,1.5,915,5.2,774,358,147,839,629,-0.2,40.2,0.2478,2005,3,1,2,8
8535,1.9,905,6.1,818,354,143,840,790,0.6,36.8,0.2388,2005,3,1,2,9
8536,1.4,835,3.6,688,284,122,720,630,2.8,30.3,0.2294,2005,3,1,2,10
8537,0.9,798,2.3,609,213,109,660,472,3.1,29.1,0.224,2005,3,1,2,11
8538,0.7,783,1.9,580,174,95,647,378,3.3,29.2,0.2288,2005,3,1,2,12
8539,0.8,807,2.6,623,157,94,684,384,3.1,31.0,0.2386,2005,3,1,2,13
8540,1.0,827,3.1,660,178,102,709,426,3.2,30.8,0.2399,2005,3,1,2,14
8541,0.9,822,2.7,632,187,107,701,442,3.3,31.5,0.2464,2005,3,1,2,15
8542,1.0,830,3.0,655,198,113,710,467,4.1,28.6,0.2363,2005,3,1,2,16
8543,0.9,833,3.0,653,186,110,708,448,3.9,29.2,0.2378,2005,3,1,2,17
8544,1.4,882,5.0,766,203,116,815,582,1.9,35.0,0.2494,2005,3,1,2,18
8545,2.1,967,7.5,880,313,148,887,892,1.8,35.4,0.2497,2005,3,1,2,19
8546,2.8,1009,9.5,958,342,156,935,1006,1.4,36.5,0.2503,2005,3,1,2,20
8547,2.2,911,5.3,777,310,159,796,852,0.8,36.3,0.2388,2005,3,1,2,21
8548,1.0,808,2.4,613,165,116,672,543,0.6,34.1,0.221,2005,3,1,2,22
8549,1.1,812,2.5,621,152,110,669,529,0.3,31.9,0.2031,2005,3,1,2,23
8550,0.9,790,2.2,597,141,102,637,465,0.2,30.2,0.191,2005,3,2,3,0
8551,0.8,765,1.5,544,122,93,601,405,0.0,29.7,0.1847,2005,3,2,3,1
8552,0.6,761,1.3,525,79,67,605,332,-0.1,31.9,0.1975,2005,3,2,3,2
8553,0.5,788,0.9,486,141,96,650,420,-1.1,41.4,0.2379,2005,3,2,3,3
8554,1.5,790,0.7,471,81,75,669,532,-1.4,44.9,0.2536,2005,3,2,3,4
8555,0.4,804,0.9,489,77,73,698,630,-1.3,46.3,0.2635,2005,3,2,3,5
8556,0.5,831,1.4,537,124,96,722,768,-1.2,47.2,0.27,2005,3,2,3,6
8557,0.7,881,3.5,680,159,110,813,866,-1.3,47.5,0.2702,2005,3,2,3,7
8558,2.4,1099,11.0,1013,396,150,1056,1254,-1.9,51.4,0.2801,2005,3,2,3,8
8559,2.8,1100,12.4,1065,479,169,1072,1347,-0.5,45.9,0.2763,2005,3,2,3,9
8560,2.0,1042,8.3,910,438,181,922,1216,4.6,32.5,0.2783,2005,3,2,3,10
8561,2.2,1026,8.9,935,466,187,942,1151,7.5,24.3,0.2528,2005,3,2,3,11
8562,1.4,905,5.7,796,288,146,767,699,9.6,18.8,0.2246,2005,3,2,3,12
8563,1.2,891,5.5,790,205,131,764,584,9.3,18.4,0.2157,2005,3,2,3,13
8564,1.9,968,9.0,938,311,161,897,836,9.7,18.6,0.2244,2005,3,2,3,14
8565,1.3,909,6.3,826,246,143,802,626,10.1,16.7,0.2062,2005,3,2,3,15
8566,2.0,938,9.1,945,356,176,855,878,11.8,13.5,0.1862,2005,3,2,3,16
8567,2.0,971,8.4,917,397,178,885,952,11.6,15.3,0.2086,2005,3,2,3,17
8571,2.8,1180,11.1,1020,473,199,1054,1629,5.1,36.4,0.323,2005,3,2,3,21
8572,1.6,1070,6.2,821,300,170,936,1454,4.8,39.6,0.344,2005,3,2,3,22
8573,1.4,1031,5.0,763,235,153,905,1348,5.0,39.6,0.3479,2005,3,2,3,23
8574,1.4,1047,5.3,778,207,140,907,1326,4.1,41.7,0.3456,2005,3,3,4,0
8575,1.4,1030,4.2,724,204,138,893,1285,4.4,43.3,0.3656,2005,3,3,4,1
8576,1.1,986,3.5,682,155,117,884,1205,3.8,45.9,0.3728,2005,3,3,4,2
8577,0.9,992,3.0,655,141,96,887,1220,3.6,49.7,0.396,2005,3,3,4,3
8578,1.0,1076,4.1,715,179,119,947,1448,3.4,56.3,0.4455,2005,3,3,4,4
8579,1.0,1104,4.0,713,143,108,1001,1433,2.9,67.9,0.5183,2005,3,3,4,5
8580,1.2,1160,5.1,770,212,121,1063,1447,2.8,74.1,0.5618,2005,3,3,4,6
8581,1.4,1217,6.7,846,263,136,1120,1481,2.9,75.6,0.5742,2005,3,3,4,7
8582,3.0,1457,15.6,1167,648,175,1422,1785,3.8,72.4,0.5867,2005,3,3,4,8
8584,2.1,1111,8.8,931,389,186,1069,1368,7.3,39.4,0.4035,2005,3,3,4,10
8585,2.0,1165,6.9,852,438,177,1155,1197,3.6,75.9,0.6055,2005,3,3,4,11
8586,1.6,1129,5.4,783,282,147,1127,1084,3.6,78.6,0.6283,2005,3,3,4,12
8587,1.4,1092,4.9,759,268,150,1088,1039,5.3,69.2,0.6213,2005,3,3,4,13
8588,1.6,1096,5.3,777,248,148,1107,961,6.1,66.0,0.6255,2005,3,3,4,14
8589,1.5,1108,5.4,783,272,151,1115,964,6.0,70.1,0.6577,2005,3,3,4,15
8590,1.7,1124,5.5,787,291,151,1147,941,6.3,72.1,0.6907,2005,3,3,4,16
8591,1.9,1216,7.5,879,363,165,1252,1111,6.3,75.7,0.7252,2005,3,3,4,17
8592,3.8,1437,16.7,1202,660,197,1510,1459,5.6,80.4,0.7382,2005,3,3,4,18
8594,4.2,1396,15.5,1164,639,196,1488,1412,4.3,84.0,0.7051,2005,3,3,4,20
8595,3.8,1285,10.9,1013,574,192,1331,1336,4.3,83.6,0.7025,2005,3,3,4,21
8596,2.3,1206,8.7,928,373,161,1235,1285,4.6,82.5,0.7066,2005,3,3,4,22
8597,2.1,1179,7.3,868,330,156,1205,1240,4.4,82.0,0.6938,2005,3,3,4,23
8598,2.3,1213,7.5,877,336,158,1206,1282,4.3,80.9,0.6791,2005,3,4,5,0
8599,2.3,1142,6.8,849,347,154,1173,1189,4.1,81.2,0.6721,2005,3,4,5,1
8600,1.7,1089,4.7,750,241,138,1108,1117,3.9,80.9,0.6613,2005,3,4,5,2
8601,1.2,982,2.5,617,141,96,977,1024,4.5,70.6,0.6004,2005,3,4,5,3
8602,0.6,888,1.3,526,96,92,912,744,4.5,65.1,0.5547,2005,3,4,5,4
8603,0.9,979,2.2,602,147,103,993,928,4.0,75.2,0.6161,2005,3,4,5,5
8604,1.1,1023,3.6,690,210,117,1049,1006,3.7,76.4,0.6164,2005,3,4,5,6
8605,1.9,1153,7.5,878,409,139,1180,1173,3.1,77.3,0.5985,2005,3,4,5,7
8606,3.7,1393,16.8,1204,719,167,1497,1568,3.7,74.4,0.5992,2005,3,4,5,8
8609,3.3,1280,15.5,1165,583,192,1435,1605,7.6,59.8,0.6245,2005,3,4,5,11
8610,3.3,1330,14.9,1145,597,188,1399,1668,8.6,57.6,0.6471,2005,3,4,5,12
8611,3.4,1349,16.4,1193,550,189,1493,1710,10.9,52.4,0.6826,2005,3,4,5,13
8612,3.6,1349,15.6,1167,499,192,1443,1632,12.3,48.3,0.6871,2005,3,4,5,14
8613,3.9,1344,16.1,1182,470,194,1411,1545,12.5,43.4,0.6298,2005,3,4,5,15
8615,3.9,1316,15.9,1177,525,178,1392,1529,12.3,41.2,0.5867,2005,3,4,5,17
8616,3.6,1253,13.3,1094,481,183,1327,1430,10.8,48.1,0.6235,2005,3,4,5,18
8617,3.6,1258,14.9,1144,414,189,1336,1509,8.9,52.5,0.5996,2005,3,4,5,19
8619,2.3,1109,7.9,896,303,175,1132,1242,7.5,58.7,0.6112,2005,3,4,5,21
8620,1.6,1029,5.0,762,221,153,1049,1065,6.9,60.0,0.5977,2005,3,4,5,22
8621,1.8,1112,6.5,833,260,156,1104,1180,6.6,61.3,0.5995,2005,3,4,5,23
8622,2.2,1100,6.0,810,327,172,1070,1158,6.3,59.8,0.5761,2005,3,5,6,0
8623,2.1,1136,6.8,849,344,164,1132,1216,5.4,65.8,0.5935,2005,3,5,6,1
8624,1.7,1000,4.0,712,270,157,989,971,5.8,59.6,0.5523,2005,3,5,6,2
8625,1.5,1041,4.4,732,141,96,1003,1076,4.9,62.6,0.5477,2005,3,5,6,3
8626,1.5,1009,4.0,710,191,136,974,1011,4.4,63.9,0.5385,2005,3,5,6,4
8627,1.1,975,3.5,681,136,110,948,813,4.2,62.5,0.5191,2005,3,5,6,5
8628,1.1,993,4.3,727,194,128,989,1001,3.1,68.6,0.5302,2005,3,5,6,6
8629,0.8,872,2.0,587,168,132,866,655,4.6,54.6,0.4682,2005,3,5,6,7
8630,1.3,1017,6.1,818,254,156,1034,933,5.0,54.5,0.4788,2005,3,5,6,8
8631,2.3,1070,8.7,928,410,185,1112,1088,7.0,48.1,0.4847,2005,3,5,6,9
8632,1.1,915,3.1,658,166,121,866,562,10.0,37.7,0.4643,2005,3,5,6,10
8633,1.1,978,5.2,772,162,117,955,586,13.0,30.3,0.452,2005,3,5,6,11
8634,1.5,968,5.3,777,188,133,929,617,14.0,28.1,0.4476,2005,3,5,6,12
8635,1.6,1008,6.7,843,199,136,998,705,13.3,28.9,0.4399,2005,3,5,6,13
8636,2.2,1025,8.3,913,272,162,1035,814,13.4,29.0,0.4436,2005,3,5,6,14
8637,1.5,983,5.9,806,180,132,966,615,13.5,28.3,0.4374,2005,3,5,6,15
8638,1.8,1018,7.3,868,255,162,1015,804,13.0,29.7,0.442,2005,3,5,6,16
8639,2.0,1101,8.4,916,251,159,1125,861,11.6,38.7,0.5271,2005,3,5,6,17
8640,1.9,1116,7.7,888,258,156,1176,980,8.6,56.3,0.6312,2005,3,5,6,18
8641,2.5,1161,9.1,945,344,177,1205,1077,8.5,57.9,0.6435,2005,3,5,6,19
8642,2.6,1212,10.9,1010,380,185,1284,1214,7.8,63.4,0.6735,2005,3,5,6,20
8643,3.2,1225,10.2,985,464,199,1255,1169,7.2,69.5,0.7084,2005,3,5,6,21
8644,2.2,1154,7.8,891,304,166,1197,1079,6.5,74.7,0.7248,2005,3,5,6,22
8645,1.9,1140,7.0,856,258,152,1171,1147,6.5,73.9,0.7224,2005,3,5,6,23
8646,2.4,1201,9.2,949,358,170,1220,1260,6.8,72.1,0.7143,2005,3,6,7,0
8647,1.8,1011,4.6,742,278,160,998,929,7.0,60.0,0.6055,2005,3,6,7,1
8648,0.9,867,2.1,590,116,100,826,465,7.2,47.8,0.487,2005,3,6,7,2
8649,0.8,856,1.5,545,141,96,803,398,7.2,47.3,0.483,2005,3,6,7,3
8650,0.7,859,1.3,527,60,57,810,342,6.8,52.9,0.5245,2005,3,6,7,4
8651,0.6,859,0.8,479,51,48,822,313,5.8,65.0,0.6029,2005,3,6,7,5
8652,0.5,842,0.6,454,33,32,788,292,5.8,59.4,0.5502,2005,3,6,7,6
8653,0.6,856,1.1,505,80,72,833,367,5.5,58.3,0.529,2005,3,6,7,7
8654,0.6,867,1.0,500,103,86,818,387,5.9,54.8,0.5119,2005,3,6,7,8
8655,0.7,877,1.5,541,93,79,829,399,7.3,48.7,0.5007,2005,3,6,7,9
8656,0.7,869,1.4,535,108,87,783,376,9.4,39.9,0.4707,2005,3,6,7,10
8657,0.9,900,2.0,582,107,85,792,377,11.2,33.8,0.449,2005,3,6,7,11
8658,1.0,899,2.3,603,122,97,782,379,12.3,29.9,0.4255,2005,3,6,7,12
8659,1.0,895,2.6,624,122,96,787,387,14.8,23.7,0.3945,2005,3,6,7,13
8660,1.4,992,6.7,844,156,113,990,552,13.1,26.6,0.399,2005,3,6,7,14
8661,3.0,1104,13.3,1095,246,163,1210,930,13.3,25.7,0.3914,2005,3,6,7,15
8662,1.5,933,4.0,711,205,146,850,554,12.0,27.7,0.3885,2005,3,6,7,16
8663,1.7,973,5.3,778,257,167,916,723,11.5,30.1,0.4067,2005,3,6,7,17
8664,2.3,1069,8.6,923,228,162,1036,875,10.1,33.2,0.4115,2005,3,6,7,18
8665,2.5,1055,6.2,821,321,194,942,949,8.6,38.1,0.4282,2005,3,6,7,19
8666,2.1,1032,5.3,778,270,185,926,869,8.0,41.2,0.4433,2005,3,6,7,20
8667,1.5,982,4.1,714,203,158,905,747,7.5,43.8,0.4551,2005,3,6,7,21
8668,1.4,968,3.5,680,201,156,891,740,6.8,46.9,0.465,2005,3,6,7,22
8669,1.4,979,4.1,718,207,157,903,807,6.1,46.3,0.4394,2005,3,6,7,23
8670,1.4,935,3.2,666,180,141,836,653,5.6,45.5,0.4187,2005,3,7,1,0
8671,1.2,942,3.2,666,140,116,848,553,5.4,48.8,0.4393,2005,3,7,1,1
8672,0.9,883,1.7,561,93,84,785,412,5.1,51.2,0.4534,2005,3,7,1,2
8673,0.6,841,0.7,470,141,96,708,289,5.3,51.0,0.4563,2005,3,7,1,3
8674,0.4,843,0.5,443,35,34,730,262,5.2,57.2,0.5094,2005,3,7,1,4
8675,0.4,872,0.6,460,47,45,755,288,4.5,63.1,0.5381,2005,3,7,1,5
8676,0.5,862,0.8,474,68,59,753,310,5.2,54.5,0.486,2005,3,7,1,6
8677,0.7,917,1.7,562,131,99,827,418,5.6,51.3,0.4712,2005,3,7,1,7
8678,1.5,1022,5.2,771,289,165,941,769,5.9,45.4,0.4244,2005,3,7,1,8
8679,1.9,1022,6.6,837,322,168,978,881,6.9,41.3,0.4145,2005,3,7,1,9
8680,1.6,961,5.5,789,330,169,910,816,8.6,34.2,0.3834,2005,3,7,1,10
8681,1.4,912,4.4,731,339,162,811,684,9.6,27.7,0.3308,2005,3,7,1,11
8682,1.3,896,4.4,731,316,155,799,627,10.6,25.3,0.3224,2005,3,7,1,12
8683,1.3,890,4.3,726,218,136,779,523,10.2,25.6,0.3181,2005,3,7,1,13
8684,1.2,891,4.5,740,177,124,788,502,10.0,25.2,0.3079,2005,3,7,1,14
8685,1.3,894,4.5,737,278,158,805,604,9.7,25.7,0.3088,2005,3,7,1,15
8686,1.4,907,4.8,753,313,167,819,682,9.7,26.8,0.3226,2005,3,7,1,16
8687,1.7,973,6.3,827,351,176,888,846,9.4,27.3,0.3216,2005,3,7,1,17
8692,1.5,974,5.0,763,239,174,865,1076,4.2,40.9,0.3417,2005,3,7,1,22
8693,1.8,1044,6.5,834,292,181,924,1200,3.9,43.5,0.3538,2005,3,7,1,23
8694,1.5,988,4.4,734,205,157,868,1081,3.0,47.7,0.3658,2005,3,8,2,0
8695,1.5,1016,5.3,781,255,154,918,1174,2.5,52.1,0.3855,2005,3,8,2,1
8696,1.2,929,3.1,659,220,147,851,1033,2.0,53.5,0.3831,2005,3,8,2,2
8697,0.8,876,1.9,576,141,96,815,900,1.0,56.7,0.3803,2005,3,8,2,3
8698,1.5,872,1.7,558,114,101,807,853,0.5,59.4,0.3841,2005,3,8,2,4
8699,0.7,888,1.9,574,153,114,820,886,1.4,56.8,0.3903,2005,3,8,2,5
8700,0.7,927,2.8,638,224,134,846,949,0.9,58.4,0.388,2005,3,8,2,6
8701,1.3,991,5.5,786,295,144,931,1037,0.3,61.0,0.3881,2005,3,8,2,7
8702,3.4,1317,18.3,1247,667,182,1360,1571,0.9,59.1,0.3913,2005,3,8,2,8
8706,1.9,959,7.4,875,421,191,864,1006,13.7,17.4,0.2715,2005,3,8,2,12
8707,1.8,964,8.1,902,292,162,882,855,14.0,16.8,0.2672,2005,3,8,2,13
8708,2.1,1006,10.8,1006,308,165,988,964,14.1,17.0,0.2729,2005,3,8,2,14
8709,2.3,1002,9.7,968,347,171,920,886,15.0,15.8,0.2678,2005,3,8,2,15
8710,2.3,997,9.9,975,377,164,926,947,16.5,14.9,0.2775,2005,3,8,2,16
8711,2.0,1019,9.6,964,325,168,957,984,15.8,16.7,0.2972,2005,3,8,2,17
8717,1.4,1064,5.4,783,258,167,954,1319,6.6,46.0,0.4505,2005,3,8,2,23
8718,1.4,1066,5.2,771,214,145,949,1247,5.5,49.6,0.4526,2005,3,9,3,0
8719,1.3,1031,4.6,741,191,133,927,1144,4.9,52.2,0.4567,2005,3,9,3,1
8720,1.0,973,3.2,663,154,117,887,1014,4.6,53.5,0.4584,2005,3,9,3,2
8721,0.8,937,2.2,600,141,96,873,885,4.7,53.1,0.4589,2005,3,9,3,3
8722,0.8,930,2.5,616,113,90,893,875,3.8,56.8,0.4614,2005,3,9,3,4
8723,0.9,949,2.8,640,167,112,909,971,2.3,63.5,0.463,2005,3,9,3,5
8724,0.9,979,3.9,707,235,120,959,1048,2.0,64.9,0.4657,2005,3,9,3,6
8725,1.7,1094,7.2,865,372,141,1061,1223,2.0,65.3,0.4688,2005,3,9,3,7
8726,4.3,1450,20.9,1322,877,190,1497,1756,3.3,61.6,0.4829,2005,3,9,3,8
8730,2.3,1249,10.5,996,457,194,1198,1575,14.5,33.4,0.5488,2005,3,9,3,12
8731,2.4,1282,11.2,1023,369,159,1305,1461,15.7,34.6,0.6147,2005,3,9,3,13
8732,2.2,1253,10.3,988,285,123,1292,1314,16.1,36.3,0.6593,2005,3,9,3,14
8733,1.9,1222,8.6,924,279,121,1216,1147,17.3,34.5,0.6728,2005,3,9,3,15
8734,1.7,1201,7.6,882,198,102,1189,948,17.6,34.1,0.6781,2005,3,9,3,16
8735,1.9,1238,10.2,985,229,114,1271,1252,18.0,33.1,0.6779,2005,3,9,3,17
8736,3.8,1434,17.8,1234,477,168,1520,1676,14.6,41.0,0.6792,2005,3,9,3,18
8738,5.9,1552,24.4,1413,682,199,1724,2088,11.5,53.9,0.7312,2005,3,9,3,20
8739,5.5,1510,20.0,1297,679,192,1606,1945,10.6,58.8,0.7512,2005,3,9,3,21
8740,2.0,1165,7.3,870,298,148,1181,1482,9.7,60.0,0.7238,2005,3,9,3,22
8741,1.8,1177,6.6,837,265,137,1161,1448,8.3,64.2,0.7071,2005,3,9,3,23
8742,1.6,1135,5.7,800,196,123,1130,1304,7.8,65.5,0.6961,2005,3,10,4,0
8743,1.3,1070,4.5,739,155,109,1070,1186,7.5,65.9,0.6868,2005,3,10,4,1
8744,1.1,1034,4.1,715,131,98,1067,1051,6.1,72.1,0.6847,2005,3,10,4,2
8745,1.1,1014,4.4,731,141,96,1062,1038,4.6,78.2,0.6684,2005,3,10,4,3
8746,1.0,988,3.3,673,165,94,1034,969,4.0,80.9,0.667,2005,3,10,4,4
8747,0.8,975,3.3,668,169,95,1020,951,4.2,79.1,0.6611,2005,3,10,4,5
8748,0.9,984,3.5,681,224,101,1020,970,5.3,73.2,0.6577,2005,3,10,4,6
8749,1.3,1092,6.4,831,249,100,1143,1090,4.3,76.1,0.6395,2005,3,10,4,7
8750,4.1,1454,20.1,1299,863,150,1606,1673,4.8,74.6,0.647,2005,3,10,4,8
8751,3.9,1446,21.2,1328,665,168,1620,1833,7.5,64.5,0.6702,2005,3,10,4,9
8752,3.5,1316,13.7,1105,670,199,1372,1828,11.7,49.3,0.6772,2005,3,10,4,10
8753,2.7,1283,11.7,1039,500,168,1308,1724,14.7,41.2,0.6857,2005,3,10,4,11
8754,2.3,1223,10.6,999,428,161,1258,1547,17.4,33.2,0.6535,2005,3,10,4,12
8755,2.3,1176,9.8,969,141,96,1196,1300,18.8,26.2,0.5637,2005,3,10,4,13
8756,2.1,1041,9.1,945,306,145,1082,1000,19.1,18.1,0.3955,2005,3,10,4,14
8757,2.2,1008,9.2,946,334,148,1016,942,19.5,15.3,0.3431,2005,3,10,4,15
8758,1.8,962,5.9,807,268,131,901,745,20.2,14.4,0.337,2005,3,10,4,16
8759,1.9,1048,8.6,925,284,137,1022,941,19.8,16.0,0.3632,2005,3,10,4,17
8760,2.7,1145,12.7,1074,393,163,1186,1232,16.5,21.6,0.4012,2005,3,10,4,18
8764,2.1,1085,7.6,882,426,184,985,1433,9.5,34.6,0.411,2005,3,10,4,22
8765,1.4,1017,4.9,760,254,151,922,1235,8.3,38.2,0.4203,2005,3,10,4,23
8766,1.4,1039,5.2,774,227,133,949,1173,7.7,41.7,0.4387,2005,3,11,5,0
8767,1.4,1027,4.8,751,221,135,936,1171,6.8,44.9,0.4472,2005,3,11,5,1
8768,1.0,952,3.2,662,155,111,887,1024,5.7,49.4,0.4551,2005,3,11,5,2
8769,0.8,930,2.4,609,120,90,864,928,5.7,50.1,0.4629,2005,3,11,5,3
8770,1.5,942,3.2,665,134,91,912,956,4.4,56.4,0.4761,2005,3,11,5,4
8771,0.7,897,2.1,594,128,89,870,871,4.9,55.2,0.4807,2005,3,11,5,5
8772,0.6,928,2.7,631,148,89,908,884,4.5,56.3,0.48,2005,3,11,5,6
8773,0.2,987,4.5,738,233,117,957,1010,3.8,59.7,0.4839,2005,3,11,5,7
8774,1.5,1272,13.8,1111,470,141,1279,1416,4.3,58.6,0.4915,2005,3,11,5,8
8775,3.5,1452,22.7,1370,679,189,1581,1817,7.1,50.0,0.5067,2005,3,11,5,9
8778,1.0,1203,9.3,951,339,162,1162,1305,17.2,30.6,0.5949,2005,3,11,5,12
8779,1.5,1258,12.1,1052,354,172,1297,1205,17.8,33.3,0.6741,2005,3,11,5,13
8780,2.2,1328,14.2,1123,466,182,1404,1339,18.8,31.8,0.6853,2005,3,11,5,14
8781,1.7,1260,12.3,1059,417,180,1319,1161,19.3,29.9,0.6604,2005,3,11,5,15
8782,1.1,1201,10.2,985,289,156,1252,996,18.8,31.5,0.6752,2005,3,11,5,16
8783,1.3,1161,10.4,992,324,168,1211,906,18.2,28.1,0.5817,2005,3,11,5,17
8784,1.5,1254,13.9,1112,376,181,1349,1161,16.0,35.3,0.6356,2005,3,11,5,18
8788,0.8,1096,6.8,850,287,165,1146,943,12.2,50.9,0.7202,2005,3,11,5,22
8789,0.5,1151,6.0,813,238,151,1156,1073,10.6,55.9,0.7138,2005,3,11,5,23
8790,1.0,1189,5.7,797,312,174,1157,1213,10.3,55.9,0.7014,2005,3,12,6,0
8791,0.4,1078,3.9,704,231,145,1077,898,10.2,55.8,0.6927,2005,3,12,6,1
8792,0.4,1152,4.9,759,234,147,1113,1094,10.0,57.3,0.7015,2005,3,12,6,2
8793,0.3,1128,4.5,740,195,134,1113,1064,10.2,57.9,0.7191,2005,3,12,6,3
8794,1.5,1015,2.3,608,113,85,1027,655,10.3,59.4,0.7459,2005,3,12,6,4
8795,1.5,979,1.5,547,73,55,1039,470,9.8,68.9,0.8329,2005,3,12,6,5
8796,1.5,972,1.5,542,103,65,1056,443,9.2,75.3,0.8764,2005,3,12,6,6
8797,1.5,992,1.8,565,121,84,1074,547,9.4,73.1,0.8621,2005,3,12,6,7
8798,0.1,1053,3.3,671,132,88,1137,570,10.6,66.1,0.8444,2005,3,12,6,8
8799,0.2,1140,5.8,800,178,109,1209,782,12.6,58.5,0.8517,2005,3,12,6,9
8800,0.6,1136,6.2,822,218,130,1184,744,15.0,48.6,0.8253,2005,3,12,6,10
8801,0.7,1180,6.7,846,246,137,1206,791,14.2,51.5,0.8313,2005,3,12,6,11
8802,0.6,1131,5.6,792,252,145,1177,749,15.1,48.6,0.8266,2005,3,12,6,12
8803,0.3,1083,5.8,804,208,128,1105,615,18.0,35.4,0.7233,2005,3,12,6,13
8804,0.5,1120,7.0,859,219,129,1167,681,17.9,35.3,0.7184,2005,3,12,6,14
8805,0.2,1038,3.8,699,160,105,1042,515,17.7,35.0,0.7014,2005,3,12,6,15
8806,0.4,1096,5.5,788,191,114,1115,583,17.6,35.5,0.7065,2005,3,12,6,16
8807,0.7,1126,7.6,881,270,146,1140,728,17.5,34.1,0.6775,2005,3,12,6,17
8808,0.9,1153,8.3,910,285,156,1208,827,15.6,40.0,0.7018,2005,3,12,6,18
8809,0.8,1177,7.5,878,289,152,1224,844,14.0,47.8,0.7582,2005,3,12,6,19
8812,0.9,1087,5.8,803,314,157,1130,907,11.6,54.7,0.7454,2005,3,12,6,22
8813,0.1,1028,3.9,703,166,114,1070,646,12.0,53.3,0.7472,2005,3,12,6,23
8814,0.1,1017,2.8,641,157,107,1044,482,12.5,55.4,0.7999,2005,3,13,7,0
8815,0.1,1050,3.1,660,173,113,1071,526,12.3,56.0,0.7958,2005,3,13,7,1
8816,0.2,1023,3.3,672,184,118,1069,595,12.4,53.4,0.7669,2005,3,13,7,2
8817,1.5,940,2.0,583,93,69,991,416,12.7,51.8,0.7574,2005,3,13,7,3
8818,1.5,963,2.5,617,85,63,1006,398,13.2,49.7,0.7503,2005,3,13,7,4
8819,1.5,971,2.0,585,79,61,1004,394,12.3,55.9,0.7966,2005,3,13,7,5
8820,1.5,887,0.9,488,55,42,908,312,13.3,50.1,0.7624,2005,3,13,7,6
8821,1.5,944,1.6,551,98,68,985,381,12.3,51.8,0.7384,2005,3,13,7,7
8822,1.5,970,2.1,592,190,120,1018,509,12.9,50.4,0.7448,2005,3,13,7,8
8823,0.1,1034,3.0,651,166,112,1060,601,12.9,49.9,0.7406,2005,3,13,7,9
8824,0.3,1160,5.0,765,260,148,1134,962,13.9,47.3,0.7479,2005,3,13,7,10
8825,1.0,1283,7.7,887,362,160,1238,1231,13.5,51.6,0.7931,2005,3,13,7,11
8826,1.6,1387,10.1,981,415,164,1368,1396,13.2,56.2,0.8499,2005,3,13,7,12
8827,1.4,1325,8.5,921,358,159,1345,1297,14.2,57.8,0.9292,2005,3,13,7,13
8828,0.3,1057,2.8,641,170,110,1103,616,17.2,46.2,0.8989,2005,3,13,7,14
8829,0.1,1078,3.3,668,130,82,1109,509,19.9,36.6,0.8406,2005,3,13,7,15
8830,0.3,1159,5.0,762,177,102,1158,590,19.7,37.1,0.8399,2005,3,13,7,16
8831,0.5,1195,5.6,795,233,119,1157,718,19.0,37.4,0.8122,2005,3,13,7,17
8832,0.8,1217,7.1,861,282,135,1234,898,16.4,43.5,0.8055,2005,3,13,7,18
8835,1.0,1189,6.6,837,323,172,1204,1208,14.6,51.6,0.8508,2005,3,13,7,21
8836,0.9,1208,8.3,911,318,166,1245,1244,13.7,52.1,0.8121,2005,3,13,7,22
8837,0.9,1207,7.1,861,336,168,1217,1181,13.2,55.6,0.8412,2005,3,13,7,23
8838,0.4,1056,3.8,699,196,134,1085,828,13.2,55.9,0.8465,2005,3,14,1,0
8839,0.4,1128,5.2,771,193,122,1178,923,11.7,62.1,0.8535,2005,3,14,1,1
8840,0.3,1119,5.3,778,192,123,1187,1096,9.9,68.9,0.8388,2005,3,14,1,2
8841,0.1,1077,3.8,701,147,104,1122,1106,9.8,68.0,0.8227,2005,3,14,1,3
8842,1.5,1036,2.8,636,122,90,1084,976,8.9,71.9,0.8202,2005,3,14,1,4
8843,0.8,1016,2.9,647,117,85,1090,937,8.4,74.5,0.8241,2005,3,14,1,5
8844,1.0,1103,4.4,730,201,103,1139,1049,9.2,71.0,0.8299,2005,3,14,1,6
8845,1.6,1176,7.5,880,318,127,1257,1180,9.9,67.6,0.8239,2005,3,14,1,7
8846,3.5,1430,15.7,1169,658,163,1543,1514,10.8,64.4,0.8328,2005,3,14,1,8
8847,4.0,1572,22.9,1374,680,155,1763,1771,11.7,61.7,0.8483,2005,3,14,1,9
8848,3.5,1243,10.8,1006,497,170,1349,1395,13.7,51.9,0.8106,2005,3,14,1,10
8849,1.6,1101,6.1,817,290,141,1157,1024,16.3,43.5,0.7988,2005,3,14,1,11
8850,1.5,1103,7.0,857,230,123,1182,946,17.9,38.8,0.7883,2005,3,14,1,12
8851,1.5,1116,7.1,859,215,124,1197,864,19.3,35.5,0.7876,2005,3,14,1,13
8852,1.7,1141,8.1,904,226,126,1249,889,20.1,32.9,0.7672,2005,3,14,1,14
8853,1.6,1151,7.7,885,240,128,1222,903,20.0,33.0,0.7625,2005,3,14,1,15
8854,2.4,1263,10.8,1008,391,158,1308,1121,20.2,32.2,0.7526,2005,3,14,1,16
8855,3.4,1324,14.4,1128,492,177,1441,1319,18.9,34.4,0.7436,2005,3,14,1,17
8859,4.0,1346,14.2,1124,510,192,1490,1598,15.3,52.6,0.906,2005,3,14,1,21
8860,2.1,1218,8.4,914,308,158,1291,1383,13.7,58.5,0.9146,2005,3,14,1,22
8861,1.6,1166,7.5,880,248,149,1280,1238,12.7,62.8,0.9198,2005,3,14,1,23
8862,1.5,1095,5.2,772,233,140,1175,1023,12.2,65.0,0.9193,2005,3,15,2,0
8863,0.7,958,2.2,601,96,79,1054,659,13.0,61.2,0.9105,2005,3,15,2,1
8864,0.7,960,2.0,582,90,69,1062,657,11.1,66.1,0.8738,2005,3,15,2,2
8865,0.6,972,1.8,571,95,72,1063,764,10.1,69.8,0.8619,2005,3,15,2,3
8866,0.5,911,1.1,508,68,58,1005,667,11.6,61.0,0.8299,2005,3,15,2,4
8867,0.4,923,1.2,516,75,59,1002,667,10.1,64.5,0.7968,2005,3,15,2,5
8868,0.6,981,2.4,610,145,88,1068,856,9.3,67.9,0.7969,2005,3,15,2,6
8869,0.9,1038,3.8,701,185,110,1102,940,10.1,64.3,0.7934,2005,3,15,2,7
8870,2.6,1370,14.0,1118,506,151,1459,1406,10.4,62.7,0.7909,2005,3,15,2,8
8871,3.3,1471,18.9,1265,485,158,1655,1617,13.0,53.9,0.8036,2005,3,15,2,9
8872,4.0,1447,15.6,1167,684,194,1514,1694,16.4,44.6,0.8242,2005,3,15,2,10
8873,3.1,1329,13.2,1090,562,181,1401,1473,19.1,36.7,0.8044,2005,3,15,2,11
8874,2.2,1197,10.3,989,357,161,1297,1087,21.0,30.6,0.7508,2005,3,15,2,12
8875,2.1,1198,9.7,968,306,143,1264,945,22.1,27.6,0.7254,2005,3,15,2,13
8876,2.2,1171,10.0,977,292,142,1234,905,22.2,25.5,0.6752,2005,3,15,2,14
8877,1.9,1191,10.9,1011,305,146,1262,903,23.6,23.2,0.6665,2005,3,15,2,15
8878,2.5,1213,12.3,1060,386,166,1292,1041,23.6,22.9,0.6571,2005,3,15,2,16
8879,2.9,1258,14.2,1124,408,172,1363,1194,22.8,24.6,0.6736,2005,3,15,2,17
8880,3.9,1413,21.6,1339,521,196,1611,1533,20.3,29.7,0.6973,2005,3,15,2,18
8884,2.3,1199,8.4,916,350,174,1227,1435,13.8,49.6,0.7793,2005,3,15,2,22
8885,1.5,1128,6.1,818,244,149,1156,1303,13.2,51.6,0.7765,2005,3,15,2,23
8886,1.4,1108,5.7,798,221,134,1144,1199,11.8,56.9,0.7836,2005,3,16,3,0
8887,1.1,1038,4.0,709,183,123,1087,1069,11.4,58.0,0.7818,2005,3,16,3,1
8888,0.9,1004,2.9,646,166,111,1054,989,11.3,58.0,0.7742,2005,3,16,3,2
8889,0.7,969,2.0,584,133,93,1021,899,10.7,59.6,0.7673,2005,3,16,3,3
8890,0.6,938,1.7,559,147,97,1026,850,9.0,65.4,0.7532,2005,3,16,3,4
8891,0.6,927,1.6,549,119,86,1008,828,8.0,68.9,0.7402,2005,3,16,3,5
8892,0.8,977,3.3,673,179,99,1060,902,7.5,70.9,0.7358,2005,3,16,3,6
8893,1.0,1011,3.6,685,178,99,1054,902,7.6,69.2,0.7238,2005,3,16,3,7
8894,2.1,1228,10.2,984,390,129,1293,1222,8.7,64.3,0.7257,2005,3,16,3,8
8895,4.2,1521,25.2,1434,579,161,1809,1784,11.7,54.3,0.7459,2005,3,16,3,9
8897,3.2,1339,13.3,1094,568,200,1376,1634,19.3,34.7,0.7681,2005,3,16,3,11
8898,2.8,1310,11.9,1046,487,194,1351,1527,23.1,27.3,0.7615,2005,3,16,3,12
8899,2.4,1250,10.9,1012,343,173,1249,1192,26.1,20.8,0.6959,2005,3,16,3,13
8900,2.5,1181,11.0,1015,351,169,1192,1023,26.8,17.9,0.6249,2005,3,16,3,14
8901,2.9,1272,17.3,1220,417,188,1353,1251,28.4,16.0,0.6095,2005,3,16,3,15
8904,3.5,1315,17.5,1225,518,193,1408,1365,24.1,20.6,0.6075,2005,3,16,3,18
8908,2.9,1354,13.3,1094,407,194,1357,1705,15.5,45.0,0.7895,2005,3,16,3,22
8909,2.1,1301,10.5,998,327,171,1283,1610,14.3,49.6,0.8049,2005,3,16,3,23
8910,1.6,1144,6.3,826,221,147,1158,1300,14.7,48.0,0.7977,2005,3,17,4,0
8911,1.2,1080,4.4,732,142,111,1087,1093,13.3,51.4,0.7821,2005,3,17,4,1
8912,0.9,1013,3.3,671,123,104,1056,986,12.6,53.7,0.7793,2005,3,17,4,2
8913,0.7,966,2.0,587,106,90,1017,846,11.5,56.8,0.7706,2005,3,17,4,3
8914,1.5,959,1.9,578,100,81,1016,822,10.1,61.9,0.7631,2005,3,17,4,4
8915,0.5,919,1.4,532,85,69,983,714,9.8,61.8,0.7523,2005,3,17,4,5
8916,0.6,953,2.3,604,114,84,1020,838,9.0,64.3,0.7417,2005,3,17,4,6
8917,1.3,1117,5.9,808,299,123,1178,1109,7.9,68.4,0.7324,2005,3,17,4,7
8918,3.8,1485,18.9,1265,723,166,1647,1676,9.5,62.6,0.7444,2005,3,17,4,8
8919,5.6,1583,26.1,1457,745,189,1808,1976,13.2,51.0,0.7704,2005,3,17,4,9
8921,3.0,1294,10.8,1006,571,196,1296,1538,20.8,31.3,0.7617,2005,3,17,4,11
8922,2.2,1269,11.1,1016,388,189,1273,1383,24.3,24.7,0.7407,2005,3,17,4,12
8923,2.0,1247,10.2,985,323,174,1255,1184,26.7,22.6,0.7785,2005,3,17,4,13
8924,2.2,1239,11.9,1045,312,161,1312,1094,27.1,21.7,0.7636,2005,3,17,4,14
8925,2.1,1199,11.8,1041,320,158,1271,986,28.3,17.9,0.6769,2005,3,17,4,15
8926,2.2,1216,10.9,1013,322,161,1277,967,27.8,20.0,0.7378,2005,3,17,4,16
8927,1.9,1131,8.6,925,276,147,1158,831,26.2,19.4,0.6491,2005,3,17,4,17
8928,2.7,1300,15.0,1149,341,165,1353,1182,22.7,24.4,0.6661,2005,3,17,4,18
8932,2.2,1210,9.1,943,333,188,1224,1390,14.6,44.5,0.7337,2005,3,17,4,22
8933,1.9,1196,8.1,902,299,173,1185,1390,13.7,48.6,0.7555,2005,3,17,4,23
8934,1.4,1101,5.9,809,224,150,1123,1201,12.4,52.2,0.7513,2005,3,18,5,0
8935,1.3,1076,5.1,770,195,134,1093,1107,11.9,53.4,0.7414,2005,3,18,5,1
8936,1.1,1040,4.5,736,209,132,1099,1050,10.4,58.4,0.7367,2005,3,18,5,2
8937,0.9,989,3.2,667,168,117,1048,943,8.9,63.5,0.7268,2005,3,18,5,3
8938,0.9,966,2.8,639,153,103,1033,903,8.2,65.9,0.7168,2005,3,18,5,4
8939,0.7,912,2.0,587,140,99,1002,826,7.7,67.1,0.7074,2005,3,18,5,5
8940,0.8,960,3.3,668,184,106,1038,878,7.2,68.6,0.6978,2005,3,18,5,6
8941,1.2,1028,5.4,784,266,113,1110,996,7.5,66.7,0.6943,2005,3,18,5,7
8942,2.9,1375,14.5,1134,518,141,1467,1470,8.7,61.6,0.696,2005,3,18,5,8
8943,5.4,1522,26.5,1466,681,180,1822,1883,12.0,51.0,0.7131,2005,3,18,5,9
8944,4.3,1400,17.6,1227,558,192,1542,1661,15.4,42.5,0.7379,2005,3,18,5,10
8945,3.1,1323,14.9,1144,457,187,1405,1568,18.8,33.5,0.7186,2005,3,18,5,11
8946,2.4,1250,10.3,990,353,169,1262,1291,22.2,28.1,0.7426,2005,3,18,5,12
8947,2.3,1283,12.0,1048,313,161,1336,1226,24.7,25.5,0.7785,2005,3,18,5,13
8948,2.3,1171,10.4,993,290,160,1208,841,25.0,23.4,0.7301,2005,3,18,5,14
8949,2.3,1264,12.9,1081,318,177,1323,951,25.9,21.9,0.7209,2005,3,18,5,15
8956,2.0,1202,7.2,864,282,159,1255,1115,13.3,60.5,0.9168,2005,3,18,5,22
8957,1.9,1236,6.8,849,251,150,1274,1131,12.1,67.6,0.9539,2005,3,18,5,23
8958,2.2,1206,6.8,849,307,163,1245,1127,11.8,68.3,0.9432,2005,3,19,6,0
8959,1.9,1192,6.4,832,282,155,1253,1167,11.6,68.3,0.9314,2005,3,19,6,1
8960,1.1,1044,2.7,630,160,119,1099,809,11.8,67.9,0.9362,2005,3,19,6,2
8961,1.0,1053,2.9,648,125,94,1109,709,12.3,65.8,0.9374,2005,3,19,6,3
8962,0.9,1023,2.2,600,106,80,1089,575,12.2,66.9,0.9496,2005,3,19,6,4
8963,0.9,1005,2.5,620,111,83,1098,572,12.1,67.3,0.948,2005,3,19,6,5
8964,0.7,959,1.9,578,115,79,1079,546,11.8,67.1,0.9274,2005,3,19,6,6
8965,1.0,1049,3.6,686,156,96,1159,795,11.9,65.6,0.9129,2005,3,19,6,7
8966,2.0,1255,10.1,983,320,141,1439,1268,12.2,65.6,0.93,2005,3,19,6,8
8967,2.7,1285,10.9,1009,380,153,1452,1366,12.8,64.4,0.9448,2005,3,19,6,9
8968,2.5,1254,9.9,973,371,156,1403,1328,13.4,62.0,0.9498,2005,3,19,6,10
8969,2.4,1253,9.7,966,343,162,1378,1251,14.5,57.0,0.9333,2005,3,19,6,11
8970,2.2,1242,8.9,935,297,164,1327,1127,15.8,51.3,0.9144,2005,3,19,6,12
8971,2.1,1212,8.5,918,281,160,1308,1066,17.5,46.0,0.9104,2005,3,19,6,13
8972,1.8,1165,6.6,839,220,140,1214,867,19.5,40.2,0.901,2005,3,19,6,14
8973,1.4,1136,5.4,781,174,119,1169,691,21.2,35.9,0.8943,2005,3,19,6,15
8974,2.1,1233,8.7,926,260,153,1293,917,21.7,35.1,0.8993,2005,3,19,6,16
8975,1.7,1177,5.8,800,222,139,1191,748,20.5,38.4,0.9161,2005,3,19,6,17
8976,1.9,1223,7.6,883,266,156,1289,968,18.2,45.9,0.9488,2005,3,19,6,18
8977,2.7,1360,12.4,1063,387,183,1483,1420,16.2,53.0,0.9722,2005,3,19,6,19
8978,3.2,1435,14.7,1140,425,185,1550,1530,15.0,57.6,0.9777,2005,3,19,6,20
8979,3.3,1305,10.5,995,484,200,1402,1341,14.1,60.8,0.9716,2005,3,19,6,21
8980,2.3,1199,7.3,869,325,163,1306,1160,13.2,65.6,0.9882,2005,3,19,6,22
8981,1.9,1217,8.5,921,257,154,1336,1261,13.5,63.8,0.9797,2005,3,19,6,23
8982,1.9,1200,6.8,847,273,151,1297,1132,13.6,63.4,0.9794,2005,3,20,7,0
8983,1.9,1150,5.9,807,276,149,1243,1042,13.6,63.5,0.9857,2005,3,20,7,1
8984,1.5,1086,4.3,726,202,131,1192,848,13.4,64.8,0.988,2005,3,20,7,2
8985,1.1,1027,3.5,684,132,94,1149,666,13.2,64.8,0.9801,2005,3,20,7,3
8986,1.5,993,2.8,640,85,66,1110,548,13.0,65.3,0.9704,2005,3,20,7,4
8987,0.8,985,2.4,610,87,69,1101,604,12.6,65.9,0.9583,2005,3,20,7,5
8988,0.6,934,1.6,552,70,57,1063,520,13.1,64.0,0.9591,2005,3,20,7,6
8989,0.7,977,2.7,631,113,78,1120,659,12.4,66.2,0.95,2005,3,20,7,7
8990,0.7,970,2.5,618,112,84,1095,611,13.3,62.4,0.946,2005,3,20,7,8
8991,1.0,1041,3.9,706,140,97,1178,756,14.0,59.7,0.9491,2005,3,20,7,9
8992,1.5,1144,6.2,821,214,123,1262,988,15.4,54.0,0.9385,2005,3,20,7,10
8993,2.4,1209,8.8,933,334,166,1329,1058,17.0,47.5,0.9146,2005,3,20,7,11
8994,1.6,1083,4.3,727,203,130,1135,636,18.6,42.6,0.904,2005,3,20,7,12
8995,1.2,1063,3.4,678,163,109,1107,522,21.5,35.0,0.8886,2005,3,20,7,13
8996,0.9,988,2.2,600,110,82,1033,415,21.3,35.6,0.8924,2005,3,20,7,14
8997,0.9,1060,3.6,686,107,73,1110,445,23.1,32.1,0.8973,2005,3,20,7,15
8998,1.1,1087,4.1,717,135,91,1112,515,22.1,34.5,0.9035,2005,3,20,7,16
8999,1.4,1153,5.7,798,187,109,1184,678,21.5,35.7,0.905,2005,3,20,7,17
9000,1.7,1167,6.6,838,240,128,1227,825,19.3,41.6,0.923,2005,3,20,7,18
9001,2.9,1370,12.7,1072,398,155,1428,1233,17.3,47.8,0.9363,2005,3,20,7,19
9002,4.0,1403,14.8,1142,585,176,1518,1419,16.0,54.9,0.9934,2005,3,20,7,20
9003,4.0,1364,12.3,1061,590,179,1436,1397,15.6,58.0,1.0197,2005,3,20,7,21
9004,1.9,1111,6.3,825,295,124,1238,975,14.8,61.3,1.025,2005,3,20,7,22
9005,1.5,1091,5.3,777,209,105,1217,891,13.8,63.4,0.9916,2005,3,20,7,23
9006,1.5,1107,5.3,777,183,99,1221,945,13.1,66.1,0.9913,2005,3,21,1,0
9007,1.6,1095,4.7,746,177,104,1217,916,13.3,66.4,1.0128,2005,3,21,1,1
9008,1.1,1027,3.3,673,126,95,1160,770,13.3,67.0,1.0207,2005,3,21,1,2
9009,0.8,996,2.7,631,100,81,1153,697,13.1,68.6,1.0288,2005,3,21,1,3
9010,0.7,955,2.0,582,83,68,1118,611,12.2,72.4,1.0224,2005,3,21,1,4
9011,0.6,947,1.6,553,84,69,1110,693,11.6,73.8,1.0054,2005,3,21,1,5
9012,0.7,1003,3.0,650,113,73,1158,750,12.9,67.5,0.999,2005,3,21,1,6
9013,1.3,1120,6.1,815,270,113,1291,1053,12.8,68.0,1.0023,2005,3,21,1,7
9014,3.2,1476,17.3,1219,487,141,1673,1561,13.5,63.9,0.9875,2005,3,21,1,8
9015,6.1,1653,31.0,1573,723,174,2147,1920,14.7,59.8,0.9928,2005,3,21,1,9
9016,4.3,1403,15.4,1161,614,178,1576,1583,15.9,56.6,1.0147,2005,3,21,1,10
9017,2.6,1241,10.9,1011,395,163,1428,1274,18.3,49.4,1.0264,2005,3,21,1,11
9018,2.0,1176,8.4,914,310,143,1347,1083,19.8,44.2,1.0091,2005,3,21,1,12
9019,1.8,1160,7.1,862,259,127,1320,924,21.6,39.6,1.009,2005,3,21,1,13
9020,2.1,1224,10.0,977,251,131,1424,1002,23.3,35.8,1.0086,2005,3,21,1,14
9021,2.1,1175,8.2,906,261,135,1332,905,23.8,33.4,0.9699,2005,3,21,1,15
9022,2.0,1235,9.2,947,241,131,1362,923,22.8,35.3,0.9693,2005,3,21,1,16
9023,2.6,1288,12.4,1064,317,153,1446,1123,22.8,34.9,0.9576,2005,3,21,1,17
9024,4.5,1512,23.3,1386,505,198,1831,1602,20.9,39.3,0.9615,2005,3,21,1,18
9027,3.8,1315,14.3,1126,433,183,1537,1474,15.3,61.0,1.054,2005,3,21,1,21
9028,2.1,1155,8.2,909,252,144,1331,1244,14.2,65.4,1.0497,2005,3,21,1,22
9029,1.2,1033,4.9,759,154,117,1185,937,13.8,65.2,1.0275,2005,3,21,1,23
9030,1.3,1078,5.9,808,152,106,1221,891,13.3,65.6,0.9969,2005,3,22,2,0
9031,1.5,1069,5.7,799,181,121,1211,1044,12.6,67.9,0.9886,2005,3,22,2,1
9032,0.9,952,2.9,648,109,87,1107,792,12.8,64.5,0.9493,2005,3,22,2,2
9033,0.7,910,1.8,570,73,62,1060,670,12.8,63.6,0.936,2005,3,22,2,3
9034,0.5,878,1.2,517,83,70,1046,689,12.0,65.2,0.9103,2005,3,22,2,4
9035,0.6,899,1.6,556,90,66,1064,717,10.6,70.8,0.9033,2005,3,22,2,5
9036,0.7,939,2.5,620,151,88,1095,813,10.9,69.2,0.9033,2005,3,22,2,6
9037,0.9,1001,3.8,701,191,93,1130,891,10.3,70.9,0.8907,2005,3,22,2,7
9038,2.2,1303,13.5,1102,403,116,1488,1323,11.8,66.3,0.9174,2005,3,22,2,8
9039,4.7,1557,27.8,1499,555,151,1945,1817,14.1,58.9,0.9447,2005,3,22,2,9
9040,4.5,1402,18.8,1263,551,169,1640,1723,16.5,51.6,0.9601,2005,3,22,2,10
9041,3.1,1380,15.7,1170,473,166,1566,1656,20.2,42.1,0.984,2005,3,22,2,11
9042,2.8,1350,15.6,1168,388,160,1564,1539,21.7,39.0,0.9979,2005,3,22,2,12
9043,2.4,1283,12.3,1061,296,145,1434,1294,23.5,35.0,0.9977,2005,3,22,2,13
9044,2.5,1293,12.4,1064,283,131,1446,1229,23.5,34.2,0.9748,2005,3,22,2,14
9045,2.0,1197,9.1,943,256,130,1294,951,25.5,28.3,0.9124,2005,3,22,2,15
9046,1.7,1142,8.6,924,234,122,1236,819,25.5,24.7,0.7928,2005,3,22,2,16
9047,1.7,1147,8.4,914,215,113,1233,801,22.9,29.2,0.8055,2005,3,22,2,17
9048,3.3,1448,20.9,1322,454,156,1655,1492,21.3,32.9,0.8209,2005,3,22,2,18
9049,4.5,1487,21.9,1350,605,198,1698,1692,20.1,42.4,0.988,2005,3,22,2,19
9050,5.8,1476,20.4,1308,529,175,1674,1654,18.6,46.6,0.9858,2005,3,22,2,20
9051,4.3,1282,11.0,1013,354,141,1384,1287,17.4,50.6,0.9989,2005,3,22,2,21
9052,3.0,1147,6.8,848,195,101,1289,938,16.4,57.2,1.0574,2005,3,22,2,22
9053,2.8,1130,6.3,828,161,102,1283,973,16.3,59.4,1.0895,2005,3,22,2,23
9054,2.7,1154,6.2,822,187,119,1285,1087,16.0,60.2,1.0844,2005,3,23,3,0
9055,2.4,1049,3.5,683,156,110,1190,796,15.6,61.6,1.0859,2005,3,23,3,1
9056,2.2,1056,3.3,672,116,87,1184,830,15.4,62.0,1.0793,2005,3,23,3,2
9057,2.0,1011,2.5,622,83,66,1158,703,15.2,63.5,1.0881,2005,3,23,3,3
9058,1.5,993,2.3,604,85,65,1160,762,14.5,66.4,1.0919,2005,3,23,3,4
9059,0.5,976,1.8,568,78,63,1143,705,15.0,64.8,1.1007,2005,3,23,3,5
9060,0.7,1050,3.6,690,127,71,1223,867,14.2,68.3,1.0988,2005,3,23,3,6
9061,1.2,1143,6.1,818,279,103,1316,1122,14.0,68.6,1.0918,2005,3,23,3,7
9062,3.9,1606,22.3,1360,649,144,1895,1771,15.4,63.4,1.1045,2005,3,23,3,8
9063,4.9,1592,27.0,1478,593,158,1975,1874,17.8,53.3,1.0736,2005,3,23,3,9
9064,4.6,1510,19.5,1282,584,169,1726,1812,19.4,47.5,1.061,2005,3,23,3,10
9065,3.4,1421,15.8,1172,563,184,1513,1726,21.4,38.7,0.9724,2005,3,23,3,11
9066,2.0,1169,10.3,987,337,143,1285,1184,22.9,29.3,0.8077,2005,3,23,3,12
9067,1.9,1187,11.0,1014,272,133,1315,1131,24.2,26.5,0.7869,2005,3,23,3,13
9068,2.4,1171,11.9,1045,322,141,1291,1149,24.5,23.1,0.6968,2005,3,23,3,14
9069,2.4,1175,11.7,1040,362,153,1268,1185,23.1,22.8,0.6346,2005,3,23,3,15
9070,2.2,1216,12.0,1050,361,149,1311,1244,23.3,23.8,0.6738,2005,3,23,3,16
9071,2.5,1239,12.3,1062,431,159,1299,1380,23.2,23.3,0.6562,2005,3,23,3,17
9072,3.9,1463,23.2,1383,545,181,1636,1727,22.7,25.5,0.6944,2005,3,23,3,18
9075,3.9,1445,18.8,1263,551,194,1500,1844,18.8,37.3,0.8031,2005,3,23,3,21
9076,2.4,1293,12.1,1052,393,172,1332,1593,17.7,39.7,0.799,2005,3,23,3,22
9077,2.3,1354,13.0,1084,369,158,1380,1651,16.7,45.2,0.8506,2005,3,23,3,23
9078,1.9,1251,9.9,973,314,144,1277,1482,15.9,47.0,0.8434,2005,3,24,4,0
9079,1.7,1222,8.1,902,294,133,1256,1384,15.1,50.2,0.8543,2005,3,24,4,1
9080,0.9,1044,3.8,702,165,109,1099,1101,15.3,49.2,0.8493,2005,3,24,4,2
9081,0.7,1006,3.1,659,143,94,1082,999,13.1,56.1,0.8416,2005,3,24,4,3
9082,0.5,953,2.0,583,93,73,1043,895,13.3,54.4,0.8287,2005,3,24,4,4
9083,0.4,959,2.2,598,111,76,1045,904,12.4,58.3,0.8364,2005,3,24,4,5
9084,0.4,949,2.3,607,105,74,1043,851,12.9,56.0,0.8292,2005,3,24,4,6
9085,0.7,1073,4.9,760,173,73,1128,1052,11.9,59.6,0.8294,2005,3,24,4,7
9086,3.1,1499,19.8,1291,541,107,1653,1609,13.4,55.1,0.8444,2005,3,24,4,8
9087,3.4,1404,15.0,1149,581,115,1523,1614,16.1,46.4,0.8436,2005,3,24,4,9
9088,3.5,1465,18.1,1241,591,132,1572,1774,17.9,42.2,0.8557,2005,3,24,4,10
9089,3.2,1474,15.3,1158,653,155,1476,1802,18.2,43.2,0.8926,2005,3,24,4,11
9090,3.2,1611,17.8,1233,690,140,1687,1741,16.0,67.9,1.2217,2005,3,24,4,12
9091,3.3,1590,17.3,1219,602,147,1677,1830,17.6,59.7,1.188,2005,3,24,4,13
9092,3.0,1422,14.1,1120,489,161,1525,1696,20.9,43.4,1.0618,2005,3,24,4,14
9093,2.0,1273,10.3,988,288,123,1387,1257,24.1,33.3,0.9881,2005,3,24,4,15
9094,2.3,1296,11.0,1014,323,142,1401,1305,22.9,35.2,0.9694,2005,3,24,4,16
9095,2.2,1247,10.3,989,301,143,1383,1183,22.2,36.2,0.956,2005,3,24,4,17
9096,2.7,1359,14.6,1135,335,153,1500,1347,21.3,37.8,0.9462,2005,3,24,4,18
9097,5.9,1726,30.8,1570,659,200,2021,1947,20.1,43.2,1.0051,2005,3,24,4,19
9100,4.0,1549,17.8,1233,590,175,1648,1804,17.4,57.3,1.1288,2005,3,24,4,22
9101,2.7,1385,11.9,1045,449,159,1462,1572,17.0,56.6,1.0902,2005,3,24,4,23
9102,2.0,1320,9.3,950,316,135,1428,1426,16.2,66.3,1.208,2005,3,25,5,0
9103,1.5,1205,6.3,828,239,128,1344,1170,15.3,73.3,1.2655,2005,3,25,5,1
9104,1.0,1099,4.0,709,165,109,1263,1000,15.2,73.3,1.2556,2005,3,25,5,2
9105,1.0,1106,4.1,715,152,101,1279,949,13.9,80.4,1.2694,2005,3,25,5,3
9106,0.9,1099,4.1,718,144,96,1300,905,13.6,82.8,1.2817,2005,3,25,5,4
9107,0.8,1042,3.3,671,126,87,1255,845,13.7,82.0,1.277,2005,3,25,5,5
9108,0.6,980,2.5,621,132,81,1190,692,13.7,78.0,1.2174,2005,3,25,5,6
9109,1.0,1138,5.4,782,228,100,1321,926,14.1,75.5,1.2065,2005,3,25,5,7
9110,3.2,1517,17.4,1222,580,146,1750,1470,14.8,73.6,1.2331,2005,3,25,5,8
9111,4.3,1537,22.9,1374,564,158,1941,1660,16.0,67.8,1.2276,2005,3,25,5,9
9112,2.7,1296,11.1,1017,369,136,1494,1360,18.4,59.2,1.2398,2005,3,25,5,10
9113,1.6,1255,9.5,958,260,117,1420,1215,20.4,50.5,1.1954,2005,3,25,5,11
9114,1.4,1367,13.6,1105,371,140,1578,1391,21.3,46.6,1.1628,2005,3,25,5,12
9115,2.3,1473,17.0,1210,513,169,1686,1521,20.4,49.8,1.1765,2005,3,25,5,13
9116,2.1,1422,15.8,1175,471,163,1647,1483,21.1,47.8,1.1813,2005,3,25,5,14
9117,1.4,1378,14.3,1125,378,144,1601,1380,21.5,47.8,1.206,2005,3,25,5,15
9118,3.4,1446,17.5,1224,445,153,1706,1450,21.7,47.4,1.2184,2005,3,25,5,16
9119,3.8,1473,17.8,1235,483,164,1702,1519,21.0,49.8,1.2208,2005,3,25,5,17
9120,4.9,1619,24.3,1411,530,174,1908,1684,20.4,51.9,1.2261,2005,3,25,5,18
9121,5.7,1673,27.2,1484,649,196,2008,1812,19.4,56.3,1.25,2005,3,25,5,19
9122,5.5,1605,23.7,1397,604,189,1891,1710,18.8,58.3,1.2514,2005,3,25,5,20
9123,3.9,1460,16.7,1201,486,155,1685,1591,18.2,61.0,1.2634,2005,3,25,5,21
9124,3.1,1407,14.0,1117,402,137,1596,1521,17.7,63.3,1.2729,2005,3,25,5,22
9125,2.0,1286,10.1,982,268,117,1458,1353,17.7,63.5,1.27,2005,3,25,5,23
9126,2.5,1372,12.1,1054,350,128,1534,1463,17.1,66.9,1.2926,2005,3,26,6,0
9127,2.2,1312,10.5,995,312,124,1488,1447,16.8,69.0,1.3135,2005,3,26,6,1
9128,1.5,1205,7.2,867,243,108,1361,1294,16.6,70.0,1.3078,2005,3,26,6,2
9129,1.2,1167,6.4,829,202,89,1360,1172,16.1,71.3,1.2955,2005,3,26,6,3
9130,1.5,1122,6.0,811,181,92,1336,1122,16.2,71.2,1.3013,2005,3,26,6,4
9131,0.8,1126,5.3,779,139,84,1309,1103,16.3,69.8,1.2853,2005,3,26,6,5
9132,0.1,1121,4.9,757,156,83,1293,1113,16.1,70.0,1.2739,2005,3,26,6,6
9133,1.1,1135,5.7,797,175,80,1325,1109,16.1,69.5,1.2623,2005,3,26,6,7
9134,1.7,1248,9.0,939,281,93,1458,1229,16.5,68.1,1.2653,2005,3,26,6,8
9135,2.1,1325,10.9,1010,322,106,1522,1404,17.4,65.0,1.2775,2005,3,26,6,9
9136,2.3,1347,10.6,1000,369,115,1490,1450,18.4,60.2,1.2623,2005,3,26,6,10
9137,2.1,1317,9.3,952,366,124,1443,1393,19.1,57.5,1.2569,2005,3,26,6,11
9138,1.9,1243,8.3,912,301,113,1406,1227,21.2,48.4,1.2028,2005,3,26,6,12
9139,1.7,1169,6.6,841,232,104,1361,1040,22.3,43.9,1.1695,2005,3,26,6,13
9140,1.3,1085,5.1,769,156,85,1264,820,23.7,39.4,1.1366,2005,3,26,6,14
9141,1.3,1177,7.9,896,169,94,1374,1011,23.1,41.2,1.1523,2005,3,26,6,15
9142,1.6,1207,7.7,888,203,99,1382,1042,25.7,35.7,1.1626,2005,3,26,6,16
9143,2.2,1269,10.7,1005,260,112,1463,1136,24.3,38.4,1.1503,2005,3,26,6,17
9144,2.3,1205,10.5,996,289,122,1456,1101,21.9,45.1,1.1687,2005,3,26,6,18
9145,2.2,1218,10.9,1009,273,119,1486,1108,19.7,51.8,1.1779,2005,3,26,6,19
9146,2.0,1183,8.4,914,263,119,1387,1078,18.7,54.5,1.1644,2005,3,26,6,20
9147,2.3,1242,10.0,978,295,127,1449,1210,17.8,58.1,1.1742,2005,3,26,6,21
9148,2.2,1263,10.3,990,303,126,1465,1270,17.3,60.8,1.1885,2005,3,26,6,22
9149,1.6,1139,7.2,865,209,111,1362,1119,16.5,63.8,1.1873,2005,3,26,6,23
9150,1.6,1166,6.4,829,200,102,1338,1133,16.3,65.2,1.1982,2005,3,27,7,0
9151,1.3,1079,4.3,727,174,93,1275,1010,16.5,63.8,1.1896,2005,3,27,7,1
9152,1.0,1008,3.3,669,115,78,1241,894,16.6,63.0,1.1784,2005,3,27,7,2
9153,1.0,1034,3.9,707,122,74,1267,930,16.2,64.3,1.1729,2005,3,27,7,3
9154,1.0,1001,3.4,675,105,68,1260,861,15.9,65.1,1.1654,2005,3,27,7,4
9155,0.8,977,2.3,605,102,68,1212,841,15.8,65.4,1.1629,2005,3,27,7,5
9156,0.7,986,2.3,602,96,61,1211,851,15.8,65.9,1.1792,2005,3,27,7,6
9157,1.1,1082,4.2,720,144,76,1297,960,15.6,67.7,1.1911,2005,3,27,7,7
9158,1.1,1068,3.6,688,152,78,1289,926,15.2,71.5,1.2228,2005,3,27,7,8
9159,1.1,1136,4.4,733,156,79,1344,901,14.5,80.8,1.3224,2005,3,27,7,9
9160,1.4,1184,4.6,743,208,90,1369,915,15.2,81.4,1.393,2005,3,27,7,10
9161,1.3,1179,4.5,738,174,89,1335,956,15.9,77.3,1.3838,2005,3,27,7,11
9162,1.5,1182,5.0,761,206,97,1338,1019,17.5,67.1,1.3342,2005,3,27,7,12
9163,1.3,1082,3.8,700,160,91,1286,842,18.1,62.8,1.2916,2005,3,27,7,13
9164,0.8,996,2.5,620,91,62,1238,612,18.6,62.1,1.3224,2005,3,27,7,14
9165,0.9,1024,2.7,630,106,66,1240,544,16.2,71.9,1.3171,2005,3,27,7,15
9166,1.4,1093,3.5,682,199,104,1256,638,15.4,75.2,1.3024,2005,3,27,7,16
9167,1.8,1170,4.9,756,299,126,1341,793,14.4,80.8,1.3182,2005,3,27,7,17
9168,1.6,1153,4.4,734,272,122,1324,811,13.8,83.5,1.3154,2005,3,27,7,18
9169,1.8,1220,5.7,796,285,121,1367,896,13.9,83.6,1.3208,2005,3,27,7,19
9170,2.1,1218,6.3,825,307,126,1393,978,14.2,82.3,1.3219,2005,3,27,7,20
9171,1.9,1172,6.0,810,237,115,1376,964,14.1,81.4,1.3046,2005,3,27,7,21
9172,1.7,1182,6.0,812,244,116,1368,993,14.4,79.0,1.2917,2005,3,27,7,22
9173,1.9,1160,5.6,794,284,120,1356,966,14.6,77.7,1.2834,2005,3,27,7,23
9174,1.6,1106,4.3,728,221,111,1309,885,14.4,78.6,1.2839,2005,3,28,1,0
9175,1.2,1031,3.0,652,173,101,1256,775,14.4,78.0,1.2741,2005,3,28,1,1
9176,1.0,1015,2.8,640,144,92,1247,738,14.1,79.1,1.2665,2005,3,28,1,2
9177,1.0,1003,2.7,635,117,78,1235,711,13.7,80.6,1.2528,2005,3,28,1,3
9178,0.8,951,2.0,583,89,63,1212,624,13.9,79.6,1.2616,2005,3,28,1,4
9179,0.6,938,1.9,575,97,63,1195,585,13.8,79.0,1.2425,2005,3,28,1,5
9180,0.6,933,1.9,574,95,63,1201,646,13.9,78.0,1.2346,2005,3,28,1,6
9181,1.0,1010,3.1,656,166,84,1260,809,14.1,77.8,1.2445,2005,3,28,1,7
9182,1.0,1025,3.4,675,160,89,1257,828,15.0,73.2,1.2413,2005,3,28,1,8
9183,1.3,1086,4.9,756,176,101,1308,894,16.4,67.3,1.2451,2005,3,28,1,9
9184,1.5,1111,5.2,773,216,115,1331,915,17.8,61.7,1.2436,2005,3,28,1,10
9185,1.6,1129,5.5,788,220,111,1305,920,20.8,50.4,1.2213,2005,3,28,1,11
9186,1.4,1097,4.2,721,183,96,1266,807,21.6,46.8,1.1959,2005,3,28,1,12
9187,1.4,1029,3.3,670,154,87,1223,678,23.1,41.3,1.1506,2005,3,28,1,13
9188,1.2,1071,4.8,752,132,81,1289,668,23.6,39.4,1.132,2005,3,28,1,14
9189,1.3,1053,4.2,721,140,85,1216,617,25.1,34.0,1.068,2005,3,28,1,15
9190,1.4,1055,3.7,693,186,98,1203,598,24.7,35.6,1.0882,2005,3,28,1,16
9191,1.6,1176,6.2,822,213,109,1294,778,24.2,38.1,1.1357,2005,3,28,1,17
9192,2.8,1293,9.7,965,376,150,1399,1062,22.7,42.4,1.154,2005,3,28,1,18
9193,3.7,1307,12.4,1063,508,175,1432,1224,19.6,47.8,1.0781,2005,3,28,1,19
9194,2.9,1163,9.4,954,388,157,1369,1118,17.6,54.4,1.0839,2005,3,28,1,20
9195,1.8,1103,7.1,861,250,130,1310,964,16.2,60.6,1.1089,2005,3,28,1,21
9196,1.6,1120,6.1,817,232,120,1310,1050,15.2,65.8,1.1288,2005,3,28,1,22
9197,1.7,1107,6.0,810,229,114,1311,1016,14.5,68.9,1.1298,2005,3,28,1,23
9198,1.5,1078,5.0,766,184,100,1269,998,14.3,68.5,1.1122,2005,3,29,2,0
9199,1.0,963,2.9,646,117,83,1181,846,14.7,66.4,1.1006,2005,3,29,2,1
9200,0.8,923,2.2,596,103,72,1148,762,13.4,70.4,1.0793,2005,3,29,2,2
9201,0.5,853,1.0,502,66,51,1087,592,14.2,65.1,1.0495,2005,3,29,2,3
9202,1.5,883,1.3,530,63,46,1102,617,13.7,68.2,1.0611,2005,3,29,2,4
9203,0.5,921,1.9,575,95,58,1143,672,13.7,67.8,1.0575,2005,3,29,2,5
9204,1.0,1031,4.7,748,188,86,1245,890,12.9,71.8,1.0657,2005,3,29,2,6
9205,3.0,1371,16.0,1180,527,122,1632,1354,13.2,69.9,1.0543,2005,3,29,2,7
9206,5.1,1519,26.3,1461,623,140,2005,1648,14.4,65.8,1.0727,2005,3,29,2,8
9207,4.3,1409,18.8,1262,606,146,1709,1566,15.3,63.3,1.092,2005,3,29,2,9
9208,3.3,1303,14.4,1128,460,152,1573,1541,17.7,55.6,1.112,2005,3,29,2,10
9209,2.4,1184,10.0,978,346,147,1425,1226,19.6,49.4,1.1176,2005,3,29,2,11
9210,2.4,1202,12.1,1052,296,134,1525,1126,18.1,58.3,1.2013,2005,3,29,2,12
9211,2.5,1197,11.7,1040,321,136,1519,1147,18.0,57.9,1.1826,2005,3,29,2,13
9212,2.3,1234,12.0,1049,312,142,1516,1190,18.6,55.0,1.1696,2005,3,29,2,14
9213,2.7,1247,12.3,1059,355,153,1550,1212,18.3,57.9,1.2047,2005,3,29,2,15
9214,2.7,1234,12.3,1060,349,153,1504,1251,18.3,54.8,1.1403,2005,3,29,2,16
9215,3.3,1339,16.7,1200,385,155,1671,1404,18.3,53.9,1.1252,2005,3,29,2,17
9216,3.9,1331,15.3,1160,456,181,1598,1419,18.5,54.6,1.1515,2005,3,29,2,18
9217,2.6,1251,13.4,1097,306,151,1541,1328,17.1,61.5,1.191,2005,3,29,2,19
9218,3.2,1267,13.5,1102,402,159,1545,1378,16.4,62.5,1.1531,2005,3,29,2,20
9219,2.3,1145,9.0,938,340,151,1376,1159,15.2,64.2,1.0983,2005,3,29,2,21
9220,1.4,1010,4.8,752,206,127,1218,932,14.6,67.3,1.1102,2005,3,29,2,22
9221,1.1,1025,5.0,761,158,107,1237,942,13.5,70.8,1.0928,2005,3,29,2,23
9222,1.2,1024,4.9,759,178,101,1224,944,13.0,71.9,1.0697,2005,3,30,3,0
9223,0.9,938,3.4,679,118,80,1144,798,13.0,70.2,1.0457,2005,3,30,3,1
9224,0.7,905,2.4,615,95,68,1104,776,11.6,74.9,1.0224,2005,3,30,3,2
9225,0.5,826,1.1,512,84,61,1043,636,12.5,67.4,0.9722,2005,3,30,3,3
9226,0.4,879,1.4,539,82,56,1073,678,11.5,71.5,0.9684,2005,3,30,3,4
9227,0.5,901,2.1,589,122,70,1109,754,10.2,77.9,0.9692,2005,3,30,3,5
9228,0.8,948,3.8,702,146,78,1164,818,11.0,73.1,0.9554,2005,3,30,3,6
9229,2.3,1250,12.6,1069,397,106,1457,1202,10.7,73.6,0.9439,2005,3,30,3,7
9230,2.9,1263,14.7,1138,371,117,1533,1296,12.1,67.3,0.9499,2005,3,30,3,8
9231,3.1,1319,15.5,1164,454,144,1543,1418,15.1,58.6,0.9982,2005,3,30,3,9
9232,2.7,1202,12.1,1055,433,158,1458,1293,18.6,49.5,1.052,2005,3,30,3,10
9233,1.8,1109,7.9,896,287,137,1308,1027,20.9,42.5,1.037,2005,3,30,3,11
9234,1.9,1136,9.6,962,265,130,1350,1052,23.6,34.8,0.9986,2005,3,30,3,12
9235,1.8,1082,8.3,910,225,125,1301,875,25.6,28.5,0.9199,2005,3,30,3,13
9236,1.8,1070,9.2,947,210,124,1292,815,26.1,26.3,0.875,2005,3,30,3,14
9237,1.8,1070,8.4,917,215,125,1252,760,26.6,24.9,0.8525,2005,3,30,3,15
9238,1.7,1123,9.2,945,227,135,1303,856,25.1,28.5,0.8932,2005,3,30,3,16
9239,3.2,1271,16.1,1183,403,179,1498,1258,24.1,32.1,0.9504,2005,3,30,3,17
9240,3.4,1304,17.1,1212,444,183,1585,1383,21.5,39.1,0.9914,2005,3,30,3,18
9241,4.2,1360,19.9,1295,475,193,1639,1518,19.3,46.2,1.023,2005,3,30,3,19
9242,3.5,1278,14.9,1147,438,185,1536,1890,18.2,52.6,1.0911,2005,3,30,3,20
9243,2.0,1130,8.8,933,254,147,1373,1389,16.8,58.2,1.1022,2005,3,30,3,21
9244,1.4,1066,5.8,802,172,117,1282,1090,16.0,61.9,1.115,2005,3,30,3,22
9245,1.5,1090,6.6,841,174,112,1317,1092,15.3,65.4,1.126,2005,3,30,3,23
9246,1.2,1013,4.8,754,146,101,1245,954,14.5,67.8,1.1171,2005,3,31,4,0
9247,1.1,998,4.1,718,134,93,1230,951,14.2,68.6,1.1068,2005,3,31,4,1
9248,0.7,923,2.5,616,83,64,1169,790,13.9,68.7,1.0892,2005,3,31,4,2
9249,0.6,904,1.7,565,81,61,1144,752,13.1,72.5,1.0911,2005,3,31,4,3
9250,0.5,884,1.6,556,73,54,1135,708,12.9,72.7,1.076,2005,3,31,4,4
9251,0.6,936,2.6,628,104,64,1173,782,12.3,74.2,1.0583,2005,3,31,4,5
9252,0.9,1068,6.1,816,191,80,1264,1011,12.6,71.5,1.038,2005,3,31,4,6
9253,4.0,1531,23.6,1394,673,133,1860,1683,12.7,69.6,1.0206,2005,3,31,4,7
9254,4.1,1184,10.9,1012,547,170,1397,1341,16.8,51.6,0.9818,2005,3,31,4,8
9255,1.9,1064,6.8,848,275,139,1212,1014,20.3,40.1,0.9439,2005,3,31,4,9
9256,1.3,996,4.9,759,200,124,1119,751,21.0,37.3,0.9139,2005,3,31,4,10
9257,1.2,984,4.2,724,185,118,1088,630,21.0,36.9,0.9089,2005,3,31,4,11
9258,1.2,980,4.3,728,164,108,1098,565,22.8,33.0,0.904,2005,3,31,4,12
9259,1.2,970,4.0,710,150,100,1094,535,24.0,30.3,0.8925,2005,3,31,4,13
9260,0.9,940,3.1,656,134,91,1052,471,22.6,33.2,0.9007,2005,3,31,4,14
9261,1.0,963,3.7,691,128,89,1075,512,22.5,32.9,0.8846,2005,3,31,4,15
9262,1.1,961,3.8,702,150,102,1070,527,21.5,33.8,0.8575,2005,3,31,4,16
9263,1.5,1067,6.5,836,171,114,1206,690,21.4,36.4,0.9172,2005,3,31,4,17
9264,2.1,1084,7.2,866,204,124,1219,778,20.0,38.9,0.8974,2005,3,31,4,18
9265,2.1,1102,8.3,912,215,136,1287,872,17.8,45.2,0.9123,2005,3,31,4,19
9266,1.5,976,4.4,731,156,118,1095,622,16.3,47.3,0.8686,2005,3,31,4,20
9267,1.0,895,2.3,607,114,93,1012,512,16.3,44.8,0.8244,2005,3,31,4,21
9268,0.8,886,1.8,568,81,72,992,438,15.6,47.1,0.8273,2005,3,31,4,22
9269,0.8,886,2.1,589,83,69,1001,443,15.1,47.6,0.8139,2005,3,31,4,23
9270,0.7,848,1.5,541,69,61,937,392,15.1,44.5,0.7569,2005,4,1,5,0
9271,0.6,818,1.0,497,53,50,885,347,14.6,43.0,0.7108,2005,4,1,5,1
9272,0.5,848,1.1,509,36,35,882,341,14.5,43.7,0.7163,2005,4,1,5,2
9273,0.5,826,0.9,488,30,29,895,322,13.6,46.7,0.7245,2005,4,1,5,3
9274,1.5,818,0.8,473,47,41,898,323,13.7,48.8,0.7606,2005,4,1,5,4
9275,0.5,868,1.4,535,88,66,944,395,13.5,50.6,0.7783,2005,4,1,5,5
9276,0.6,901,2.0,586,135,89,979,510,13.7,47.4,0.7412,2005,4,1,5,6
9277,1.5,1044,6.7,845,280,150,1158,909,13.7,45.9,0.7154,2005,4,1,5,7
9278,1.9,1030,6.3,828,313,150,1130,869,16.1,41.0,0.7435,2005,4,1,5,8
9279,1.3,965,4.3,730,205,127,1038,652,16.1,41.5,0.7559,2005,4,1,5,9
9280,1.0,948,3.5,684,180,120,1011,599,16.5,40.8,0.757,2005,4,1,5,10
9281,1.0,939,3.6,687,197,123,981,550,18.9,33.8,0.7312,2005,4,1,5,11
9282,1.1,925,4.0,713,172,115,957,518,19.2,29.5,0.648,2005,4,1,5,12
9283,1.3,924,4.5,739,184,122,966,541,19.9,26.3,0.6054,2005,4,1,5,13
9284,1.0,891,3.3,669,160,111,911,456,19.2,27.0,0.5934,2005,4,1,5,14
9285,1.1,897,3.6,687,176,119,916,467,19.4,25.3,0.5625,2005,4,1,5,15
9286,1.4,939,4.3,726,219,137,955,508,18.9,26.2,0.5667,2005,4,1,5,16
9287,1.5,943,5.1,770,222,147,959,583,19.3,24.7,0.5483,2005,4,1,5,17
9288,1.6,928,5.5,790,231,154,951,609,17.1,25.3,0.4881,2005,4,1,5,18
9289,2.2,961,7.4,874,248,160,1003,757,15.6,26.2,0.4604,2005,4,1,5,19
9290,1.4,867,3.7,694,183,134,858,539,13.8,30.6,0.479,2005,4,1,5,20
9291,0.9,823,1.9,579,144,110,778,420,13.1,31.7,0.4756,2005,4,1,5,21
9292,0.8,835,2.1,593,132,99,793,408,13.2,31.8,0.4798,2005,4,1,5,22
9293,1.1,893,3.4,675,180,127,853,560,13.6,30.8,0.4779,2005,4,1,5,23
9294,1.5,965,5.8,803,280,174,951,889,13.1,32.0,0.4817,2005,4,2,6,0
9295,1.1,838,1.9,580,167,127,791,516,12.7,33.6,0.4902,2005,4,2,6,1
9296,0.6,835,1.5,546,102,81,768,391,12.2,35.6,0.5038,2005,4,2,6,2
9297,0.5,820,1.4,536,92,70,777,374,11.9,35.6,0.4945,2005,4,2,6,3
9298,0.4,815,0.9,488,63,49,742,326,11.2,38.3,0.5099,2005,4,2,6,4
9299,0.4,842,1.4,535,59,44,805,352,11.0,40.5,0.5316,2005,4,2,6,5
9300,0.6,884,2.0,587,163,107,863,566,10.7,42.8,0.5489,2005,4,2,6,6
9301,0.9,922,3.1,658,227,141,922,706,11.1,43.3,0.572,2005,4,2,6,7
9302,0.9,903,2.5,618,183,121,899,575,14.2,36.9,0.5939,2005,4,2,6,8
9303,0.8,899,2.7,631,145,103,884,505,15.6,33.3,0.5861,2005,4,2,6,9
9304,1.0,890,2.7,634,150,102,856,471,16.3,30.0,0.5514,2005,4,2,6,10
9305,0.8,877,2.7,632,138,95,834,421,17.0,26.1,0.5036,2005,4,2,6,11
9306,0.8,867,2.4,613,134,93,817,389,19.3,22.3,0.495,2005,4,2,6,12
9307,1.0,892,2.4,614,137,95,843,408,20.5,21.9,0.5215,2005,4,2,6,13
9308,0.8,889,2.3,603,112,80,853,382,22.0,20.2,0.5274,2005,4,2,6,14
9309,0.8,900,2.5,622,112,81,861,387,21.7,20.9,0.5367,2005,4,2,6,15
9310,0.9,910,2.9,644,149,106,873,428,21.6,20.8,0.5292,2005,4,2,6,16
9311,1.1,947,3.5,682,159,113,928,488,21.0,22.3,0.5468,2005,4,2,6,17
9312,1.1,947,4.0,708,161,117,958,556,18.6,26.6,0.5631,2005,4,2,6,18
9313,1.2,936,3.5,685,171,124,942,568,15.5,33.9,0.5957,2005,4,2,6,19
9314,1.1,925,2.9,645,167,122,930,546,14.3,38.0,0.6162,2005,4,2,6,20
9315,0.8,885,1.8,567,116,87,872,428,13.5,39.4,0.6089,2005,4,2,6,21
9316,0.7,891,1.8,567,105,79,881,418,13.1,41.3,0.6184,2005,4,2,6,22
9317,0.7,904,2.1,593,125,93,894,472,13.5,37.8,0.5815,2005,4,2,6,23
9318,0.8,929,2.5,617,140,102,898,544,13.5,37.4,0.5745,2005,4,3,7,0
9319,0.8,951,2.8,642,109,86,929,666,12.7,40.8,0.5977,2005,4,3,7,1
9320,0.7,938,2.7,631,99,77,931,679,12.0,44.2,0.6177,2005,4,3,7,2
9321,0.8,921,2.8,642,120,88,948,768,10.5,48.7,0.6164,2005,4,3,7,3
9322,0.5,850,2.0,583,83,64,914,589,10.1,49.7,0.6122,2005,4,3,7,4
9323,0.3,811,1.0,494,60,46,872,470,9.6,51.0,0.6082,2005,4,3,7,5
9324,0.4,848,1.3,530,75,55,901,523,9.1,52.4,0.6074,2005,4,3,7,6
9325,0.6,882,1.7,563,127,84,936,660,8.9,52.7,0.6034,2005,4,3,7,7
9326,0.7,936,2.4,611,134,89,949,741,13.5,40.0,0.6168,2005,4,3,7,8
9327,1.2,1022,4.1,715,192,118,1004,831,17.8,30.7,0.6205,2005,4,3,7,9
9328,1.4,970,3.4,677,166,113,931,613,21.1,23.7,0.5875,2005,4,3,7,10
9329,1.3,1000,5.3,779,171,115,1001,640,24.0,19.3,0.5673,2005,4,3,7,11
9330,1.4,996,5.3,781,177,124,985,631,26.5,16.4,0.5594,2005,4,3,7,12
9331,1.0,928,3.8,701,119,86,902,456,28.7,13.7,0.5302,2005,4,3,7,13
9332,1.0,933,4.2,722,121,87,890,450,28.5,13.1,0.5002,2005,4,3,7,14
9333,1.1,956,5.4,783,142,100,896,516,30.0,11.1,0.4624,2005,4,3,7,15
9334,1.3,968,6.3,826,197,132,898,548,29.4,10.4,0.4192,2005,4,3,7,16
9335,1.4,953,6.1,817,242,156,891,603,28.9,9.9,0.3866,2005,4,3,7,17
9336,1.2,1015,4.6,743,190,138,981,597,22.8,21.7,0.5945,2005,4,3,7,18
9337,2.7,1248,11.1,1018,367,181,1289,1167,19.9,33.0,0.7608,2005,4,3,7,19
9338,2.5,1180,7.9,894,355,187,1200,1372,17.5,40.7,0.8073,2005,4,3,7,20
9339,1.5,1102,6.0,812,235,158,1178,1042,16.4,46.6,0.8642,2005,4,3,7,21
9340,1.6,1116,5.8,803,233,153,1173,1055,15.5,49.0,0.8579,2005,4,3,7,22
9341,1.2,1100,5.1,769,170,128,1147,1049,14.3,52.5,0.8497,2005,4,3,7,23
9342,0.9,1012,3.5,683,117,93,1073,816,14.2,51.4,0.8275,2005,4,4,1,0
9343,0.6,944,1.9,579,70,58,1002,598,13.8,51.2,0.8058,2005,4,4,1,1
9344,0.5,912,1.5,544,69,55,1002,573,12.1,56.3,0.7927,2005,4,4,1,2
9345,0.4,887,1.1,508,62,51,974,549,11.3,58.9,0.7888,2005,4,4,1,3
9346,1.5,864,0.8,478,52,43,958,489,11.8,56.0,0.7743,2005,4,4,1,4
9347,0.5,888,1.3,528,77,53,987,578,10.4,59.9,0.755,2005,4,4,1,5
9348,1.1,1031,4.4,730,182,93,1129,905,9.5,63.1,0.7531,2005,4,4,1,6
9349,4.0,1384,17.4,1221,594,155,1600,1457,9.7,61.9,0.7446,2005,4,4,1,7
9350,5.0,1446,22.4,1362,586,174,1777,1705,13.5,48.9,0.7553,2005,4,4,1,8
9351,3.9,1297,13.6,1102,523,187,1375,1583,18.2,36.3,0.7487,2005,4,4,1,9
9352,3.1,1314,13.5,1101,472,190,1374,1729,21.9,29.3,0.7568,2005,4,4,1,10
9353,2.4,1163,11.4,1027,353,179,1264,1269,24.3,23.7,0.7119,2005,4,4,1,11
9354,2.4,1142,12.4,1063,293,175,1241,1092,26.9,18.3,0.6406,2005,4,4,1,12
9355,2.1,1003,9.5,961,235,156,1041,770,28.3,13.5,0.5139,2005,4,4,1,13
9356,2.2,1071,11.9,1047,265,168,1129,816,28.5,13.1,0.5028,2005,4,4,1,14
